station_name,time_slot,time_order,boarding_average,alighting_average,morning_boarding,morning_alighting,evening_boarding,evening_alighting,commute_pattern,station_total_average,boarding_share,alighting_share
가락시장,06시이전,0,263.15983606557376,137.2172131147541,0.0,0.0,0.0,0.0,혼합형,40435.43032786885,0.006508149757075766,0.0033934896204178993
가락시장,06-07시간대,1,584.0532786885246,534.8852459016393,0.0,0.0,0.0,0.0,혼합형,40435.43032786885,0.014444097019686823,0.013228132891490127
가락시장,07-08시간대,2,1520.3524590163934,1183.5696721311476,1520.3524590163934,1183.5696721311476,0.0,0.0,혼합형,40435.43032786885,0.0375995122764537,0.029270609031095417
가락시장,08-09시간대,3,1603.799180327869,3106.5081967213114,1603.799180327869,3106.5081967213114,0.0,0.0,혼합형,40435.43032786885,0.03966321533673652,0.0768263913981459
가락시장,09-10시간대,4,1098.3647540983607,1311.3237704918033,1098.3647540983607,1311.3237704918033,0.0,0.0,혼합형,40435.43032786885,0.027163424382832577,0.032430068379611494
가락시장,10-11시간대,5,938.5081967213115,845.4713114754098,0.0,0.0,0.0,0.0,혼합형,40435.43032786885,0.023210045969869995,0.02090917061151431
가락시장,11-12시간대,6,891.827868852459,829.938524590164,0.0,0.0,0.0,0.0,혼합형,40435.43032786885,0.022055604741216137,0.020525032573182604
가락시장,12-13시간대,7,900.2090163934427,844.5532786885246,0.0,0.0,0.0,0.0,혼합형,40435.43032786885,0.022262877112822557,0.020886466938536394
가락시장,13-14시간대,8,922.0450819672132,881.8196721311475,0.0,0.0,0.0,0.0,혼합형,40435.43032786885,0.022802900191511564,0.021808094163483675
가락시장,14-15시간대,9,975.8032786885246,907.4713114754098,0.0,0.0,0.0,0.0,혼합형,40435.43032786885,0.02413238268459784,0.022442479382987143
가락시장,15-16시간대,10,1130.233606557377,1017.311475409836,0.0,0.0,0.0,0.0,혼합형,40435.43032786885,0.027951566173351663,0.025158913041385043
가락시장,16-17시간대,11,1257.622950819672,1139.7540983606557,0.0,0.0,0.0,0.0,혼합형,40435.43032786885,0.031102004866086334,0.028187015424814606
가락시장,17-18시간대,12,1726.9262295081967,1514.155737704918,0.0,0.0,1726.9262295081967,1514.155737704918,혼합형,40435.43032786885,0.04270824411921658,0.03744626248385277
가락시장,18-19시간대,13,2436.2909836065573,2093.159836065574,0.0,0.0,2436.2909836065573,2093.159836065574,혼합형,40435.43032786885,0.06025139250038895,0.05176548930216106
가락시장,19-20시간대,14,1023.766393442623,1400.877049180328,0.0,0.0,1023.766393442623,1400.877049180328,혼합형,40435.43032786885,0.02531854824201102,0.03464479140747063
가락시장,20-21시간대,15,835.3401639344262,881.9918032786885,0.0,0.0,0.0,0.0,혼합형,40435.43032786885,0.020658619363293735,0.021812351102167036
가락시장,21-22시간대,16,800.0204918032787,729.8524590163935,0.0,0.0,0.0,0.0,혼합형,40435.43032786885,0.019785136087741587,0.01804982544017506
가락시장,22-23시간대,17,599.5737704918033,668.110655737705,0.0,0.0,0.0,0.0,혼합형,40435.43032786885,0.014827930990969716,0.016522902076727266
가락시장,23-24시간대,18,282.2090163934426,336.5655737704918,0.0,0.0,0.0,0.0,혼합형,40435.43032786885,0.006979250971367526,0.008323531394162623
가락시장,24시이후,19,79.0,201.78688524590163,0.0,0.0,0.0,0.0,혼합형,40435.43032786885,0.0019537321442960314,0.004990348405092312
가산디지털단지,06시이전,0,267.24590163934425,231.62704918032787,0.0,0.0,0.0,0.0,업무 유입형,101705.87704918033,0.0026276347974475093,0.0022774204982109695
가산디지털단지,06-07시간대,1,428.3606557377049,1259.3524590163934,0.0,0.0,0.0,0.0,업무 유입형,101705.87704918033,0.004211759125095291,0.012382297813600564
가산디지털단지,07-08시간대,2,1058.155737704918,6589.9098360655735,1058.155737704918,6589.9098360655735,0.0,0.0,업무 유입형,101705.87704918033,0.010404076621779114,0.06479379586765663
가산디지털단지,08-09시간대,3,1220.4795081967213,17889.110655737706,1220.4795081967213,17889.110655737706,0.0,0.0,업무 유입형,101705.87704918033,0.012000088329276714,0.17589062869088035
가산디지털단지,09-10시간대,4,781.7540983606557,10162.307377049181,781.7540983606557,10162.307377049181,0.0,0.0,업무 유입형,101705.87704918033,0.007686420107096024,0.09991858555169975
가산디지털단지,10-11시간대,5,715.4262295081967,2420.2295081967213,0.0,0.0,0.0,0.0,업무 유입형,101705.87704918033,0.007034266359674074,0.02379635846438263
가산디지털단지,11-12시간대,6,889.7090163934427,1323.295081967213,0.0,0.0,0.0,0.0,업무 유입형,101705.87704918033,0.008747862387177684,0.013010999170945921
가산디지털단지,12-13시간대,7,1203.6967213114754,1229.2704918032787,0.0,0.0,0.0,0.0,업무 유입형,101705.87704918033,0.01183507537848007,0.012086523684455909
가산디지털단지,13-14시간대,8,1353.7704918032787,1222.6024590163934,0.0,0.0,0.0,0.0,업무 유입형,101705.87704918033,0.01331064173556713,0.012020961762368939
가산디지털단지,14-15시간대,9,1573.8483606557377,1016.9631147540983,0.0,0.0,0.0,0.0,업무 유입형,101705.87704918033,0.015474507534060163,0.009999059486624762
가산디지털단지,15-16시간대,10,2095.8647540983607,929.6434426229508,0.0,0.0,0.0,0.0,업무 유입형,101705.87704918033,0.0206071154873862,0.009140508588047646
가산디지털단지,16-17시간대,11,3295.905737704918,952.2540983606557,0.0,0.0,0.0,0.0,업무 유입형,101705.87704918033,0.032406246652896646,0.009362822739340707
가산디지털단지,17-18시간대,12,9779.627049180328,1135.061475409836,0.0,0.0,9779.627049180328,1135.061475409836,업무 유입형,101705.87704918033,0.09615596790391322,0.011160234868836261
가산디지털단지,18-19시간대,13,13949.54918032787,1500.2704918032787,0.0,0.0,13949.54918032787,1500.2704918032787,업무 유입형,101705.87704918033,0.13715578278315718,0.014751069803742179
가산디지털단지,19-20시간대,14,5321.799180327869,1048.77868852459,0.0,0.0,5321.799180327869,1048.77868852459,업무 유입형,101705.87704918033,0.05232538506849992,0.010311878909587973
가산디지털단지,20-21시간대,15,2935.4877049180327,620.0532786885246,0.0,0.0,0.0,0.0,업무 유입형,101705.87704918033,0.028862517979158318,0.006096533422436297
가산디지털단지,21-22시간대,16,2129.9631147540986,496.6311475409836,0.0,0.0,0.0,0.0,업무 유입형,101705.87704918033,0.020942379895353986,0.004883013272682713
가산디지털단지,22-23시간대,17,1200.8319672131147,454.87704918032784,0.0,0.0,0.0,0.0,업무 유입형,101705.87704918033,0.01180690833266643,0.0044724755577336996
가산디지털단지,23-24시간대,18,506.14344262295083,299.40983606557376,0.0,0.0,0.0,0.0,업무 유입형,101705.87704918033,0.004976540759568918,0.002943879397655583
가산디지털단지,24시이후,19,81.8811475409836,134.7295081967213,0.0,0.0,0.0,0.0,업무 유입형,101705.87704918033,0.0008050778373543705,0.0013246973735015553
강남,06시이전,0,256.26229508196724,491.26229508196724,0.0,0.0,0.0,0.0,업무 유입형,180656.69672131148,0.0014185042665608354,0.002719314058087804
강남,06-07시간대,1,655.7827868852459,2349.7295081967213,0.0,0.0,0.0,0.0,업무 유입형,180656.69672131148,0.0036299943416815794,0.013006600645541037
강남,07-08시간대,2,1781.2704918032787,7167.5901639344265,1781.2704918032787,7167.5901639344265,0.0,0.0,업무 유입형,180656.69672131148,0.00985997488125857,0.0396751977314821
강남,08-09시간대,3,2730.77868852459,14492.774590163934,2730.77868852459,14492.774590163934,0.0,0.0,업무 유입형,180656.69672131148,0.015115845346918982,0.08022273656714253
강남,09-10시간대,4,2126.2745901639346,14074.27049180328,2126.2745901639346,14074.27049180328,0.0,0.0,업무 유입형,180656.69672131148,0.011769697048341441,0.07790616538015656
강남,10-11시간대,5,2019.889344262295,6153.80737704918,0.0,0.0,0.0,0.0,업무 유입형,180656.69672131148,0.011180816326882474,0.034063544218027514
강남,11-12시간대,6,2573.0163934426228,3757.598360655738,0.0,0.0,0.0,0.0,업무 유입형,180656.69672131148,0.014242574120636472,0.020799662724113488
강남,12-13시간대,7,3106.848360655738,3351.1639344262294,0.0,0.0,0.0,0.0,업무 유입형,180656.69672131148,0.017197526673746785,0.018549901527292252
강남,13-14시간대,8,3678.311475409836,3928.5122950819673,0.0,0.0,0.0,0.0,업무 유입형,180656.69672131148,0.02036078120637926,0.021745733019475348
강남,14-15시간대,9,4077.467213114754,3576.340163934426,0.0,0.0,0.0,0.0,업무 유입형,180656.69672131148,0.022570252235956823,0.01979633320458326
강남,15-16시간대,10,5053.040983606557,3463.745901639344,0.0,0.0,0.0,0.0,업무 유입형,180656.69672131148,0.027970405057287127,0.019173083337080288
강남,16-17시간대,11,6168.86475409836,3798.3565573770493,0.0,0.0,0.0,0.0,업무 유입형,180656.69672131148,0.03414689223292235,0.02102527404913504
강남,17-18시간대,12,10388.733606557376,5246.504098360656,0.0,0.0,10388.733606557376,5246.504098360656,업무 유입형,180656.69672131148,0.05750538892329836,0.02904129320184643
강남,18-19시간대,13,13938.77049180328,7269.676229508197,0.0,0.0,13938.77049180328,7269.676229508197,업무 유입형,180656.69672131148,0.07715612398972292,0.04024028093861752
강남,19-20시간대,14,9187.668032786885,4097.627049180328,0.0,0.0,9187.668032786885,4097.627049180328,업무 유입형,180656.69672131148,0.05085705760999363,0.022681844202551194
강남,20-21시간대,15,6690.622950819672,2079.5245901639346,0.0,0.0,0.0,0.0,업무 유입형,180656.69672131148,0.037035012109962934,0.011510918930239799
강남,21-22시간대,16,7217.053278688524,1712.3237704918033,0.0,0.0,0.0,0.0,업무 유입형,180656.69672131148,0.03994899391868019,0.009478329901787727
강남,22-23시간대,17,6090.913934426229,1465.6598360655737,0.0,0.0,0.0,0.0,업무 유입형,180656.69672131148,0.03371540632021146,0.00811295602468898
강남,23-24시간대,18,2766.7377049180327,755.188524590164,0.0,0.0,0.0,0.0,업무 유입형,180656.69672131148,0.01531489147720949,0.004180240966960384
강남,24시이후,19,599.3196721311475,317.4139344262295,0.0,0.0,0.0,0.0,업무 유입형,180656.69672131148,0.003317450628778422,0.0017570006547605894
강남구청,06시이전,0,65.05327868852459,72.53688524590164,0.0,0.0,0.0,0.0,업무 유입형,38848.74590163935,0.0016745271225287984,0.0018671615662847103
강남구청,06-07시간대,1,156.80737704918033,644.5204918032787,0.0,0.0,0.0,0.0,업무 유입형,38848.74590163935,0.004036356217165902,0.016590509599335123
강남구청,07-08시간대,2,322.1639344262295,1639.0245901639344,322.1639344262295,1639.0245901639344,0.0,0.0,업무 유입형,38848.74590163935,0.008292775659783518,0.04218989705134266
강남구청,08-09시간대,3,412.6844262295082,4762.737704918033,412.6844262295082,4762.737704918033,0.0,0.0,업무 유입형,38848.74590163935,0.010622850664842018,0.12259694861133352
강남구청,09-10시간대,4,383.6967213114754,4199.401639344263,383.6967213114754,4199.401639344263,0.0,0.0,업무 유입형,38848.74590163935,0.00987668230740195,0.10809619569127597
강남구청,10-11시간대,5,367.8032786885246,1639.5409836065573,0.0,0.0,0.0,0.0,업무 유입형,38848.74590163935,0.00946757147887762,0.04220318946093371
강남구청,11-12시간대,6,439.7418032786885,868.0450819672132,0.0,0.0,0.0,0.0,업무 유입형,38848.74590163935,0.011319330729286996,0.022344224036600965
강남구청,12-13시간대,7,525.5860655737705,742.3483606557377,0.0,0.0,0.0,0.0,업무 유입형,38848.74590163935,0.013529035580826606,0.019108682749638308
강남구청,13-14시간대,8,588.1311475409836,796.405737704918,0.0,0.0,0.0,0.0,업무 유입형,38848.74590163935,0.015138999571056052,0.020500165944129258
강남구청,14-15시간대,9,772.9098360655738,666.6270491803278,0.0,0.0,0.0,0.0,업무 유입형,38848.74590163935,0.019895361307736795,0.017159551324208832
강남구청,15-16시간대,10,993.0040983606557,623.188524590164,0.0,0.0,0.0,0.0,업무 유입형,38848.74590163935,0.025560776167004987,0.016041406488847984
강남구청,16-17시간대,11,1247.7459016393443,629.9672131147541,0.0,0.0,0.0,0.0,업무 유입형,38848.74590163935,0.03211804841264365,0.01621589573855898
강남구청,17-18시간대,12,2206.844262295082,742.0,0.0,0.0,2206.844262295082,742.0,업무 유입형,38848.74590163935,0.05680606184515102,0.019099715647930064
강남구청,18-19시간대,13,3811.4180327868853,864.5122950819672,0.0,0.0,3811.4180327868853,864.5122950819672,업무 유입형,38848.74590163935,0.09810916528520552,0.022253287075747953
강남구청,19-20시간대,14,2267.7991803278687,522.405737704918,0.0,0.0,2267.7991803278687,522.405737704918,업무 유입형,38848.74590163935,0.05837509365346519,0.013447171216996052
강남구청,20-21시간대,15,1342.1065573770493,342.7049180327869,0.0,0.0,0.0,0.0,업무 유입형,38848.74590163935,0.034546972527121265,0.008821518174627237
강남구청,21-22시간대,16,1225.454918032787,253.20901639344262,0.0,0.0,0.0,0.0,업무 유입형,38848.74590163935,0.031544259398630294,0.006517816998122394
강남구청,22-23시간대,17,846.1680327868852,207.06147540983608,0.0,0.0,0.0,0.0,업무 유입형,38848.74590163935,0.021781090049323278,0.005329939760065677
강남구청,23-24시간대,18,365.9344262295082,135.38934426229508,0.0,0.0,0.0,0.0,업무 유입형,38848.74590163935,0.00941946561559575,0.003485037705080253
강남구청,24시이후,19,76.52459016393442,79.54098360655738,0.0,0.0,0.0,0.0,업무 유입형,38848.74590163935,0.0019698085070155437,0.0020474530582775103
강동,06시이전,0,449.59016393442624,58.10655737704918,0.0,0.0,0.0,0.0,혼합형,41583.0368852459,0.010811864587358833,0.0013973620430225478
강동,06-07시간대,1,894.2704918032787,433.67622950819674,0.0,0.0,0.0,0.0,혼합형,41583.0368852459,0.021505656122979687,0.010429162033186412
강동,07-08시간대,2,2514.7418032786886,1232.3196721311476,2514.7418032786886,1232.3196721311476,0.0,0.0,혼합형,41583.0368852459,0.06047518391257627,0.02963515328454492
강동,08-09시간대,3,3074.061475409836,2403.4754098360654,3074.061475409836,2403.4754098360654,0.0,0.0,혼합형,41583.0368852459,0.07392585308026277,0.05779941990453429
강동,09-10시간대,4,1489.622950819672,1251.983606557377,1489.622950819672,1251.983606557377,0.0,0.0,혼합형,41583.0368852459,0.03582285139323737,0.030108036842340247
강동,10-11시간대,5,972.860655737705,720.2008196721312,0.0,0.0,0.0,0.0,혼합형,41583.0368852459,0.023395613418578532,0.017319582060820238
강동,11-12시간대,6,859.8565573770492,643.8729508196722,0.0,0.0,0.0,0.0,혼합형,41583.0368852459,0.02067806061760091,0.015484029042816858
강동,12-13시간대,7,920.0368852459017,681.610655737705,0.0,0.0,0.0,0.0,혼합형,41583.0368852459,0.022125293248419296,0.01639155547053245
강동,13-14시간대,8,845.4262295081967,851.3811475409836,0.0,0.0,0.0,0.0,혼합형,41583.0368852459,0.020331036230982032,0.02047424169356574
강동,14-15시간대,9,855.7909836065573,810.3524590163935,0.0,0.0,0.0,0.0,혼합형,41583.0368852459,0.020580290611487327,0.01948757281130458
강동,15-16시간대,10,948.327868852459,925.5491803278688,0.0,0.0,0.0,0.0,혼합형,41583.0368852459,0.022805642393784274,0.02225785439582128
강동,16-17시간대,11,1157.8483606557377,1073.422131147541,0.0,0.0,0.0,0.0,혼합형,41583.0368852459,0.02784424725522042,0.025813942692781117
강동,17-18시간대,12,1698.0040983606557,1429.0901639344263,0.0,0.0,1698.0040983606557,1429.0901639344263,혼합형,41583.0368852459,0.04083405699892798,0.034367142733663175
강동,18-19시간대,13,1926.1926229508197,2441.8565573770493,0.0,0.0,1926.1926229508197,2441.8565573770493,혼합형,41583.0368852459,0.04632159570900059,0.058722420012652946
강동,19-20시간대,14,878.8401639344262,1720.2131147540983,0.0,0.0,878.8401639344262,1720.2131147540983,혼합형,41583.0368852459,0.021134583468728037,0.04136814536901821
강동,20-21시간대,15,611.4590163934427,1094.7418032786886,0.0,0.0,0.0,0.0,혼합형,41583.0368852459,0.014704530072703632,0.026326643874033995
강동,21-22시간대,16,499.83196721311475,995.2991803278688,0.0,0.0,0.0,0.0,혼합형,41583.0368852459,0.012020092918958029,0.02393522106320742
강동,22-23시간대,17,350.2704918032787,881.2131147540983,0.0,0.0,0.0,0.0,혼합형,41583.0368852459,0.008423398530749407,0.02119164882511893
강동,23-24시간대,18,147.91803278688525,536.5901639344262,0.0,0.0,0.0,0.0,혼합형,41583.0368852459,0.003557172440172789,0.012904063871410364
강동,24시이후,19,44.21311475409836,258.91803278688525,0.0,0.0,0.0,0.0,혼합형,41583.0368852459,0.0010632488164852058,0.006226530147410953
강동구청,06시이전,0,226.63934426229508,35.32786885245902,0.0,0.0,0.0,0.0,주거 유출·귀가형,24471.774590163935,0.009261254978761915,0.0014436169605231053
강동구청,06-07시간대,1,500.7049180327869,230.86475409836066,0.0,0.0,0.0,0.0,주거 유출·귀가형,24471.774590163935,0.02046050711148826,0.009433919605942812
강동구청,07-08시간대,2,1334.1803278688524,716.2745901639345,1334.1803278688524,716.2745901639345,0.0,0.0,주거 유출·귀가형,24471.774590163935,0.05451914911005703,0.02926941761108859
강동구청,08-09시간대,3,1686.1803278688524,1583.4016393442623,1686.1803278688524,1583.4016393442623,0.0,0.0,주거 유출·귀가형,24471.774590163935,0.06890306715012762,0.06470318012738999
강동구청,09-10시간대,4,949.4098360655738,659.2090163934427,949.4098360655738,659.2090163934427,0.0,0.0,주거 유출·귀가형,24471.774590163935,0.038796117239784274,0.026937524042837575
강동구청,10-11시간대,5,619.7745901639345,426.26229508196724,0.0,0.0,0.0,0.0,주거 유출·귀가형,24471.774590163935,0.025326099171126056,0.01741852817054375
강동구청,11-12시간대,6,515.7704918032787,385.4016393442623,0.0,0.0,0.0,0.0,주거 유출·귀가형,24471.774590163935,0.0210761377317763,0.015748822706922478
강동구청,12-13시간대,7,500.7172131147541,443.47131147540983,0.0,0.0,0.0,0.0,주거 유출·귀가형,24471.774590163935,0.020461009530384034,0.018121747151661673
강동구청,13-14시간대,8,509.422131147541,519.0860655737705,0.0,0.0,0.0,0.0,주거 유출·귀가형,24471.774590163935,0.020816722108591815,0.021211623360669944
강동구청,14-15시간대,9,492.4590163934426,500.88524590163934,0.0,0.0,0.0,0.0,주거 유출·귀가형,24471.774590163935,0.020123551505389362,0.020467875921959606
강동구청,15-16시간대,10,552.5737704918033,621.889344262295,0.0,0.0,0.0,0.0,주거 유출·귀가형,24471.774590163935,0.022580044959792253,0.025412515221199125
강동구청,16-17시간대,11,645.8032786885246,717.9713114754098,0.0,0.0,0.0,0.0,주거 유출·귀가형,24471.774590163935,0.026389719973478984,0.029338751418705355
강동구청,17-18시간대,12,881.2131147540983,1005.3647540983607,0.0,0.0,881.2131147540983,1005.3647540983607,주거 유출·귀가형,24471.774590163935,0.036009367097892805,0.04108262563445039
강동구청,18-19시간대,13,1249.360655737705,1477.1475409836066,0.0,0.0,1249.360655737705,1477.1475409836066,주거 유출·귀가형,24471.774590163935,0.05105312862107952,0.060361276030113646
강동구청,19-20시간대,14,444.1885245901639,1044.0122950819673,0.0,0.0,444.1885245901639,1044.0122950819673,주거 유출·귀가형,24471.774590163935,0.018151054920581805,0.0426618956968324
강동구청,20-21시간대,15,346.5696721311475,648.6434426229508,0.0,0.0,0.0,0.0,주거 유출·귀가형,24471.774590163935,0.014162016361103867,0.026505778738402704
강동구청,21-22시간대,16,292.9590163934426,554.311475409836,0.0,0.0,0.0,0.0,주거 유출·귀가형,24471.774590163935,0.011971302502565265,0.0226510534970616
강동구청,22-23시간대,17,210.46311475409837,477.2295081967213,0.0,0.0,0.0,0.0,주거 유출·귀가형,24471.774590163935,0.008600239184888982,0.019501221966491004
강동구청,23-24시간대,18,77.42213114754098,262.82377049180326,0.0,0.0,0.0,0.0,주거 유출·귀가형,24471.774590163935,0.0031637317866870045,0.010739873789023921
강동구청,24시이후,19,21.258196721311474,105.12704918032787,0.0,0.0,0.0,0.0,주거 유출·귀가형,24471.774590163935,0.0008686822707927315,0.004295849031830414
강변(동서울터미널),06시이전,0,354.92622950819674,57.364754098360656,0.0,0.0,0.0,0.0,주거 유출·귀가형,55421.29098360656,0.00640414943804147,0.0010350670848740958
강변(동서울터미널),06-07시간대,1,949.9959016393443,667.2581967213115,0.0,0.0,0.0,0.0,주거 유출·귀가형,55421.29098360656,0.01714135280465318,0.01203974474211877
강변(동서울터미널),07-08시간대,2,2952.098360655738,761.6229508196722,2952.098360655738,761.6229508196722,0.0,0.0,주거 유출·귀가형,55421.29098360656,0.05326650296776665,0.013742425290038043
강변(동서울터미널),08-09시간대,3,4318.7213114754095,1501.295081967213,4318.7213114754095,1501.295081967213,0.0,0.0,주거 유출·귀가형,55421.29098360656,0.07792531055894879,0.027088778614184416
강변(동서울터미널),09-10시간대,4,2836.47131147541,1130.2909836065573,2836.47131147541,1130.2909836065573,0.0,0.0,주거 유출·귀가형,55421.29098360656,0.05118017392114574,0.020394526427413857
강변(동서울터미널),10-11시간대,5,2007.016393442623,1013.3319672131148,0.0,0.0,0.0,0.0,주거 유출·귀가형,55421.29098360656,0.03621381526526136,0.018284163887717
강변(동서울터미널),11-12시간대,6,1578.872950819672,978.4344262295082,0.0,0.0,0.0,0.0,주거 유출·귀가형,55421.29098360656,0.02848856320013725,0.01765448636912709
강변(동서울터미널),12-13시간대,7,1390.4795081967213,1106.8811475409836,0.0,0.0,0.0,0.0,주거 유출·귀가형,55421.29098360656,0.02508926593947479,0.019972128542952845
강변(동서울터미널),13-14시간대,8,1319.545081967213,1220.700819672131,0.0,0.0,0.0,0.0,주거 유출·귀가형,55421.29098360656,0.023809353022063853,0.022025845988199923
강변(동서울터미널),14-15시간대,9,1220.0204918032787,1347.672131147541,0.0,0.0,0.0,0.0,주거 유출·귀가형,55421.29098360656,0.02201357041942882,0.024316866446618467
강변(동서울터미널),15-16시간대,10,1344.8647540983607,1639.6967213114754,0.0,0.0,0.0,0.0,주거 유출·귀가형,55421.29098360656,0.02426621123813531,0.02958604341779935
강변(동서울터미널),16-17시간대,11,1484.6147540983607,1815.1762295081967,0.0,0.0,0.0,0.0,주거 유출·귀가형,55421.29098360656,0.02678780533166405,0.032752326719439284
강변(동서울터미널),17-18시간대,12,1735.200819672131,2428.0860655737706,0.0,0.0,1735.200819672131,2428.0860655737706,주거 유출·귀가형,55421.29098360656,0.03130928184594974,0.043811430994849805
강변(동서울터미널),18-19시간대,13,1951.6639344262296,3576.0368852459014,0.0,0.0,1951.6639344262296,3576.0368852459014,주거 유출·귀가형,55421.29098360656,0.03521505724223432,0.06452460456584604
강변(동서울터미널),19-20시간대,14,1184.5860655737704,2358.0860655737706,0.0,0.0,1184.5860655737704,2358.0860655737706,주거 유출·귀가형,55421.29098360656,0.02137420555439907,0.04254837849719677
강변(동서울터미널),20-21시간대,15,894.3647540983607,1559.2745901639344,0.0,0.0,0.0,0.0,주거 유출·귀가형,55421.29098360656,0.016137566235382553,0.028134938080478185
강변(동서울터미널),21-22시간대,16,725.938524590164,1301.377049180328,0.0,0.0,0.0,0.0,주거 유출·귀가형,55421.29098360656,0.01309854952323096,0.02348153617650789
강변(동서울터미널),22-23시간대,17,473.6393442622951,1184.450819672131,0.0,0.0,0.0,0.0,주거 유출·귀가형,55421.29098360656,0.008546162239389121,0.02137176523048674
강변(동서울터미널),23-24시간대,18,194.89344262295083,595.8237704918033,0.0,0.0,0.0,0.0,주거 유출·귀가형,55421.29098360656,0.0035165807068730983,0.010750810021153172
강변(동서울터미널),24시이후,19,44.34426229508197,216.172131147541,0.0,0.0,0.0,0.0,주거 유출·귀가형,55421.29098360656,0.0008001304464054953,0.003900525002412593
강일,06시이전,0,123.03688524590164,28.290983606557376,0.0,0.0,0.0,0.0,주거 유출·귀가형,13258.581967213115,0.009279792179145336,0.0021337865298504464
강일,06-07시간대,1,419.82377049180326,123.89754098360656,0.0,0.0,0.0,0.0,주거 유출·귀가형,13258.581967213115,0.031664304035678714,0.009344705285225097
강일,07-08시간대,2,1333.5573770491803,258.46311475409834,1333.5573770491803,258.46311475409834,0.0,0.0,주거 유출·귀가형,13258.581967213115,0.10058069410038781,0.019494023975810286
강일,08-09시간대,3,1089.9754098360656,384.97131147540983,1089.9754098360656,384.97131147540983,0.0,0.0,주거 유출·귀가형,13258.581967213115,0.0822090486396995,0.029035632349477324
강일,09-10시간대,4,591.2950819672132,155.25819672131146,591.2950819672132,155.25819672131146,0.0,0.0,주거 유출·귀가형,13258.581967213115,0.04459715853696987,0.011710015226760025
강일,10-11시간대,5,406.51229508196724,137.5737704918033,0.0,0.0,0.0,0.0,주거 유출·귀가형,13258.581967213115,0.030660314661645073,0.010376205451835404
강일,11-12시간대,6,296.95081967213116,150.12704918032787,0.0,0.0,0.0,0.0,주거 유출·귀가형,13258.581967213115,0.02239687625769143,0.011323009470513068
강일,12-13시간대,7,292.97131147540983,227.25819672131146,0.0,0.0,0.0,0.0,주거 유출·귀가형,13258.581967213115,0.022096730419579772,0.017140460215375502
강일,13-14시간대,8,286.1885245901639,207.58196721311475,0.0,0.0,0.0,0.0,주거 유출·귀가형,13258.581967213115,0.02158515332166546,0.015656422966380576
강일,14-15시간대,9,234.50819672131146,242.79508196721312,0.0,0.0,0.0,0.0,주거 유출·귀가형,13258.581967213115,0.017687275856590256,0.018312296335129676
강일,15-16시간대,10,282.53688524590166,333.78688524590166,0.0,0.0,0.0,0.0,주거 유출·귀가형,13258.581967213115,0.021309736285869903,0.025175157197905224
강일,16-17시간대,11,320.0450819672131,374.6024590163934,0.0,0.0,0.0,0.0,주거 유출·귀가형,13258.581967213115,0.024138711270831698,0.028253583976230675
강일,17-18시간대,12,358.23770491803276,584.483606557377,0.0,0.0,358.23770491803276,584.483606557377,주거 유출·귀가형,13258.581967213115,0.02701930763062835,0.044083417668852896
강일,18-19시간대,13,371.2418032786885,836.3565573770492,0.0,0.0,371.2418032786885,836.3565573770492,주거 유출·귀가형,13258.581967213115,0.028000113752490653,0.06308039271810958
강일,19-20시간대,14,159.15983606557376,807.7786885245902,0.0,0.0,159.15983606557376,807.7786885245902,주거 유출·귀가형,13258.581967213115,0.01200428797432161,0.06092496848623255
강일,20-21시간대,15,109.84836065573771,448.2172131147541,0.0,0.0,0.0,0.0,주거 유출·귀가형,13258.581967213115,0.008285076105980229,0.03380581831625294
강일,21-22시간대,16,79.28688524590164,404.9549180327869,0.0,0.0,0.0,0.0,주거 유출·귀가형,13258.581967213115,0.005980042620090792,0.0305428528506436
강일,22-23시간대,17,62.58606557377049,358.3524590163934,0.0,0.0,0.0,0.0,주거 유출·귀가형,13258.581967213115,0.004720419252114467,0.027027962711438987
강일,23-24시간대,18,27.049180327868854,237.36065573770492,0.0,0.0,0.0,0.0,주거 유출·귀가형,13258.581967213115,0.002040126191078219,0.017902416436740322
강일,24시이후,19,12.049180327868852,99.61065573770492,0.0,0.0,0.0,0.0,주거 유출·귀가형,13258.581967213115,0.0009087834851166612,0.007512919253660017
개롱,06시이전,0,147.5655737704918,30.331967213114755,0.0,0.0,0.0,0.0,주거 유출·귀가형,15186.856557377048,0.009716663432816287,0.0019972511821994485
개롱,06-07시간대,1,423.5614754098361,103.36065573770492,0.0,0.0,0.0,0.0,주거 유출·귀가형,15186.856557377048,0.027890003030554087,0.0068059282279516395
개롱,07-08시간대,2,1047.1434426229507,325.32377049180326,1047.1434426229507,325.32377049180326,0.0,0.0,주거 유출·귀가형,15186.856557377048,0.06895063759025882,0.02142140272825429
개롱,08-09시간대,3,1009.5,687.3401639344262,1009.5,687.3401639344262,0.0,0.0,주거 유출·귀가형,15186.856557377048,0.06647195199256907,0.04525888299119736
개롱,09-10시간대,4,531.6352459016393,337.9344262295082,531.6352459016393,337.9344262295082,0.0,0.0,주거 유출·귀가형,15186.856557377048,0.03500627295010542,0.022251769150038875
개롱,10-11시간대,5,384.0409836065574,234.99590163934425,0.0,0.0,0.0,0.0,주거 유출·귀가형,15186.856557377048,0.02528772048090549,0.015473636743160947
개롱,11-12시간대,6,334.4836065573771,246.06967213114754,0.0,0.0,0.0,0.0,주거 유출·귀가형,15186.856557377048,0.02202454505931979,0.016202804787249978
개롱,12-13시간대,7,353.07377049180326,250.10655737704917,0.0,0.0,0.0,0.0,주거 유출·귀가형,15186.856557377048,0.02324864063592521,0.016468619192663632
개롱,13-14시간대,8,328.7172131147541,303.5081967213115,0.0,0.0,0.0,0.0,주거 유출·귀가형,15186.856557377048,0.021644848746206074,0.019984925489658474
개롱,14-15시간대,9,296.3114754098361,353.8155737704918,0.0,0.0,0.0,0.0,주거 유출·귀가형,15186.856557377048,0.01951104721970276,0.0232974857195596
개롱,15-16시간대,10,346.2295081967213,385.7336065573771,0.0,0.0,0.0,0.0,주거 유출·귀가형,15186.856557377048,0.022797970527254345,0.025399173627540857
개롱,16-17시간대,11,511.9836065573771,523.2254098360655,0.0,0.0,0.0,0.0,주거 유출·귀가형,15186.856557377048,0.033712283027304946,0.03445251542735535
개롱,17-18시간대,12,502.58196721311475,664.4180327868852,0.0,0.0,502.58196721311475,664.4180327868852,주거 유출·귀가형,15186.856557377048,0.033093218818148674,0.04374954292066074
개롱,18-19시간대,13,546.8237704918033,919.0860655737705,0.0,0.0,546.8237704918033,919.0860655737705,주거 유출·귀가형,15186.856557377048,0.03600638278407802,0.060518518898324776
개롱,19-20시간대,14,250.35245901639345,830.8565573770492,0.0,0.0,250.35245901639345,830.8565573770492,주거 유출·귀가형,15186.856557377048,0.01648481093309492,0.05470892243157843
개롱,20-21시간대,15,179.0204918032787,458.59016393442624,0.0,0.0,0.0,0.0,주거 유출·귀가형,15186.856557377048,0.011787856896318621,0.03019651645499115
개롱,21-22시간대,16,164.37704918032787,345.9918032786885,0.0,0.0,0.0,0.0,주거 유출·귀가형,15186.856557377048,0.010823638753635383,0.022782318511504095
개롱,22-23시간대,17,93.02868852459017,403.8606557377049,0.0,0.0,0.0,0.0,주거 유출·귀가형,15186.856557377048,0.006125605267496998,0.026592774759667346
개롱,23-24시간대,18,33.40573770491803,211.93032786885246,0.0,0.0,0.0,0.0,주거 유출·귀가형,15186.856557377048,0.002199647937590556,0.013954851490706077
개롱,24시이후,19,5.434426229508197,81.10655737704919,0.0,0.0,0.0,0.0,주거 유출·귀가형,15186.856557377048,0.00035783746353147797,0.005340575718920023
개화산,06시이전,0,184.99180327868854,6.868852459016393,0.0,0.0,0.0,0.0,주거 유출·귀가형,13440.045081967213,0.013764224907764326,0.0005110736174711553
개화산,06-07시간대,1,410.9672131147541,131.4795081967213,0.0,0.0,0.0,0.0,주거 유출·귀가형,13440.045081967213,0.03057781507490308,0.009782668688599123
개화산,07-08시간대,2,1054.717213114754,276.33196721311475,1054.717213114754,276.33196721311475,0.0,0.0,주거 유출·귀가형,13440.045081967213,0.07847571988652702,0.020560345261332127
개화산,08-09시간대,3,1026.139344262295,640.7459016393443,1026.139344262295,640.7459016393443,0.0,0.0,주거 유출·귀가형,13440.045081967213,0.07634939749116522,0.047674386338111795
개화산,09-10시간대,4,488.7950819672131,259.32377049180326,488.7950819672131,259.32377049180326,0.0,0.0,주거 유출·귀가형,13440.045081967213,0.03636855970245513,0.019294858678691736
개화산,10-11시간대,5,311.25,206.43852459016392,0.0,0.0,0.0,0.0,주거 유출·귀가형,13440.045081967213,0.023158404462319145,0.015359957747994965
개화산,11-12시간대,6,308.2295081967213,223.70901639344262,0.0,0.0,0.0,0.0,주거 유출·귀가형,13440.045081967213,0.02293366624270325,0.01664496026829535
개화산,12-13시간대,7,312.95081967213116,259.0532786885246,0.0,0.0,0.0,0.0,주거 유출·귀가형,13440.045081967213,0.023284953120583186,0.019274732867979864
개화산,13-14시간대,8,300.51229508196724,249.63934426229508,0.0,0.0,0.0,0.0,주거 유출·귀가형,13440.045081967213,0.022359470764363044,0.01857429366790156
개화산,14-15시간대,9,274.89344262295083,252.9672131147541,0.0,0.0,0.0,0.0,주거 유출·귀가형,13440.045081967213,0.020453312540728085,0.01882190212696276
개화산,15-16시간대,10,269.0245901639344,320.65983606557376,0.0,0.0,0.0,0.0,주거 유출·귀가형,13440.045081967213,0.020016643435585665,0.023858538725871514
개화산,16-17시간대,11,330.02868852459017,391.28688524590166,0.0,0.0,0.0,0.0,주거 유출·귀가형,13440.045081967213,0.02455562362416451,0.029113509877351482
개화산,17-18시간대,12,518.7295081967213,505.51229508196724,0.0,0.0,518.7295081967213,505.51229508196724,주거 유출·귀가형,13440.045081967213,0.038595816087902225,0.03761239579175397
개화산,18-19시간대,13,498.54918032786884,816.516393442623,0.0,0.0,498.54918032786884,816.516393442623,주거 유출·귀가형,13440.045081967213,0.03709430863418625,0.060752504062516866
개화산,19-20시간대,14,204.172131147541,679.1024590163935,0.0,0.0,204.172131147541,679.1024590163935,주거 유출·귀가형,13440.045081967213,0.01519132784915156,0.050528287284360325
개화산,20-21시간대,15,143.29508196721312,386.4016393442623,0.0,0.0,0.0,0.0,주거 유출·귀가형,13440.045081967213,0.010661800692876774,0.02875002553843405
개화산,21-22시간대,16,119.91803278688525,362.05737704918033,0.0,0.0,0.0,0.0,주거 유출·귀가형,13440.045081967213,0.008922442748929596,0.026938702574365633
개화산,22-23시간대,17,89.00409836065573,322.75409836065575,0.0,0.0,0.0,0.0,주거 유출·귀가형,13440.045081967213,0.00662230653378346,0.02401436129062555
개화산,23-24시간대,18,34.56147540983606,181.93032786885246,0.0,0.0,0.0,0.0,주거 유출·귀가형,13440.045081967213,0.0025715297232304607,0.013536437322889054
개화산,24시이후,19,9.040983606557377,77.49590163934427,0.0,0.0,0.0,0.0,주거 유출·귀가형,13440.045081967213,0.0006726899762180004,0.0057660447689511195
거여,06시이전,0,270.40983606557376,23.385245901639344,0.0,0.0,0.0,0.0,주거 유출·귀가형,22661.200819672133,0.011932723169322592,0.0010319508700235634
거여,06-07시간대,1,751.7131147540983,133.47540983606558,0.0,0.0,0.0,0.0,주거 유출·귀가형,22661.200819672133,0.0331718129474206,0.00589004134856772
거여,07-08시간대,2,2054.1475409836066,382.6393442622951,2054.1475409836066,382.6393442622951,0.0,0.0,주거 유출·귀가형,22661.200819672133,0.09064601462780411,0.016885219247963542
거여,08-09시간대,3,1876.389344262295,816.5204918032787,1876.389344262295,816.5204918032787,0.0,0.0,주거 유출·귀가형,22661.200819672133,0.08280184969868878,0.03603165155724931
거여,09-10시간대,4,914.3483606557377,387.9590163934426,914.3483606557377,387.9590163934426,0.0,0.0,주거 유출·귀가형,22661.200819672133,0.04034862794481721,0.017119967272725297
거여,10-11시간대,5,563.327868852459,270.5,0.0,0.0,0.0,0.0,주거 유출·귀가형,22661.200819672133,0.024858694529701863,0.0119367019494033
거여,11-12시간대,6,487.59016393442624,304.5655737704918,0.0,0.0,0.0,0.0,주거 유출·귀가형,22661.200819672133,0.021516519261907358,0.0134399574053507
거여,12-13시간대,7,515.422131147541,305.09016393442624,0.0,0.0,0.0,0.0,주거 유출·귀가형,22661.200819672133,0.022744696331365825,0.013463106671274818
거여,13-14시간대,8,453.0860655737705,431.827868852459,0.0,0.0,0.0,0.0,주거 유출·귀가형,22661.200819672133,0.019993912466476516,0.01905582463562965
거여,14-15시간대,9,404.21311475409834,417.7827868852459,0.0,0.0,0.0,0.0,주거 유출·귀가형,22661.200819672133,0.017837232809092884,0.018436039211239402
거여,15-16시간대,10,446.5245901639344,565.733606557377,0.0,0.0,0.0,0.0,주거 유출·귀가형,22661.200819672133,0.01970436578878501,0.024964855616400744
거여,16-17시간대,11,552.1147540983607,762.1147540983607,0.0,0.0,0.0,0.0,주거 유출·귀가형,22661.200819672133,0.024363878970573846,0.03363081948582225
거여,17-18시간대,12,644.5081967213115,964.594262295082,0.0,0.0,644.5081967213115,964.594262295082,주거 유출·귀가형,22661.200819672133,0.028441043431459093,0.04256589357161162
거여,18-19시간대,13,645.7540983606557,1676.3688524590164,0.0,0.0,645.7540983606557,1676.3688524590164,주거 유출·귀가형,22661.200819672133,0.02849602293802887,0.07397528779691871
거여,19-20시간대,14,292.50409836065575,1385.7704918032787,0.0,0.0,292.50409836065575,1385.7704918032787,주거 유출·귀가형,22661.200819672133,0.012907705142736023,0.06115167959679765
거여,20-21시간대,15,212.00409836065575,704.4713114754098,0.0,0.0,0.0,0.0,주거 유출·귀가형,22661.200819672133,0.009355377945224135,0.031087113038769775
거여,21-22시간대,16,193.68852459016392,569.1598360655738,0.0,0.0,0.0,0.0,주거 유출·귀가형,22661.200819672133,0.008547143027920364,0.025116049259467643
거여,22-23시간대,17,126.81147540983606,648.75,0.0,0.0,0.0,0.0,주거 유출·귀가형,22661.200819672133,0.0055959733298754115,0.028628226948892388
거여,23-24시간대,18,49.557377049180324,327.7049180327869,0.0,0.0,0.0,0.0,주거 유출·귀가형,22661.200819672133,0.0021868822152690025,0.014461057056972332
거여,24시이후,19,9.725409836065573,118.94672131147541,0.0,0.0,0.0,0.0,주거 유출·귀가형,22661.200819672133,0.0004291656877963399,0.005248915194653677
건대입구,06시이전,0,680.0860655737705,112.84016393442623,0.0,0.0,0.0,0.0,혼합형,110225.64754098361,0.006169943935424865,0.0010237196737036224
건대입구,06-07시간대,1,1054.045081967213,906.639344262295,0.0,0.0,0.0,0.0,혼합형,110225.64754098361,0.009562611837460993,0.008225302953427353
건대입구,07-08시간대,2,2951.217213114754,1913.549180327869,2951.217213114754,1913.549180327869,0.0,0.0,혼합형,110225.64754098361,0.026774324115605177,0.017360289760297225
건대입구,08-09시간대,3,4838.795081967213,4400.0286885245905,4838.795081967213,4400.0286885245905,0.0,0.0,혼합형,110225.64754098361,0.04389899438030585,0.03991837459506501
건대입구,09-10시간대,4,3174.348360655738,3223.4303278688526,3174.348360655738,3223.4303278688526,0.0,0.0,혼합형,110225.64754098361,0.028798636537612225,0.029243922805446264
건대입구,10-11시간대,5,2007.454918032787,2613.75,0.0,0.0,0.0,0.0,혼합형,110225.64754098361,0.018212230663343428,0.02371272075338153
건대입구,11-12시간대,6,1915.3319672131147,2292.9754098360654,0.0,0.0,0.0,0.0,혼합형,110225.64754098361,0.017376463735456527,0.02080255785282188
건대입구,12-13시간대,7,2149.3196721311474,2482.155737704918,0.0,0.0,0.0,0.0,혼합형,110225.64754098361,0.01949927008895091,0.022518858297312466
건대입구,13-14시간대,8,2325.7581967213114,2687.8237704918033,0.0,0.0,0.0,0.0,혼합형,110225.64754098361,0.021099973087992593,0.024384740125862527
건대입구,14-15시간대,9,2532.47131147541,2618.0163934426228,0.0,0.0,0.0,0.0,혼합형,110225.64754098361,0.022975336212325698,0.023751426749107584
건대입구,15-16시간대,10,2893.565573770492,2804.688524590164,0.0,0.0,0.0,0.0,혼합형,110225.64754098361,0.026251291222350218,0.025444972083718875
건대입구,16-17시간대,11,3476.69262295082,3289.2581967213114,0.0,0.0,0.0,0.0,혼합형,110225.64754098361,0.03154159399842157,0.029841132895121473
건대입구,17-18시간대,12,4411.540983606557,4749.377049180328,0.0,0.0,4411.540983606557,4749.377049180328,혼합형,110225.64754098361,0.04002281757488681,0.04308776727679858
건대입구,18-19시간대,13,4655.479508196721,7391.618852459016,0.0,0.0,4655.479508196721,7391.618852459016,혼합형,110225.64754098361,0.04223590073685656,0.06705897418031223
건대입구,19-20시간대,14,3230.7663934426228,4913.577868852459,0.0,0.0,3230.7663934426228,4913.577868852459,혼합형,110225.64754098361,0.029310477783687987,0.044577446161298474
건대입구,20-21시간대,15,3232.0696721311474,2855.7909836065573,0.0,0.0,0.0,0.0,혼합형,110225.64754098361,0.029322301517252722,0.025908588856733455
건대입구,21-22시간대,16,3215.9918032786886,2572.684426229508,0.0,0.0,0.0,0.0,혼합형,110225.64754098361,0.029176438288402277,0.023340161601436215
건대입구,22-23시간대,17,3035.7745901639346,2301.7663934426228,0.0,0.0,0.0,0.0,혼합형,110225.64754098361,0.027541453898333294,0.02088231228205568
건대입구,23-24시간대,18,1842.8360655737704,1319.3073770491803,0.0,0.0,0.0,0.0,혼합형,110225.64754098361,0.016718759260530316,0.011969150614956844
건대입구,24시이후,19,443.2950819672131,709.5286885245902,0.0,0.0,0.0,0.0,혼합형,110225.64754098361,0.004021705400300679,0.006437056205641944
경복궁(정부서울청사),06시이전,0,91.52868852459017,79.22950819672131,0.0,0.0,0.0,0.0,업무 유입형,56922.57786885246,0.0016079505172002034,0.0013918819414549919
경복궁(정부서울청사),06-07시간대,1,256.7581967213115,629.6065573770492,0.0,0.0,0.0,0.0,업무 유입형,56922.57786885246,0.004510656515115548,0.011060752709191065
경복궁(정부서울청사),07-08시간대,2,587.655737704918,1882.327868852459,587.655737704918,1882.327868852459,0.0,0.0,업무 유입형,56922.57786885246,0.01032377238885518,0.033068211934977255
경복궁(정부서울청사),08-09시간대,3,880.1065573770492,6168.290983606557,880.1065573770492,6168.290983606557,0.0,0.0,업무 유입형,56922.57786885246,0.015461466966671512,0.10836281866604978
경복궁(정부서울청사),09-10시간대,4,784.389344262295,3598.1434426229507,784.389344262295,3598.1434426229507,0.0,0.0,업무 유입형,56922.57786885246,0.013779933615612059,0.06321118222918402
경복궁(정부서울청사),10-11시간대,5,712.516393442623,2129.4918032786886,0.0,0.0,0.0,0.0,업무 유입형,56922.57786885246,0.012517289625994008,0.03741031912126257
경복궁(정부서울청사),11-12시간대,6,992.8975409836065,1893.799180327869,0.0,0.0,0.0,0.0,업무 유입형,56922.57786885246,0.017442947564167,0.03326973674121213
경복궁(정부서울청사),12-13시간대,7,1190.200819672131,1645.5409836065573,0.0,0.0,0.0,0.0,업무 유입형,56922.57786885246,0.02090911663231961,0.028908405859583937
경복궁(정부서울청사),13-14시간대,8,1434.6680327868853,1557.139344262295,0.0,0.0,0.0,0.0,업무 유입형,56922.57786885246,0.025203848569407872,0.027355390471771802
경복궁(정부서울청사),14-15시간대,9,1734.8032786885246,1302.1516393442623,0.0,0.0,0.0,0.0,업무 유입형,56922.57786885246,0.03047654100777811,0.022875837463727875
경복궁(정부서울청사),15-16시간대,10,2153.4549180327867,1139.0860655737704,0.0,0.0,0.0,0.0,업무 유입형,56922.57786885246,0.03783129644961387,0.020011146863344507
경복궁(정부서울청사),16-17시간대,11,2633.282786885246,1162.545081967213,0.0,0.0,0.0,0.0,업무 유입형,56922.57786885246,0.04626077885917664,0.020423268332043474
경복궁(정부서울청사),17-18시간대,12,3649.8811475409834,1294.1475409836066,0.0,0.0,3649.8811475409834,1294.1475409836066,업무 유입형,56922.57786885246,0.06412009582472136,0.022735223692174927
경복궁(정부서울청사),18-19시간대,13,4873.430327868852,1533.1844262295083,0.0,0.0,4873.430327868852,1533.1844262295083,업무 유입형,56922.57786885246,0.08561506717241545,0.02693455714113843
경복궁(정부서울청사),19-20시간대,14,1868.5696721311476,955.1188524590164,0.0,0.0,1868.5696721311476,955.1188524590164,업무 유입형,56922.57786885246,0.032826511765441546,0.01677926208225452
경복궁(정부서울청사),20-21시간대,15,1610.0573770491803,500.4016393442623,0.0,0.0,0.0,0.0,업무 유입형,56922.57786885246,0.02828503973869022,0.008790916681552432
경복궁(정부서울청사),21-22시간대,16,1536.1147540983607,421.922131147541,0.0,0.0,0.0,0.0,업무 유입형,56922.57786885246,0.026986036325296316,0.007412210531287501
경복궁(정부서울청사),22-23시간대,17,966.139344262295,375.25409836065575,0.0,0.0,0.0,0.0,업무 유입형,56922.57786885246,0.01697286701400356,0.006592359524286259
경복궁(정부서울청사),23-24시간대,18,359.7336065573771,204.76639344262296,0.0,0.0,0.0,0.0,업무 유입형,56922.57786885246,0.00631969984539685,0.0035972789903225616
경복궁(정부서울청사),24시이후,19,60.692622950819676,73.54918032786885,0.0,0.0,0.0,0.0,업무 유입형,56922.57786885246,0.0010662311023694898,0.0012920915229335445
경찰병원,06시이전,0,119.15163934426229,11.450819672131148,0.0,0.0,0.0,0.0,혼합형,17148.532786885244,0.006948211886406188,0.0006677434048986652
경찰병원,06-07시간대,1,362.88524590163934,129.1844262295082,0.0,0.0,0.0,0.0,혼합형,17148.532786885244,0.0211612999439325,0.007533264089409744
경찰병원,07-08시간대,2,1082.483606557377,443.7909836065574,1082.483606557377,443.7909836065574,0.0,0.0,혼합형,17148.532786885244,0.06312397801083208,0.02587923929830063
경찰병원,08-09시간대,3,1167.7377049180327,1226.3360655737704,1167.7377049180327,1226.3360655737704,0.0,0.0,혼합형,17148.532786885244,0.06809548778488433,0.07151259415683893
경찰병원,09-10시간대,4,633.6803278688525,671.827868852459,633.6803278688525,671.827868852459,0.0,0.0,혼합형,17148.532786885244,0.036952451602942665,0.03917698832906893
경찰병원,10-11시간대,5,449.7745901639344,370.4836065573771,0.0,0.0,0.0,0.0,혼합형,17148.532786885244,0.026228167491268432,0.02160439095061902
경찰병원,11-12시간대,6,397.9590163934426,270.7581967213115,0.0,0.0,0.0,0.0,혼합형,17148.532786885244,0.023206592735315022,0.01578900073179324
경찰병원,12-13시간대,7,345.2295081967213,321.69262295081967,0.0,0.0,0.0,0.0,혼합형,17148.532786885244,0.02013172278276448,0.018759192226453444
경찰병원,13-14시간대,8,354.9139344262295,371.73770491803276,0.0,0.0,0.0,0.0,혼합형,17148.532786885244,0.020696460673163743,0.02167752247599446
경찰병원,14-15시간대,9,395.88524590163934,333.25,0.0,0.0,0.0,0.0,혼합형,17148.532786885244,0.02308566282734125,0.019433149421089892
경찰병원,15-16시간대,10,416.6024590163934,354.97131147540983,0.0,0.0,0.0,0.0,혼합형,17148.532786885244,0.02429376694751403,0.020699806559945626
경찰병원,16-17시간대,11,424.155737704918,379.96311475409834,0.0,0.0,0.0,0.0,혼합형,17148.532786885244,0.02473422904315764,0.022157179245368697
경찰병원,17-18시간대,12,680.1434426229508,636.0,0.0,0.0,680.1434426229508,636.0,혼합형,17148.532786885244,0.03966190292052898,0.037087721025695936
경찰병원,18-19시간대,13,843.1598360655738,961.5040983606557,0.0,0.0,843.1598360655738,961.5040983606557,혼합형,17148.532786885244,0.049168045251684785,0.05606917573123161
경찰병원,19-20시간대,14,306.78688524590166,735.5081967213115,0.0,0.0,306.78688524590166,735.5081967213115,혼합형,17148.532786885244,0.01788997863890282,0.04289044467313316
경찰병원,20-21시간대,15,229.72131147540983,413.03688524590166,0.0,0.0,0.0,0.0,혼합형,17148.532786885244,0.013395974707007865,0.0240858439832113
경찰병원,21-22시간대,16,191.56967213114754,354.9754098360656,0.0,0.0,0.0,0.0,혼합형,17148.532786885244,0.011171198988968612,0.020700045551858618
경찰병원,22-23시간대,17,124.98770491803279,336.11475409836066,0.0,0.0,0.0,0.0,혼합형,17148.532786885244,0.007288536370506296,0.019600204768271054
경찰병원,23-24시간대,18,41.377049180327866,181.077868852459,0.0,0.0,0.0,0.0,혼합형,17148.532786885244,0.00241286235356368,0.010559379691709992
경찰병원,24시이후,19,8.012295081967213,68.65163934426229,0.0,0.0,0.0,0.0,혼합형,17148.532786885244,0.0004672291898986723,0.004003353534523099
고덕,06시이전,0,171.39754098360655,59.49180327868852,0.0,0.0,0.0,0.0,혼합형,23512.975409836065,0.007289487527465651,0.002530169076509203
고덕,06-07시간대,1,491.08196721311475,283.2090163934426,0.0,0.0,0.0,0.0,혼합형,23512.975409836065,0.02088557312094508,0.012044797030450225
고덕,07-08시간대,2,1278.1680327868853,839.3483606557377,1278.1680327868853,839.3483606557377,0.0,0.0,혼합형,23512.975409836065,0.05436011438400075,0.035697241460330764
고덕,08-09시간대,3,1103.1516393442623,968.0491803278688,1103.1516393442623,968.0491803278688,0.0,0.0,혼합형,23512.975409836065,0.046916718114832306,0.04117084985862358
고덕,09-10시간대,4,678.2377049180328,662.2909836065573,678.2377049180328,662.2909836065573,0.0,0.0,혼합형,23512.975409836065,0.028845252168056498,0.028167042752466984
고덕,10-11시간대,5,600.516393442623,570.6270491803278,0.0,0.0,0.0,0.0,혼합형,23512.975409836065,0.02553978741420416,0.024268602302948878
고덕,11-12시간대,6,644.1352459016393,438.7745901639344,0.0,0.0,0.0,0.0,혼합형,23512.975409836065,0.027394884512667056,0.01866095560072691
고덕,12-13시간대,7,637.2295081967213,472.85655737704917,0.0,0.0,0.0,0.0,혼합형,23512.975409836065,0.02710118549820591,0.02011045174568768
고덕,13-14시간대,8,546.0409836065573,679.4672131147541,0.0,0.0,0.0,0.0,혼합형,23512.975409836065,0.023222964090632903,0.02889754279377658
고덕,14-15시간대,9,608.360655737705,558.2295081967213,0.0,0.0,0.0,0.0,혼합형,23512.975409836065,0.025873401606298304,0.023741338493604686
고덕,15-16시간대,10,773.155737704918,649.9180327868852,0.0,0.0,0.0,0.0,혼합형,23512.975409836065,0.03288208847364709,0.02764082475563719
고덕,16-17시간대,11,908.8647540983607,730.1352459016393,0.0,0.0,0.0,0.0,혼합형,23512.975409836065,0.0386537534385444,0.031052439479701304
고덕,17-18시간대,12,1026.4467213114754,749.8073770491803,0.0,0.0,1026.4467213114754,749.8073770491803,혼합형,23512.975409836065,0.043654480278241904,0.03188908949122267
고덕,18-19시간대,13,795.8032786885246,1209.5819672131147,0.0,0.0,795.8032786885246,1209.5819672131147,혼합형,23512.975409836065,0.03384528179941107,0.05144316897924864
고덕,19-20시간대,14,452.9590163934426,1018.6598360655738,0.0,0.0,452.9590163934426,1018.6598360655738,혼합형,23512.975409836065,0.01926421511945096,0.04332330631534803
고덕,20-21시간대,15,361.0327868852459,484.8196721311475,0.0,0.0,0.0,0.0,혼합형,23512.975409836065,0.015354619336445906,0.020619239533944112
고덕,21-22시간대,16,354.26229508196724,462.3524590163934,0.0,0.0,0.0,0.0,혼합형,23512.975409836065,0.015066672290813968,0.019663715499952415
고덕,22-23시간대,17,369.905737704918,447.8360655737705,0.0,0.0,0.0,0.0,혼합형,23512.975409836065,0.01573198335205919,0.01904633751228394
고덕,23-24시간대,18,83.75819672131148,214.9016393442623,0.0,0.0,0.0,0.0,혼합형,23512.975409836065,0.0035622117261379575,0.009139704167528009
고덕,24시이후,19,19.647540983606557,108.46311475409836,0.0,0.0,0.0,0.0,혼합형,23512.975409836065,0.0008356041990069662,0.004612904698940209
고려대(종암),06시이전,0,136.74180327868854,38.25409836065574,0.0,0.0,0.0,0.0,혼합형,19835.54098360656,0.006893777356095368,0.0019285634000238022
고려대(종암),06-07시간대,1,314.36475409836066,178.68852459016392,0.0,0.0,0.0,0.0,혼합형,19835.54098360656,0.01584855963132909,0.009008502704203745
고려대(종암),07-08시간대,2,926.0983606557377,557.3934426229508,926.0983606557377,557.3934426229508,0.0,0.0,혼합형,19835.54098360656,0.04668883805191542,0.028100743160149686
고려대(종암),08-09시간대,3,1174.72131147541,1208.75,1174.72131147541,1208.75,0.0,0.0,혼합형,19835.54098360656,0.05922305383282864,0.06093859507028285
고려대(종암),09-10시간대,4,569.4016393442623,630.0245901639345,569.4016393442623,630.0245901639345,0.0,0.0,혼합형,19835.54098360656,0.02870613107123494,0.031762410245560216
고려대(종암),10-11시간대,5,376.6967213114754,514.9877049180328,0.0,0.0,0.0,0.0,혼합형,19835.54098360656,0.0189909981090409,0.0259628767041773
고려대(종암),11-12시간대,6,382.8975409836066,374.9303278688525,0.0,0.0,0.0,0.0,혼합형,19835.54098360656,0.019303609682239528,0.018901946167171363
고려대(종암),12-13시간대,7,420.2950819672131,334.5409836065574,0.0,0.0,0.0,0.0,혼합형,19835.54098360656,0.02118899012205281,0.016865735292173015
고려대(종암),13-14시간대,8,492.74590163934425,466.85655737704917,0.0,0.0,0.0,0.0,혼합형,19835.54098360656,0.02484156605794533,0.02353636625100829
고려대(종암),14-15시간대,9,471.29918032786884,376.577868852459,0.0,0.0,0.0,0.0,혼합형,19835.54098360656,0.023760339116406383,0.018985006215040394
고려대(종암),15-16시간대,10,507.9672131147541,367.9590163934426,0.0,0.0,0.0,0.0,혼합형,19835.54098360656,0.02560894172407865,0.018550490591486713
고려대(종암),16-17시간대,11,839.561475409836,472.4672131147541,0.0,0.0,0.0,0.0,혼합형,19835.54098360656,0.0423261193684461,0.023819224971238905
고려대(종암),17-18시간대,12,985.0081967213115,599.1229508196722,0.0,0.0,985.0081967213115,599.1229508196722,혼합형,19835.54098360656,0.049658751305819655,0.030204517805429563
고려대(종암),18-19시간대,13,888.1762295081967,1054.889344262295,0.0,0.0,888.1762295081967,1054.889344262295,혼합형,19835.54098360656,0.04477701063168612,0.053181778361080616
고려대(종암),19-20시간대,14,440.8114754098361,780.1024590163935,0.0,0.0,440.8114754098361,780.1024590163935,혼합형,19835.54098360656,0.022223314996760245,0.03932851943191886
고려대(종암),20-21시간대,15,352.1516393442623,445.51229508196724,0.0,0.0,0.0,0.0,혼합형,19835.54098360656,0.017753568689419887,0.022460304735331844
고려대(종암),21-22시간대,16,424.4672131147541,441.9918032786885,0.0,0.0,0.0,0.0,혼합형,19835.54098360656,0.0213993262631739,0.022282820702696268
고려대(종암),22-23시간대,17,302.9016393442623,406.4795081967213,0.0,0.0,0.0,0.0,혼합형,19835.54098360656,0.015270651785832352,0.020492484098753025
고려대(종암),23-24시간대,18,133.70491803278688,287.1393442622951,0.0,0.0,0.0,0.0,혼합형,19835.54098360656,0.006740674133530803,0.014476002671145021
고려대(종암),24시이후,19,30.008196721311474,128.85245901639345,0.0,0.0,0.0,0.0,혼합형,19835.54098360656,0.0015128499266096292,0.006496039564682702
고속터미널,06시이전,0,255.422131147541,257.7745901639344,0.0,0.0,0.0,0.0,업무 유입형,130341.45081967213,0.001959638545844625,0.001977686979413529
고속터미널,06-07시간대,1,429.22131147540983,2082.7336065573772,0.0,0.0,0.0,0.0,업무 유입형,130341.45081967213,0.0032930530447235784,0.015979058031499488
고속터미널,07-08시간대,2,1521.7622950819673,3624.7991803278687,1521.7622950819673,3624.7991803278687,0.0,0.0,업무 유입형,130341.45081967213,0.011675198377125101,0.02781002633876457
고속터미널,08-09시간대,3,2624.1721311475408,4996.684426229508,2624.1721311475408,4996.684426229508,0.0,0.0,업무 유입형,130341.45081967213,0.02013305908937666,0.03833534454931332
고속터미널,09-10시간대,4,2871.1967213114754,4778.102459016393,2871.1967213114754,4778.102459016393,0.0,0.0,업무 유입형,130341.45081967213,0.022028270387167828,0.036658349504079986
고속터미널,10-11시간대,5,2763.122950819672,4441.327868852459,0.0,0.0,0.0,0.0,업무 유입형,130341.45081967213,0.021199111513976184,0.03407456216669747
고속터미널,11-12시간대,6,3109.934426229508,4414.30737704918,0.0,0.0,0.0,0.0,업무 유입형,130341.45081967213,0.023859903405035084,0.03386725672676753
고속터미널,12-13시간대,7,3616.30737704918,4005.811475409836,0.0,0.0,0.0,0.0,업무 유입형,130341.45081967213,0.027744875895637792,0.030733212268381844
고속터미널,13-14시간대,8,3894.504098360656,3933.1434426229507,0.0,0.0,0.0,0.0,업무 유입형,130341.45081967213,0.029879244659848973,0.030175691753381424
고속터미널,14-15시간대,9,4387.049180327869,4024.1065573770493,0.0,0.0,0.0,0.0,업무 유입형,130341.45081967213,0.03365812757752227,0.03087357499913374
고속터미널,15-16시간대,10,5350.4713114754095,4125.918032786885,0.0,0.0,0.0,0.0,업무 유입형,130341.45081967213,0.04104965287579779,0.03165468856484579
고속터미널,16-17시간대,11,5834.647540983607,4036.3852459016393,0.0,0.0,0.0,0.0,업무 유입형,130341.45081967213,0.04476432864826603,0.030967779018249483
고속터미널,17-18시간대,12,7236.856557377049,4649.495901639344,0.0,0.0,7236.856557377049,4649.495901639344,업무 유입형,130341.45081967213,0.05552229556957492,0.03567165987796114
고속터미널,18-19시간대,13,6545.602459016393,5328.680327868852,0.0,0.0,6545.602459016393,5328.680327868852,업무 유입형,130341.45081967213,0.05021888599408225,0.04088246904080499
고속터미널,19-20시간대,14,4989.889344262295,3103.5860655737706,0.0,0.0,4989.889344262295,3103.5860655737706,업무 유입형,130341.45081967213,0.03828321161750627,0.02381119778901029
고속터미널,20-21시간대,15,5295.401639344263,1824.405737704918,0.0,0.0,0.0,0.0,업무 유입형,130341.45081967213,0.04062714973665952,0.013997126211438216
고속터미널,21-22시간대,16,3495.6311475409834,1490.954918032787,0.0,0.0,0.0,0.0,업무 유입형,130341.45081967213,0.026819028985469878,0.011438839361206194
고속터미널,22-23시간대,17,2332.8565573770493,1063.5655737704917,0.0,0.0,0.0,0.0,업무 유입형,130341.45081967213,0.017898040436917992,0.008159841455516239
고속터미널,23-24시간대,18,807.8524590163935,522.0409836065573,0.0,0.0,0.0,0.0,업무 유입형,130341.45081967213,0.006197970437923545,0.00400518008909386
고속터미널,24시이후,19,129.0204918032787,146.70491803278688,0.0,0.0,0.0,0.0,업무 유입형,130341.45081967213,0.0009898653957886277,0.0011255430801959821
공덕,06시이전,0,257.3483606557377,126.69672131147541,0.0,0.0,0.0,0.0,업무 유입형,77123.13114754099,0.0033368505249536024,0.001642784978077424
공덕,06-07시간대,1,584.1434426229508,852.655737704918,0.0,0.0,0.0,0.0,업무 유입형,77123.13114754099,0.007574166581819024,0.01105577179009678
공덕,07-08시간대,2,1931.844262295082,3482.7950819672133,1931.844262295082,3482.7950819672133,0.0,0.0,업무 유입형,77123.13114754099,0.02504883079240329,0.045158891115357154
공덕,08-09시간대,3,2885.3032786885246,7974.262295081967,2885.3032786885246,7974.262295081967,0.0,0.0,업무 유입형,77123.13114754099,0.037411645971281604,0.10339650603431472
공덕,09-10시간대,4,1610.2377049180327,3967.3565573770493,1610.2377049180327,3967.3565573770493,0.0,0.0,업무 유입형,77123.13114754099,0.02087879059056297,0.051441850173163585
공덕,10-11시간대,5,1224.9180327868853,1598.110655737705,0.0,0.0,0.0,0.0,업무 유입형,77123.13114754099,0.01588262839644758,0.02072154789307539
공덕,11-12시간대,6,1364.4754098360656,1397.9303278688524,0.0,0.0,0.0,0.0,업무 유입형,77123.13114754099,0.01769216821897111,0.018125954004571353
공덕,12-13시간대,7,1425.4098360655737,1289.938524590164,0.0,0.0,0.0,0.0,업무 유입형,77123.13114754099,0.01848226096187255,0.016725702203693432
공덕,13-14시간대,8,1591.6639344262296,1377.1844262295083,0.0,0.0,0.0,0.0,업무 유입형,77123.13114754099,0.02063795790890913,0.01785695686544255
공덕,14-15시간대,9,1519.0204918032787,1272.72131147541,0.0,0.0,0.0,0.0,업무 유입형,77123.13114754099,0.01969604279807189,0.016502459022839994
공덕,15-16시간대,10,1871.5532786885246,1363.1147540983607,0.0,0.0,0.0,0.0,업무 유입형,77123.13114754099,0.024267081105772734,0.017674525577684907
공덕,16-17시간대,11,2397.7049180327867,1649.8237704918033,0.0,0.0,0.0,0.0,업무 유입형,77123.13114754099,0.03108930981349602,0.02139207454292274
공덕,17-18시간대,12,4456.2786885245905,2454.688524590164,0.0,0.0,4456.2786885245905,2454.688524590164,업무 유입형,77123.13114754099,0.05778135070786315,0.03182817512808451
공덕,18-19시간대,13,6596.389344262295,3825.4590163934427,0.0,0.0,6596.389344262295,3825.4590163934427,업무 유입형,77123.13114754099,0.08553062156725746,0.049601967133247216
공덕,19-20시간대,14,2642.7745901639346,1983.47131147541,0.0,0.0,2642.7745901639346,1983.47131147541,업무 유입형,77123.13114754099,0.03426695144298738,0.0257182414920488
공덕,20-21시간대,15,2029.3360655737704,1180.5737704918033,0.0,0.0,0.0,0.0,업무 유입형,77123.13114754099,0.02631293666865695,0.015307648340071901
공덕,21-22시간대,16,1930.045081967213,1091.188524590164,0.0,0.0,0.0,0.0,업무 유입형,77123.13114754099,0.02502550211913629,0.014148654344734234
공덕,22-23시간대,17,1409.6803278688524,965.2909836065573,0.0,0.0,0.0,0.0,업무 유입형,77123.13114754099,0.01827830777736517,0.012516231761388164
공덕,23-24시간대,18,621.7049180327868,566.2172131147541,0.0,0.0,0.0,0.0,업무 유입형,77123.13114754099,0.008061199134192691,0.007341730096921869
공덕,24시이후,19,103.26639344262296,250.55327868852459,0.0,0.0,0.0,0.0,업무 유입형,77123.13114754099,0.0013389808207484263,0.0032487435994941875
공릉(서울과학기술대),06시이전,0,237.70491803278688,36.97950819672131,0.0,0.0,0.0,0.0,주거 유출·귀가형,27490.43442622951,0.008646822903823773,0.0013451772941586537
공릉(서울과학기술대),06-07시간대,1,605.483606557377,164.45901639344262,0.0,0.0,0.0,0.0,주거 유출·귀가형,27490.43442622951,0.02202524693388132,0.005982408784217938
공릉(서울과학기술대),07-08시간대,2,1648.5573770491803,498.96311475409834,1648.5573770491803,498.96311475409834,0.0,0.0,주거 유출·귀가형,27490.43442622951,0.059968400334781125,0.018150426690893673
공릉(서울과학기술대),08-09시간대,3,1806.0573770491803,1056.561475409836,1806.0573770491803,1056.561475409836,0.0,0.0,주거 유출·귀가형,27490.43442622951,0.06569766592433195,0.038433786059115044
공릉(서울과학기술대),09-10시간대,4,879.4508196721312,785.1926229508197,879.4508196721312,785.1926229508197,0.0,0.0,주거 유출·귀가형,27490.43442622951,0.031991157579998764,0.02856239413232561
공릉(서울과학기술대),10-11시간대,5,628.561475409836,531.8688524590164,0.0,0.0,0.0,0.0,주거 유출·귀가형,27490.43442622951,0.0228647341713198,0.01934741533045921
공릉(서울과학기술대),11-12시간대,6,616.4918032786885,482.8114754098361,0.0,0.0,0.0,0.0,주거 유출·귀가형,27490.43442622951,0.02242568428422047,0.017562889982894198
공릉(서울과학기술대),12-13시간대,7,669.7295081967213,566.1024590163935,0.0,0.0,0.0,0.0,주거 유출·귀가형,27490.43442622951,0.02436227444836997,0.020592706911763348
공릉(서울과학기술대),13-14시간대,8,679.6352459016393,611.1639344262295,0.0,0.0,0.0,0.0,주거 유출·귀가형,27490.43442622951,0.0247226084304138,0.022231876184652007
공릉(서울과학기술대),14-15시간대,9,636.6065573770492,566.4344262295082,0.0,0.0,0.0,0.0,주거 유출·귀가형,27490.43442622951,0.02315738440166818,0.020604782647197995
공릉(서울과학기술대),15-16시간대,10,762.9959016393443,679.0040983606557,0.0,0.0,0.0,0.0,주거 유출·귀가형,27490.43442622951,0.027754959772892687,0.02469964962477261
공릉(서울과학기술대),16-17시간대,11,878.172131147541,829.8196721311475,0.0,0.0,0.0,0.0,주거 유출·귀가형,27490.43442622951,0.03194464363610233,0.030185760590941767
공릉(서울과학기술대),17-18시간대,12,935.6844262295082,1062.422131147541,0.0,0.0,935.6844262295082,1062.422131147541,주거 유출·귀가형,27490.43442622951,0.03403672752936714,0.038646974968640356
공릉(서울과학기술대),18-19시간대,13,962.6516393442623,1723.9016393442623,0.0,0.0,962.6516393442623,1723.9016393442623,주거 유출·귀가형,27490.43442622951,0.0350176946794906,0.06270914502898624
공릉(서울과학기술대),19-20시간대,14,534.094262295082,1427.516393442623,0.0,0.0,534.094262295082,1427.516393442623,주거 유출·귀가형,27490.43442622951,0.01942836748281742,0.051927749533146106
공릉(서울과학기술대),20-21시간대,15,426.0655737704918,758.5409836065573,0.0,0.0,0.0,0.0,주거 유출·귀가형,27490.43442622951,0.015498684639336544,0.027592906385022747
공릉(서울과학기술대),21-22시간대,16,408.4590163934426,623.6229508196722,0.0,0.0,0.0,0.0,주거 유출·귀가형,27490.43442622951,0.014858223411839526,0.022685088971335185
공릉(서울과학기술대),22-23시간대,17,334.78688524590166,645.3688524590164,0.0,0.0,0.0,0.0,주거 유출·귀가형,27490.43442622951,0.012178304644268216,0.023476124183881546
공릉(서울과학기술대),23-24시간대,18,185.6762295081967,389.5860655737705,0.0,0.0,0.0,0.0,주거 유출·귀가형,27490.43442622951,0.006754212269960967,0.014171695489906624
공릉(서울과학기술대),24시이후,19,41.131147540983605,172.11885245901638,0.0,0.0,0.0,0.0,주거 유출·귀가형,27490.43442622951,0.0014961985286685413,0.006261045198135983
광나루(장신대),06시이전,0,164.39754098360655,69.84836065573771,0.0,0.0,0.0,0.0,혼합형,24426.0,0.006730432366478611,0.0028595906270260257
광나루(장신대),06-07시간대,1,535.4139344262295,314.13524590163934,0.0,0.0,0.0,0.0,혼합형,24426.0,0.02191983683068163,0.01286069130850894
광나루(장신대),07-08시간대,2,1342.1680327868853,596.0,1342.1680327868853,596.0,0.0,0.0,혼합형,24426.0,0.054948335085027646,0.024400229263899124
광나루(장신대),08-09시간대,3,1489.2459016393443,1353.6516393442623,1489.2459016393443,1353.6516393442623,0.0,0.0,혼합형,24426.0,0.060969700386446585,0.05541847373062566
광나루(장신대),09-10시간대,4,797.0655737704918,656.8975409836065,797.0655737704918,656.8975409836065,0.0,0.0,혼합형,24426.0,0.03263185023214983,0.026893373494784514
광나루(장신대),10-11시간대,5,577.905737704918,518.8975409836065,0.0,0.0,0.0,0.0,혼합형,24426.0,0.02365945049148113,0.02124365598066022
광나루(장신대),11-12시간대,6,525.5081967213115,471.46311475409834,0.0,0.0,0.0,0.0,혼합형,24426.0,0.021514296107480204,0.01930169142528856
광나루(장신대),12-13시간대,7,552.2827868852459,499.65983606557376,0.0,0.0,0.0,0.0,혼합형,24426.0,0.022610447346485135,0.020456064687856126
광나루(장신대),13-14시간대,8,581.1270491803278,507.3688524590164,0.0,0.0,0.0,0.0,혼합형,24426.0,0.023791330925257016,0.02077167168013659
광나루(장신대),14-15시간대,9,576.75,475.0532786885246,0.0,0.0,0.0,0.0,혼합형,24426.0,0.023612134610660772,0.019448672672092222
광나루(장신대),15-16시간대,10,721.4098360655738,537.905737704918,0.0,0.0,0.0,0.0,혼합형,24426.0,0.029534505693342088,0.02202185121202481
광나루(장신대),16-17시간대,11,863.5245901639345,695.3237704918033,0.0,0.0,0.0,0.0,혼합형,24426.0,0.035352681166131765,0.028466542638655667
광나루(장신대),17-18시간대,12,909.3852459016393,927.8032786885246,0.0,0.0,909.3852459016393,927.8032786885246,혼합형,24426.0,0.037230215585918255,0.03798424951643841
광나루(장신대),18-19시간대,13,1127.4795081967213,1353.5,0.0,0.0,1127.4795081967213,1353.5,혼합형,24426.0,0.046158990755617836,0.05541226561860313
광나루(장신대),19-20시간대,14,506.02868852459017,958.405737704918,0.0,0.0,506.02868852459017,958.405737704918,혼합형,24426.0,0.020716805392802348,0.03923711363730934
광나루(장신대),20-21시간대,15,387.8975409836066,568.0122950819672,0.0,0.0,0.0,0.0,혼합형,24426.0,0.015880518340440783,0.02325441312871396
광나루(장신대),21-22시간대,16,404.1803278688525,524.5450819672132,0.0,0.0,0.0,0.0,혼합형,24426.0,0.01654713534221127,0.021474866206796575
광나루(장신대),22-23시간대,17,326.9836065573771,509.98770491803276,0.0,0.0,0.0,0.0,혼합형,24426.0,0.013386702962309713,0.020878887452633783
광나루(장신대),23-24시간대,18,97.09836065573771,286.86475409836066,0.0,0.0,0.0,0.0,혼합형,24426.0,0.003975205136155642,0.011744237865322225
광나루(장신대),24시이후,19,19.08606557377049,95.73770491803279,0.0,0.0,0.0,0.0,혼합형,24426.0,0.0007813831807815643,0.0039194999147643
광명사거리,06시이전,0,757.688524590164,243.7377049180328,0.0,0.0,0.0,0.0,주거 유출·귀가형,46677.4262295082,0.016232440084949968,0.005221746882949353
광명사거리,06-07시간대,1,1372.72131147541,474.86475409836066,0.0,0.0,0.0,0.0,주거 유출·귀가형,46677.4262295082,0.029408676149491997,0.010173327718702795
광명사거리,07-08시간대,2,3635.2991803278687,651.188524590164,3635.2991803278687,651.188524590164,0.0,0.0,주거 유출·귀가형,46677.4262295082,0.07788131167415849,0.013950823282079342
광명사거리,08-09시간대,3,3656.848360655738,1091.3483606557377,3656.848360655738,1091.3483606557377,0.0,0.0,주거 유출·귀가형,46677.4262295082,0.07834297338236652,0.023380645609929043
광명사거리,09-10시간대,4,1810.577868852459,838.672131147541,1810.577868852459,838.672131147541,0.0,0.0,주거 유출·귀가형,46677.4262295082,0.038789153882436235,0.017967403065967575
광명사거리,10-11시간대,5,1062.8483606557377,785.8934426229508,0.0,0.0,0.0,0.0,주거 유출·귀가형,46677.4262295082,0.02277007209930169,0.01683669186811612
광명사거리,11-12시간대,6,958.2827868852459,928.8196721311475,0.0,0.0,0.0,0.0,주거 유출·귀가형,46677.4262295082,0.02052989773201003,0.01989869080536349
광명사거리,12-13시간대,7,1048.045081967213,1034.5245901639344,0.0,0.0,0.0,0.0,주거 유출·귀가형,46677.4262295082,0.02245293210499827,0.022163274064797
광명사거리,13-14시간대,8,1016.1926229508197,1061.233606557377,0.0,0.0,0.0,0.0,주거 유출·귀가형,46677.4262295082,0.02177053674627009,0.022735478201805694
광명사거리,14-15시간대,9,959.0491803278688,1053.0040983606557,0.0,0.0,0.0,0.0,주거 유출·귀가형,46677.4262295082,0.020546316663055085,0.02255917224705451
광명사거리,15-16시간대,10,1076.8688524590164,1339.8073770491803,0.0,0.0,0.0,0.0,주거 유출·귀가형,46677.4262295082,0.02307044195547888,0.02870354013225756
광명사거리,16-17시간대,11,1325.7131147540983,1552.2459016393443,0.0,0.0,0.0,0.0,주거 유출·귀가형,46677.4262295082,0.02840158984421507,0.03325474489546848
광명사거리,17-18시간대,12,1344.4139344262296,2090.7868852459014,0.0,0.0,1344.4139344262296,2090.7868852459014,주거 유출·귀가형,46677.4262295082,0.02880222932206848,0.04479224871923557
광명사거리,18-19시간대,13,1231.2745901639344,3463.5245901639346,0.0,0.0,1231.2745901639344,3463.5245901639346,주거 유출·귀가형,46677.4262295082,0.026378373651320904,0.07420127607580874
광명사거리,19-20시간대,14,758.2254098360655,2503.7090163934427,0.0,0.0,758.2254098360655,2503.7090163934427,주거 유출·귀가형,46677.4262295082,0.016243942116858534,0.0536385404817086
광명사거리,20-21시간대,15,532.9139344262295,1339.2459016393443,0.0,0.0,0.0,0.0,주거 유출·귀가형,46677.4262295082,0.011416951993152865,0.028691511289727228
광명사거리,21-22시간대,16,417.1393442622951,1110.7377049180327,0.0,0.0,0.0,0.0,주거 유출·귀가형,46677.4262295082,0.008936639784105983,0.02379603578519191
광명사거리,22-23시간대,17,313.17622950819674,920.7540983606557,0.0,0.0,0.0,0.0,주거 유출·귀가형,46677.4262295082,0.006709372277047598,0.019725896921424086
광명사거리,23-24시간대,18,134.19262295081967,547.3934426229508,0.0,0.0,0.0,0.0,주거 유출·귀가형,46677.4262295082,0.002874893364749977,0.011727155647603028
광명사거리,24시이후,19,37.35245901639344,197.11065573770492,0.0,0.0,0.0,0.0,주거 유출·귀가형,46677.4262295082,0.0008002253344632835,0.004222826142309811
광화문(세종문화회관),06시이전,0,46.868852459016395,41.450819672131146,0.0,0.0,0.0,0.0,업무 유입형,77791.95491803279,0.0006024897112869936,0.0005328419849559857
광화문(세종문화회관),06-07시간대,1,135.2622950819672,1276.1926229508197,0.0,0.0,0.0,0.0,업무 유입형,77791.95491803279,0.0017387697124270668,0.01640520056727599
광화문(세종문화회관),07-08시간대,2,378.1106557377049,3982.967213114754,378.1106557377049,3982.967213114754,0.0,0.0,업무 유입형,77791.95491803279,0.004860536750054804,0.051200245800629325
광화문(세종문화회관),08-09시간대,3,527.6598360655738,12872.77049180328,527.6598360655738,12872.77049180328,0.0,0.0,업무 유입형,77791.95491803279,0.006782961510885724,0.16547688646424888
광화문(세종문화회관),09-10시간대,4,464.8975409836066,5569.286885245901,464.8975409836066,5569.286885245901,0.0,0.0,업무 유입형,77791.95491803279,0.005976164777880388,0.07159206747168269
광화문(세종문화회관),10-11시간대,5,595.5860655737705,2148.2254098360654,0.0,0.0,0.0,0.0,업무 유입형,77791.95491803279,0.007656139586687633,0.027615007388612237
광화문(세종문화회관),11-12시간대,6,906.9303278688525,1944.0819672131147,0.0,0.0,0.0,0.0,업무 유입형,77791.95491803279,0.011658407721267059,0.024990784320326434
광화문(세종문화회관),12-13시간대,7,1052.0901639344263,1522.7909836065573,0.0,0.0,0.0,0.0,업무 유입형,77791.95491803279,0.013524408340720892,0.019575173103839334
광화문(세종문화회관),13-14시간대,8,1394.5737704918033,1622.811475409836,0.0,0.0,0.0,0.0,업무 유입형,77791.95491803279,0.017926966509084735,0.020860916493482484
광화문(세종문화회관),14-15시간대,9,1628.2540983606557,1262.3073770491803,0.0,0.0,0.0,0.0,업무 유입형,77791.95491803279,0.020930880321445855,0.01622670851220076
광화문(세종문화회관),15-16시간대,10,2075.9631147540986,1082.3401639344263,0.0,0.0,0.0,0.0,업무 유입형,77791.95491803279,0.026686090058303368,0.013913266032134787
광화문(세종문화회관),16-17시간대,11,2785.6967213114754,1150.9590163934427,0.0,0.0,0.0,0.0,업무 유입형,77791.95491803279,0.03580957342242763,0.0147953476372483
광화문(세종문화회관),17-18시간대,12,5338.229508196721,1597.860655737705,0.0,0.0,5338.229508196721,1597.860655737705,업무 유입형,77791.95491803279,0.0686218711667738,0.02054017870384317
광화문(세종문화회관),18-19시간대,13,9525.22950819672,1984.233606557377,0.0,0.0,9525.22950819672,1984.233606557377,업무 유입형,77791.95491803279,0.12244491757834328,0.02550692560237249
광화문(세종문화회관),19-20시간대,14,3252.1803278688526,891.1270491803278,0.0,0.0,3252.1803278688526,891.1270491803278,업무 유입형,77791.95491803279,0.04180612675559554,0.011455259738867388
광화문(세종문화회관),20-21시간대,15,2598.032786885246,388.87295081967216,0.0,0.0,0.0,0.0,업무 유입형,77791.95491803279,0.03339719113143153,0.004998883897819726
광화문(세종문화회관),21-22시간대,16,2738.467213114754,282.8975409836066,0.0,0.0,0.0,0.0,업무 유입형,77791.95491803279,0.03520244755386596,0.003636591229538939
광화문(세종문화회관),22-23시간대,17,1711.3688524590164,197.63114754098362,0.0,0.0,0.0,0.0,업무 유입형,77791.95491803279,0.02199930383883832,0.0025405088193145684
광화문(세종문화회관),23-24시간대,18,577.0901639344262,108.91803278688525,0.0,0.0,0.0,0.0,업무 유입형,77791.95491803279,0.007418378475544033,0.0014001194969537549
광화문(세종문화회관),24시이후,19,94.10655737704919,37.631147540983605,0.0,0.0,0.0,0.0,업무 유입형,77791.95491803279,0.0012097209470594567,0.00048374086472867915
광흥창(서강),06시이전,0,118.01639344262296,56.24590163934426,0.0,0.0,0.0,0.0,혼합형,21653.25,0.00545028545103497,0.002597573188290176
광흥창(서강),06-07시간대,1,335.2950819672131,248.98360655737704,0.0,0.0,0.0,0.0,혼합형,21653.25,0.01548474626059428,0.011498671403016962
광흥창(서강),07-08시간대,2,964.0532786885246,700.4303278688525,964.0532786885246,700.4303278688525,0.0,0.0,혼합형,21653.25,0.044522336309261876,0.03234758421340226
광흥창(서강),08-09시간대,3,1251.5696721311476,1564.1926229508197,1251.5696721311476,1564.1926229508197,0.0,0.0,혼합형,21653.25,0.05780054597490666,0.0722382378142228
광흥창(서강),09-10시간대,4,703.7909836065573,799.922131147541,703.7909836065573,799.922131147541,0.0,0.0,혼합형,21653.25,0.032502787507951804,0.03694235882131047
광흥창(서강),10-11시간대,5,494.27868852459017,464.7909836065574,0.0,0.0,0.0,0.0,혼합형,21653.25,0.02282699772665028,0.021465183453133245
광흥창(서강),11-12시간대,6,532.5532786885246,410.8975409836066,0.0,0.0,0.0,0.0,혼합형,21653.25,0.02459461183372125,0.01897625257102775
광흥창(서강),12-13시간대,7,513.594262295082,431.1188524590164,0.0,0.0,0.0,0.0,혼합형,21653.25,0.023719038125689308,0.01991012215067098
광흥창(서강),13-14시간대,8,471.327868852459,434.39344262295083,0.0,0.0,0.0,0.0,혼합형,21653.25,0.021767072788263148,0.020061350726701573
광흥창(서강),14-15시간대,9,476.70081967213116,421.2090163934426,0.0,0.0,0.0,0.0,혼합형,21653.25,0.022015208787231993,0.01945246170406025
광흥창(서강),15-16시간대,10,542.2131147540983,473.9385245901639,0.0,0.0,0.0,0.0,혼합형,21653.25,0.025040726669395972,0.021887639250004684
광흥창(서강),16-17시간대,11,647.1024590163935,525.110655737705,0.0,0.0,0.0,0.0,혼합형,21653.25,0.029884772910135592,0.024250893317987136
광흥창(서강),17-18시간대,12,976.0696721311475,704.6639344262295,0.0,0.0,976.0696721311475,704.6639344262295,혼합형,21653.25,0.0450772827234317,0.0325431025100726
광흥창(서강),18-19시간대,13,1354.9426229508197,1062.7622950819673,0.0,0.0,1354.9426229508197,1062.7622950819673,혼합형,21653.25,0.06257456146078855,0.04908095990587867
광흥창(서강),19-20시간대,14,578.0491803278688,763.1639344262295,0.0,0.0,578.0491803278688,763.1639344262295,혼합형,21653.25,0.02669572375176331,0.035244775469097225
광흥창(서강),20-21시간대,15,386.26229508196724,448.71311475409834,0.0,0.0,0.0,0.0,혼합형,21653.25,0.01783853671305542,0.02072266817933097
광흥창(서강),21-22시간대,16,359.17622950819674,394.2172131147541,0.0,0.0,0.0,0.0,혼합형,21653.25,0.016587636013448176,0.018205914267592813
광흥창(서강),22-23시간대,17,230.45081967213116,388.42622950819674,0.0,0.0,0.0,0.0,혼합형,21653.25,0.010642782015269355,0.01793847249296049
광흥창(서강),23-24시간대,18,93.43442622950819,219.12295081967213,0.0,0.0,0.0,0.0,혼합형,21653.25,0.004315030133098181,0.010119633349251134
광흥창(서강),24시이후,19,22.454918032786885,89.61065573770492,0.0,0.0,0.0,0.0,혼합형,21653.25,0.0010370229888255521,0.004138439067470468
교대(법원.검찰청),06시이전,0,170.05327868852459,297.2295081967213,0.0,0.0,0.0,0.0,업무 유입형,108678.79508196721,0.0015647328309102784,0.0027349356235735435
교대(법원.검찰청),06-07시간대,1,613.016393442623,1377.8852459016393,0.0,0.0,0.0,0.0,업무 유입형,108678.79508196721,0.005640625597479956,0.012678510512215536
교대(법원.검찰청),07-08시간대,2,1589.0983606557377,3322.0819672131147,1589.0983606557377,3322.0819672131147,0.0,0.0,업무 유입형,108678.79508196721,0.01462197257024441,0.030567894727831217
교대(법원.검찰청),08-09시간대,3,2259.0819672131147,9526.11475409836,2259.0819672131147,9526.11475409836,0.0,0.0,업무 유입형,108678.79508196721,0.020786777820910513,0.08765384955651762
교대(법원.검찰청),09-10시간대,4,1719.8032786885246,7373.4098360655735,1719.8032786885246,7373.4098360655735,0.0,0.0,업무 유입형,108678.79508196721,0.015824644332792084,0.06784589238870779
교대(법원.검찰청),10-11시간대,5,1616.9754098360656,3683.3975409836066,0.0,0.0,0.0,0.0,업무 유입형,108678.79508196721,0.014878481203407878,0.03389251360585597
교대(법원.검찰청),11-12시간대,6,1960.4959016393443,2848.9631147540986,0.0,0.0,0.0,0.0,업무 유입형,108678.79508196721,0.018039359933653187,0.026214526141970628
교대(법원.검찰청),12-13시간대,7,2089.69262295082,2550.872950819672,0.0,0.0,0.0,0.0,업무 유입형,108678.79508196721,0.019228154134159674,0.02347167125744967
교대(법원.검찰청),13-14시간대,8,2598.151639344262,2723.7008196721313,0.0,0.0,0.0,0.0,업무 유입형,108678.79508196721,0.023906702658827755,0.025061934277223762
교대(법원.검찰청),14-15시간대,9,3136.8360655737706,2364.401639344262,0.0,0.0,0.0,0.0,업무 유입형,108678.79508196721,0.028863368085815827,0.02175586909627581
교대(법원.검찰청),15-16시간대,10,3439.5696721311474,2253.4139344262294,0.0,0.0,0.0,0.0,업무 유입형,108678.79508196721,0.031648949268686416,0.02073462383095681
교대(법원.검찰청),16-17시간대,11,3804.5,2321.8032786885246,0.0,0.0,0.0,0.0,업무 유입형,108678.79508196721,0.03500682904269032,0.021363903390145107
교대(법원.검찰청),17-18시간대,12,6515.680327868852,3243.0204918032787,0.0,0.0,6515.680327868852,3243.0204918032787,업무 유입형,108678.79508196721,0.059953556928512376,0.02984041633289496
교대(법원.검찰청),18-19시간대,13,9182.16393442623,3821.004098360656,0.0,0.0,9182.16393442623,3821.004098360656,업무 유입형,108678.79508196721,0.0844890111957986,0.03515869029904864
교대(법원.검찰청),19-20시간대,14,4002.151639344262,2082.7868852459014,0.0,0.0,4002.151639344262,2082.7868852459014,업무 유입형,108678.79508196721,0.03682550617464776,0.019164611492748257
교대(법원.검찰청),20-21시간대,15,3368.6762295081967,1200.295081967213,0.0,0.0,0.0,0.0,업무 유입형,108678.79508196721,0.030996628431217785,0.011044427581865737
교대(법원.검찰청),21-22시간대,16,3271.9590163934427,1041.0245901639344,0.0,0.0,0.0,0.0,업무 유입형,108678.79508196721,0.03010669205456024,0.009578911777396663
교대(법원.검찰청),22-23시간대,17,2412.995901639344,986.7213114754098,0.0,0.0,0.0,0.0,업무 유입형,108678.79508196721,0.022203005653673523,0.009079244122381092
교대(법원.검찰청),23-24시간대,18,981.6352459016393,502.7254098360656,0.0,0.0,0.0,0.0,업무 유입형,108678.79508196721,0.0090324450612585,0.004625791162451722
교대(법원.검찰청),24시이후,19,214.76639344262296,210.63934426229508,0.0,0.0,0.0,0.0,업무 유입형,108678.79508196721,0.001976157292511781,0.001938182550730597
구로디지털단지,06시이전,0,1461.0245901639344,176.50819672131146,0.0,0.0,0.0,0.0,혼합형,128137.01639344262,0.011402049394359879,0.0013774957595340438
구로디지털단지,06-07시간대,1,2155.9262295081967,794.9467213114754,0.0,0.0,0.0,0.0,혼합형,128137.01639344262,0.016825163330543458,0.006203880374977706
구로디지털단지,07-08시간대,2,6177.049180327869,3733.9918032786886,6177.049180327869,3733.9918032786886,0.0,0.0,혼합형,128137.01639344262,0.04820659442671382,0.02914061766362288
구로디지털단지,08-09시간대,3,7998.61475409836,10229.512295081968,7998.61475409836,10229.512295081968,0.0,0.0,혼합형,128137.01639344262,0.06242235834131445,0.07983260874182069
구로디지털단지,09-10시간대,4,4422.872950819672,6137.024590163935,4422.872950819672,6137.024590163935,0.0,0.0,혼합형,128137.01639344262,0.03451674680202724,0.04789423667646748
구로디지털단지,10-11시간대,5,2377.2131147540986,2249.2049180327867,0.0,0.0,0.0,0.0,혼합형,128137.01639344262,0.01855211851862466,0.017553123846169787
구로디지털단지,11-12시간대,6,2012.6147540983607,1633.4467213114754,0.0,0.0,0.0,0.0,혼합형,128137.01639344262,0.015706739635006482,0.01274765690107848
구로디지털단지,12-13시간대,7,2285.7049180327867,1807.860655737705,0.0,0.0,0.0,0.0,혼합형,128137.01639344262,0.017837975179744836,0.014108808731636908
구로디지털단지,13-14시간대,8,2233.594262295082,2234.1024590163934,0.0,0.0,0.0,0.0,혼합형,128137.01639344262,0.017431296007680303,0.017435262049153837
구로디지털단지,14-15시간대,9,2037.282786885246,2077.8237704918033,0.0,0.0,0.0,0.0,혼합형,128137.01639344262,0.01589925256750011,0.01621564032763085
구로디지털단지,15-16시간대,10,2419.9303278688526,2389.2131147540986,0.0,0.0,0.0,0.0,혼합형,128137.01639344262,0.018885489891839653,0.018645768272128785
구로디지털단지,16-17시간대,11,3078.4754098360654,2919.3647540983607,0.0,0.0,0.0,0.0,혼합형,128137.01639344262,0.02402487194163829,0.022783149134161972
구로디지털단지,17-18시간대,12,5616.209016393443,4194.290983606557,0.0,0.0,5616.209016393443,4194.290983606557,혼합형,128137.01639344262,0.04382971583440779,0.032732859728277545
구로디지털단지,18-19시간대,13,8853.553278688525,6684.139344262295,0.0,0.0,8853.553278688525,6684.139344262295,혼합형,128137.01639344262,0.06909442351540193,0.05216400016478263
구로디지털단지,19-20시간대,14,4161.352459016393,5197.819672131148,0.0,0.0,4161.352459016393,5197.819672131148,혼합형,128137.01639344262,0.032475802669222675,0.04056454425449807
구로디지털단지,20-21시간대,15,2488.3237704918033,3176.9590163934427,0.0,0.0,0.0,0.0,혼합형,128137.01639344262,0.019419242312084476,0.02479345239816293
구로디지털단지,21-22시간대,16,2017.9303278688524,3013.2295081967213,0.0,0.0,0.0,0.0,혼합형,128137.01639344262,0.015748223149451443,0.02351568339116504
구로디지털단지,22-23시간대,17,1546.8073770491803,2932.1065573770493,0.0,0.0,0.0,0.0,혼합형,128137.01639344262,0.012071510798251564,0.02288258802884924
구로디지털단지,23-24시간대,18,715.2295081967213,1640.5368852459017,0.0,0.0,0.0,0.0,혼합형,128137.01639344262,0.005581755595124993,0.012802989576475387
구로디지털단지,24시이후,19,171.77868852459017,683.4467213114754,0.0,0.0,0.0,0.0,혼합형,128137.01639344262,0.0013405859864658194,0.0053337180820018735
구산,06시이전,0,242.2172131147541,10.586065573770492,0.0,0.0,0.0,0.0,주거 유출·귀가형,16272.040983606557,0.014885484455132483,0.0006505677796925129
구산,06-07시간대,1,547.3237704918033,79.29508196721312,0.0,0.0,0.0,0.0,주거 유출·귀가형,16272.040983606557,0.033635840214710035,0.004873087650596492
구산,07-08시간대,2,1380.7377049180327,271.905737704918,1380.7377049180327,271.905737704918,0.0,0.0,주거 유출·귀가형,16272.040983606557,0.08485338171831498,0.016709995874448224
구산,08-09시간대,3,1708.0081967213114,327.25409836065575,1708.0081967213114,327.25409836065575,0.0,0.0,주거 유출·귀가형,16272.040983606557,0.10496582441268816,0.020111435233622594
구산,09-10시간대,4,821.094262295082,206.96311475409837,821.094262295082,206.96311475409837,0.0,0.0,주거 유출·귀가형,16272.040983606557,0.0504604347495377,0.012718940110991952
구산,10-11시간대,5,488.17622950819674,192.94262295081967,0.0,0.0,0.0,0.0,주거 유출·귀가형,16272.040983606557,0.03000092182658679,0.01185730930405115
구산,11-12시간대,6,426.85655737704917,243.45491803278688,0.0,0.0,0.0,0.0,주거 유출·귀가형,16272.040983606557,0.02623251488901057,0.014961547741801914
구산,12-13시간대,7,443.26229508196724,262.405737704918,0.0,0.0,0.0,0.0,주거 유출·귀가형,16272.040983606557,0.027240731235161995,0.0161261723694822
구산,13-14시간대,8,378.03688524590166,299.13524590163934,0.0,0.0,0.0,0.0,주거 유출·귀가형,16272.040983606557,0.023232296773758068,0.018383388181175696
구산,14-15시간대,9,337.2950819672131,326.75,0.0,0.0,0.0,0.0,주거 유출·귀가형,16272.040983606557,0.020728504943358036,0.020080455815541996
구산,15-16시간대,10,402.8114754098361,432.905737704918,0.0,0.0,0.0,0.0,주거 유출·귀가형,16272.040983606557,0.02475482183308491,0.026604267905977717
구산,16-17시간대,11,447.905737704918,574.2991803278688,0.0,0.0,0.0,0.0,주거 유출·귀가형,16272.040983606557,0.02752609449276618,0.03529361687980338
구산,17-18시간대,12,423.4016393442623,642.577868852459,0.0,0.0,423.4016393442623,642.577868852459,주거 유출·귀가형,16272.040983606557,0.026020192535824046,0.03948969090600442
구산,18-19시간대,13,366.0614754098361,997.0245901639345,0.0,0.0,366.0614754098361,997.0245901639345,주거 유출·귀가형,16272.040983606557,0.022496346695453178,0.061272251659665655
구산,19-20시간대,14,235.077868852459,859.889344262295,0.0,0.0,235.077868852459,859.889344262295,주거 유출·귀가형,16272.040983606557,0.014446735298251199,0.05284459061580534
구산,20-21시간대,15,173.6516393442623,420.85655737704917,0.0,0.0,0.0,0.0,주거 유출·귀가형,16272.040983606557,0.010671779865796153,0.025863784254295183
구산,21-22시간대,16,149.11065573770492,366.79918032786884,0.0,0.0,0.0,0.0,주거 유출·귀가형,16272.040983606557,0.009163611122165195,0.02254168242922966
구산,22-23시간대,17,140.04098360655738,317.90983606557376,0.0,0.0,0.0,0.0,주거 유출·귀가형,16272.040983606557,0.008606233461902117,0.019537182605787157
구산,23-24시간대,18,44.26229508196721,190.71311475409837,0.0,0.0,0.0,0.0,주거 유출·귀가형,16272.040983606557,0.002720144026588904,0.011720294641971118
구산,24시이후,19,12.655737704918034,80.38524590163935,0.0,0.0,0.0,0.0,주거 유출·귀가형,16272.040983606557,0.000777759699454309,0.004940083790510627
구의(광진구청),06시이전,0,535.8811475409836,53.10655737704918,0.0,0.0,0.0,0.0,주거 유출·귀가형,58046.479508196724,0.00923193192905544,0.0009148971277327855
구의(광진구청),06-07시간대,1,1153.1803278688524,578.7909836065573,0.0,0.0,0.0,0.0,주거 유출·귀가형,58046.479508196724,0.01986649901319187,0.009971164289555691
구의(광진구청),07-08시간대,2,3335.622950819672,773.0696721311475,3335.622950819672,773.0696721311475,0.0,0.0,주거 유출·귀가형,58046.479508196724,0.057464690004992464,0.013318114701891311
구의(광진구청),08-09시간대,3,5392.286885245901,1959.233606557377,5392.286885245901,1959.233606557377,0.0,0.0,주거 유출·귀가형,58046.479508196724,0.09289601937847856,0.03375284122580964
구의(광진구청),09-10시간대,4,3038.19262295082,998.9016393442623,3038.19262295082,998.9016393442623,0.0,0.0,주거 유출·귀가형,58046.479508196724,0.052340687130247025,0.01720865154627005
구의(광진구청),10-11시간대,5,1475.3565573770493,867.155737704918,0.0,0.0,0.0,0.0,주거 유출·귀가형,58046.479508196724,0.025416813730602124,0.014938989324623335
구의(광진구청),11-12시간대,6,1098.72131147541,855.5655737704918,0.0,0.0,0.0,0.0,주거 유출·귀가형,58046.479508196724,0.018928302298165386,0.014739318921997289
구의(광진구청),12-13시간대,7,1144.1147540983607,939.7991803278688,0.0,0.0,0.0,0.0,주거 유출·귀가형,58046.479508196724,0.019710321173514074,0.016190459581535175
구의(광진구청),13-14시간대,8,1143.2295081967213,1049.6639344262296,0.0,0.0,0.0,0.0,주거 유출·귀가형,58046.479508196724,0.019695070534558195,0.01808316272269375
구의(광진구청),14-15시간대,9,1092.672131147541,1125.8852459016393,0.0,0.0,0.0,0.0,주거 유출·귀가형,58046.479508196724,0.01882408959863354,0.019396270978718932
구의(광진구청),15-16시간대,10,1162.782786885246,1428.2377049180327,0.0,0.0,0.0,0.0,주거 유출·귀가형,58046.479508196724,0.020031926082977172,0.02460507023025146
구의(광진구청),16-17시간대,11,1439.561475409836,1689.299180327869,0.0,0.0,0.0,0.0,주거 유출·귀가형,58046.479508196724,0.02480015132022875,0.02910252602122621
구의(광진구청),17-18시간대,12,1607.7909836065573,2537.995901639344,0.0,0.0,1607.7909836065573,2537.995901639344,주거 유출·귀가형,58046.479508196724,0.02769833756032563,0.043723511281695465
구의(광진구청),18-19시간대,13,2007.811475409836,4392.065573770492,0.0,0.0,2007.811475409836,4392.065573770492,주거 유출·귀가형,58046.479508196724,0.03458972003851351,0.07566463308339466
구의(광진구청),19-20시간대,14,1049.110655737705,3035.311475409836,0.0,0.0,1049.110655737705,3035.311475409836,주거 유출·귀가형,58046.479508196724,0.018073631073346325,0.05229105194883043
구의(광진구청),20-21시간대,15,811.4098360655738,1897.655737704918,0.0,0.0,0.0,0.0,주거 유출·귀가형,58046.479508196724,0.013978622699262836,0.03269200395584629
구의(광진구청),21-22시간대,16,759.8565573770492,1731.5573770491803,0.0,0.0,0.0,0.0,주거 유출·귀가형,58046.479508196724,0.01309048479451282,0.02983053221693949
구의(광진구청),22-23시간대,17,634.4877049180328,1610.733606557377,0.0,0.0,0.0,0.0,주거 유출·귀가형,58046.479508196724,0.01093068365719642,0.027749031813891933
구의(광진구청),23-24시간대,18,328.7336065573771,860.4180327868852,0.0,0.0,0.0,0.0,주거 유출·귀가형,58046.479508196724,0.005663282413379725,0.014822915017014698
구의(광진구청),24시이후,19,75.9139344262295,375.3155737704918,0.0,0.0,0.0,0.0,주거 유출·귀가형,58046.479508196724,0.0013078128952766156,0.006465776683622883
구파발,06시이전,0,522.7745901639345,71.47950819672131,0.0,0.0,0.0,0.0,주거 유출·귀가형,47449.639344262294,0.011017461826654525,0.0015064289040874399
구파발,06-07시간대,1,1532.9754098360656,438.9795081967213,0.0,0.0,0.0,0.0,주거 유출·귀가형,47449.639344262294,0.03230741963524399,0.009251482503624205
구파발,07-08시간대,2,3845.0122950819673,920.5450819672132,3845.0122950819673,920.5450819672132,0.0,0.0,주거 유출·귀가형,47449.639344262294,0.08103354099670125,0.019400465307825934
구파발,08-09시간대,3,3557.7745901639346,1138.1598360655737,3557.7745901639346,1138.1598360655737,0.0,0.0,주거 유출·귀가형,47449.639344262294,0.07498001332214863,0.02398669098004856
구파발,09-10시간대,4,1815.061475409836,862.8975409836065,1815.061475409836,862.8975409836065,0.0,0.0,주거 유출·귀가형,47449.639344262294,0.03825237663538357,0.0181855447777592
구파발,10-11시간대,5,1144.7540983606557,920.6311475409836,0.0,0.0,0.0,0.0,주거 유출·귀가형,47449.639344262294,0.024125664898211323,0.01940227913770873
구파발,11-12시간대,6,1073.1967213114754,873.4508196721312,0.0,0.0,0.0,0.0,주거 유출·귀가형,47449.639344262294,0.022617594909944208,0.01840795487053055
구파발,12-13시간대,7,1064.2131147540983,932.2090163934427,0.0,0.0,0.0,0.0,주거 유출·귀가형,47449.639344262294,0.022428265619320986,0.019646282443370505
구파발,13-14시간대,8,1007.4098360655738,1006.8237704918033,0.0,0.0,0.0,0.0,주거 유출·귀가형,47449.639344262294,0.02123113789667596,0.021218786578902638
구파발,14-15시간대,9,1035.6024590163934,1047.8319672131147,0.0,0.0,0.0,0.0,주거 유출·귀가형,47449.639344262294,0.021825296742568823,0.022083033331628907
구파발,15-16시간대,10,1216.717213114754,1119.594262295082,0.0,0.0,0.0,0.0,주거 유출·귀가형,47449.639344262294,0.02564228579878304,0.023595421962474106
구파발,16-17시간대,11,1421.5,1445.0860655737704,0.0,0.0,0.0,0.0,주거 유출·귀가형,47449.639344262294,0.029958078072766018,0.030455153833503543
구파발,17-18시간대,12,1454.2418032786886,1889.6024590163934,0.0,0.0,1454.2418032786886,1889.6024590163934,주거 유출·귀가형,47449.639344262294,0.030648110783892363,0.03982332605958759
구파발,18-19시간대,13,1131.110655737705,3193.995901639344,0.0,0.0,1131.110655737705,3193.995901639344,주거 유출·귀가형,47449.639344262294,0.023838129675362456,0.06731338627182987
구파발,19-20시간대,14,719.9713114754098,2578.934426229508,0.0,0.0,719.9713114754098,2578.934426229508,주거 유출·귀가형,47449.639344262294,0.015173377952396813,0.054350980573709205
구파발,20-21시간대,15,564.639344262295,1407.5081967213114,0.0,0.0,0.0,0.0,주거 유출·귀가형,47449.639344262294,0.011899760505357189,0.029663201157534406
구파발,21-22시간대,16,503.5327868852459,1243.3237704918033,0.0,0.0,0.0,0.0,주거 유출·귀가형,47449.639344262294,0.010611941288572388,0.026203018351121536
구파발,22-23시간대,17,407.827868852459,1118.594262295082,0.0,0.0,0.0,0.0,주거 유출·귀가형,47449.639344262294,0.008594962458903798,0.023574346986693053
구파발,23-24시간대,18,124.50409836065573,679.4672131147541,0.0,0.0,0.0,0.0,주거 유출·귀가형,47449.639344262294,0.002623920857592588,0.014319755060412628
구파발,24시이후,19,32.56967213114754,385.13524590163934,0.0,0.0,0.0,0.0,주거 유출·귀가형,47449.639344262294,0.0006864050513607525,0.008116715979806718
군자(능동),06시이전,0,616.7131147540983,66.06557377049181,0.0,0.0,0.0,0.0,주거 유출·귀가형,57761.262295081964,0.010676932778988244,0.0011437695636391401
군자(능동),06-07시간대,1,1051.3483606557377,416.344262295082,0.0,0.0,0.0,0.0,주거 유출·귀가형,57761.262295081964,0.018201616773621893,0.00720801876122661
군자(능동),07-08시간대,2,3080.5245901639346,768.405737704918,3080.5245901639346,768.405737704918,0.0,0.0,주거 유출·귀가형,57761.262295081964,0.053332016437359325,0.013303132708205085
군자(능동),08-09시간대,3,4561.418032786885,2323.5409836065573,4561.418032786885,2323.5409836065573,0.0,0.0,주거 유출·귀가형,57761.262295081964,0.07897019302459503,0.040226630985597304
군자(능동),09-10시간대,4,2383.4918032786886,1575.4959016393443,2383.4918032786886,1575.4959016393443,0.0,0.0,주거 유출·귀가형,57761.262295081964,0.04126453800649764,0.027275995001471577
군자(능동),10-11시간대,5,1257.6803278688524,958.0,0.0,0.0,0.0,0.0,주거 유출·귀가형,57761.262295081964,0.021773768056587928,0.01658551011413004
군자(능동),11-12시간대,6,1100.266393442623,899.0204918032787,0.0,0.0,0.0,0.0,주거 유출·귀가형,57761.262295081964,0.019048517115532362,0.01556441906013929
군자(능동),12-13시간대,7,1198.877049180328,929.0983606557377,0.0,0.0,0.0,0.0,주거 유출·귀가형,57761.262295081964,0.020755728000812844,0.016085146406761352
군자(능동),13-14시간대,8,1187.5081967213114,1052.9631147540983,0.0,0.0,0.0,0.0,주거 유출·귀가형,57761.262295081964,0.020558903139179158,0.018229572431690988
군자(능동),14-15시간대,9,1094.717213114754,1090.0696721311476,0.0,0.0,0.0,0.0,주거 유출·귀가형,57761.262295081964,0.018952446148462424,0.018871984939705183
군자(능동),15-16시간대,10,1171.061475409836,1317.717213114754,0.0,0.0,0.0,0.0,주거 유출·귀가형,57761.262295081964,0.020274166956866263,0.02281316509987265
군자(능동),16-17시간대,11,1405.4262295081967,1653.27868852459,0.0,0.0,0.0,0.0,주거 유출·귀가형,57761.262295081964,0.024331639816463302,0.028622620469728847
군자(능동),17-18시간대,12,2018.3934426229507,2436.55737704918,0.0,0.0,2018.3934426229507,2436.55737704918,주거 유출·귀가형,57761.262295081964,0.03494372114500699,0.04218324323664649
군자(능동),18-19시간대,13,2463.504098360656,4193.418032786885,0.0,0.0,2463.504098360656,4193.418032786885,주거 유출·귀가형,57761.262295081964,0.042649762149855386,0.07259914112271626
군자(능동),19-20시간대,14,1419.6352459016393,2762.8975409836066,0.0,0.0,1419.6352459016393,2762.8975409836066,주거 유출·귀가형,57761.262295081964,0.024577635416781967,0.04783305335103197
군자(능동),20-21시간대,15,1174.9467213114754,1608.9180327868853,0.0,0.0,0.0,0.0,주거 유출·귀가형,57761.262295081964,0.020341430824504597,0.027854620360744355
군자(능동),21-22시간대,16,1151.532786885246,1367.532786885246,0.0,0.0,0.0,0.0,주거 유출·귀가형,57761.262295081964,0.01993607378250271,0.023675604246648944
군자(능동),22-23시간대,17,923.8565573770492,1288.4877049180327,0.0,0.0,0.0,0.0,주거 유출·귀가형,57761.262295081964,0.015994396948207108,0.022307125116753895
군자(능동),23-24시간대,18,503.3606557377049,735.5901639344262,0.0,0.0,0.0,0.0,주거 유출·귀가형,57761.262295081964,0.008714502345295234,0.012735008459069936
군자(능동),24시이후,19,131.41803278688525,422.1803278688525,0.0,0.0,0.0,0.0,주거 유출·귀가형,57761.262295081964,0.002275193227521877,0.007309056469577859
굽은다리(강동구민회관앞),06시이전,0,300.6967213114754,24.93032786885246,0.0,0.0,0.0,0.0,주거 유출·귀가형,21458.60655737705,0.014012872667545216,0.0011617868943257128
굽은다리(강동구민회관앞),06-07시간대,1,562.3483606557377,108.76639344262296,0.0,0.0,0.0,0.0,주거 유출·귀가형,21458.60655737705,0.026206191867682728,0.005068660593212246
굽은다리(강동구민회관앞),07-08시간대,2,1571.8647540983607,267.9754098360656,1571.8647540983607,267.9754098360656,0.0,0.0,주거 유출·귀가형,21458.60655737705,0.07325101701713173,0.012488015431921923
굽은다리(강동구민회관앞),08-09시간대,3,1678.3811475409836,609.4877049180328,1678.3811475409836,609.4877049180328,0.0,0.0,주거 유출·귀가형,21458.60655737705,0.0782148245764816,0.02840294887220917
굽은다리(강동구민회관앞),09-10시간대,4,819.7950819672132,431.6475409836066,819.7950819672132,431.6475409836066,0.0,0.0,주거 유출·귀가형,21458.60655737705,0.038203556217651216,0.02011535743616188
굽은다리(강동구민회관앞),10-11시간대,5,564.389344262295,365.65983606557376,0.0,0.0,0.0,0.0,주거 유출·귀가형,21458.60655737705,0.026301304455776463,0.017040241410263755
굽은다리(강동구민회관앞),11-12시간대,6,513.4303278688525,403.0655737704918,0.0,0.0,0.0,0.0,주거 유출·귀가형,21458.60655737705,0.023926545579556525,0.01878339922458412
굽은다리(강동구민회관앞),12-13시간대,7,550.0286885245902,433.71311475409834,0.0,0.0,0.0,0.0,주거 유출·귀가형,21458.60655737705,0.025632078534731373,0.020211615959051927
굽은다리(강동구민회관앞),13-14시간대,8,528.7090163934427,473.5860655737705,0.0,0.0,0.0,0.0,주거 유출·귀가형,21458.60655737705,0.024638553066330525,0.02206974923126874
굽은다리(강동구민회관앞),14-15시간대,9,470.7827868852459,502.38524590163934,0.0,0.0,0.0,0.0,주거 유출·귀가형,21458.60655737705,0.02193911266448939,0.023411829866880573
굽은다리(강동구민회관앞),15-16시간대,10,475.9918032786885,557.5491803278688,0.0,0.0,0.0,0.0,주거 유출·귀가형,21458.60655737705,0.02218185985217441,0.02598254359326954
굽은다리(강동구민회관앞),16-17시간대,11,545.2622950819672,748.594262295082,0.0,0.0,0.0,0.0,주거 유출·귀가형,21458.60655737705,0.025409958173379932,0.03488550201493535
굽은다리(강동구민회관앞),17-18시간대,12,589.8360655737705,875.6270491803278,0.0,0.0,589.8360655737705,875.6270491803278,주거 유출·귀가형,21458.60655737705,0.02748715598082469,0.04080540117267327
굽은다리(강동구민회관앞),18-19시간대,13,625.5737704918033,1532.7909836065573,0.0,0.0,625.5737704918033,1532.7909836065573,주거 유출·귀가형,21458.60655737705,0.02915258121812869,0.07143012662579498
굽은다리(강동구민회관앞),19-20시간대,14,353.61475409836066,1092.8565573770493,0.0,0.0,353.61475409836066,1092.8565573770493,주거 유출·귀가형,21458.60655737705,0.01647892434920453,0.05092858916327661
굽은다리(강동구민회관앞),20-21시간대,15,273.0204918032787,672.0901639344262,0.0,0.0,0.0,0.0,주거 유출·귀가형,21458.60655737705,0.01272312305429821,0.03132030787448194
굽은다리(강동구민회관앞),21-22시간대,16,271.4795081967213,471.3196721311475,0.0,0.0,0.0,0.0,주거 유출·귀가형,21458.60655737705,0.012651311140396112,0.02196413224087549
굽은다리(강동구민회관앞),22-23시간대,17,182.61885245901638,539.516393442623,0.0,0.0,0.0,0.0,주거 유출·귀가형,21458.60655737705,0.008510284764796882,0.02514219140930881
굽은다리(강동구민회관앞),23-24시간대,18,59.64344262295082,278.1311475409836,0.0,0.0,0.0,0.0,주거 유출·귀가형,21458.60655737705,0.0027794648484501232,0.01296128650279799
굽은다리(강동구민회관앞),24시이후,19,17.741803278688526,113.70491803278688,0.0,0.0,0.0,0.0,주거 유출·귀가형,21458.60655737705,0.0008267919555377299,0.005298802498137856
금호,06시이전,0,170.7622950819672,23.540983606557376,0.0,0.0,0.0,0.0,주거 유출·귀가형,17396.516393442624,0.009815890217327285,0.0013532010130160785
금호,06-07시간대,1,429.90983606557376,100.65983606557377,0.0,0.0,0.0,0.0,주거 유출·귀가형,17396.516393442624,0.024712409446963894,0.005786206490370457
금호,07-08시간대,2,1231.672131147541,188.54098360655738,1231.672131147541,188.54098360655738,0.0,0.0,주거 유출·귀가형,17396.516393442624,0.07079992932445962,0.010837858531126685
금호,08-09시간대,3,1650.3032786885246,384.8032786885246,1650.3032786885246,384.8032786885246,0.0,0.0,주거 유출·귀가형,17396.516393442624,0.09486400848106484,0.022119559455798337
금호,09-10시간대,4,918.905737704918,254.04508196721312,918.905737704918,254.04508196721312,0.0,0.0,주거 유출·귀가형,17396.516393442624,0.052821249779138935,0.01460321573708699
금호,10-11시간대,5,520.6188524590164,240.172131147541,0.0,0.0,0.0,0.0,주거 유출·귀가형,17396.516393442624,0.02992661523057895,0.013805760056540432
금호,11-12시간대,6,422.2581967213115,249.61065573770492,0.0,0.0,0.0,0.0,주거 유출·귀가형,17396.516393442624,0.024272572000706757,0.014348312621473585
금호,12-13시간대,7,397.422131147541,293.9344262295082,0.0,0.0,0.0,0.0,주거 유출·귀가형,17396.516393442624,0.022844926085164027,0.016896165851934743
금호,13-14시간대,8,368.12704918032784,348.63524590163934,0.0,0.0,0.0,0.0,주거 유출·귀가형,17396.516393442624,0.02116096354320042,0.020040520643147416
금호,14-15시간대,9,323.48770491803276,378.20081967213116,0.0,0.0,0.0,0.0,주거 유출·귀가형,17396.516393442624,0.018594970257376758,0.021740031803993167
금호,15-16시간대,10,332.45081967213116,490.1844262295082,0.0,0.0,0.0,0.0,주거 유출·귀가형,17396.516393442624,0.019110194946698862,0.02817716002120266
금호,16-17시간대,11,372.6967213114754,614.6311475409836,0.0,0.0,0.0,0.0,주거 유출·귀가형,17396.516393442624,0.021423640968254904,0.03533070263266388
금호,17-18시간대,12,432.7090163934426,849.844262295082,0.0,0.0,432.7090163934426,849.844262295082,주거 유출·귀가형,17396.516393442624,0.024873314093880675,0.04885140467636492
금호,18-19시간대,13,453.50409836065575,1279.7459016393443,0.0,0.0,453.50409836065575,1279.7459016393443,주거 유출·귀가형,17396.516393442624,0.026068673066729487,0.07356334295305966
금호,19-20시간대,14,315.6516393442623,878.4016393442623,0.0,0.0,315.6516393442623,878.4016393442623,주거 유출·귀가형,17396.516393442624,0.01814453148006361,0.05049296189410448
금호,20-21시간대,15,219.91803278688525,578.2254098360655,0.0,0.0,0.0,0.0,주거 유출·귀가형,17396.516393442624,0.012641498321455915,0.03323799988220743
금호,21-22시간대,16,169.14344262295083,490.62704918032784,0.0,0.0,0.0,0.0,주거 유출·귀가형,17396.516393442624,0.009722834089168974,0.028202603215737084
금호,22-23시간대,17,132.20491803278688,476.2049180327869,0.0,0.0,0.0,0.0,주거 유출·귀가형,17396.516393442624,0.007599505271217386,0.027373579127157075
금호,23-24시간대,18,66.87295081967213,237.6516393442623,0.0,0.0,0.0,0.0,주거 유출·귀가형,17396.516393442624,0.0038440426409093583,0.013660875198774956
금호,24시이후,19,22.12295081967213,88.11475409836065,0.0,0.0,0.0,0.0,주거 유출·귀가형,17396.516393442624,0.0012716885564520877,0.005065080393427174
길동,06시이전,0,204.39754098360655,32.57786885245902,0.0,0.0,0.0,0.0,주거 유출·귀가형,19945.463114754097,0.010247821261789063,0.0016333473264083026
길동,06-07시간대,1,406.41803278688525,158.10655737704917,0.0,0.0,0.0,0.0,주거 유출·귀가형,19945.463114754097,0.020376465086250562,0.007926943409004843
길동,07-08시간대,2,1113.7131147540983,307.55737704918033,1113.7131147540983,307.55737704918033,0.0,0.0,주거 유출·귀가형,19945.463114754097,0.055837917041407795,0.015419916563465171
길동,08-09시간대,3,1303.3647540983607,859.2459016393443,1303.3647540983607,859.2459016393443,0.0,0.0,주거 유출·귀가형,19945.463114754097,0.06534642723508552,0.043079766897151726
길동,09-10시간대,4,659.3852459016393,589.4139344262295,659.3852459016393,589.4139344262295,0.0,0.0,주거 유출·귀가형,19945.463114754097,0.033059410157986135,0.029551278455411098
길동,10-11시간대,5,518.3770491803278,414.827868852459,0.0,0.0,0.0,0.0,주거 유출·귀가형,19945.463114754097,0.02598972238437888,0.02079810664038188
길동,11-12시간대,6,496.0450819672131,416.28688524590166,0.0,0.0,0.0,0.0,주거 유출·귀가형,19945.463114754097,0.024870070908520427,0.02087125692950018
길동,12-13시간대,7,529.733606557377,451.1311475409836,0.0,0.0,0.0,0.0,주거 유출·귀가형,19945.463114754097,0.026559102865128335,0.022618233778050105
길동,13-14시간대,8,538.5,458.47131147540983,0.0,0.0,0.0,0.0,주거 유출·귀가형,19945.463114754097,0.026998621034858786,0.02298624548538402
길동,14-15시간대,9,471.80737704918033,516.422131147541,0.0,0.0,0.0,0.0,주거 유출·귀가형,19945.463114754097,0.023654872004459704,0.02589170921609397
길동,15-16시간대,10,505.9590163934426,570.0286885245902,0.0,0.0,0.0,0.0,주거 유출·귀가형,19945.463114754097,0.02536712301351246,0.028579365906170783
길동,16-17시간대,11,576.233606557377,693.0573770491803,0.0,0.0,0.0,0.0,주거 유출·귀가형,19945.463114754097,0.02889046011326377,0.03474762020123316
길동,17-18시간대,12,655.8688524590164,830.4016393442623,0.0,0.0,655.8688524590164,830.4016393442623,주거 유출·귀가형,19945.463114754097,0.03288310974207742,0.04163361033868379
길동,18-19시간대,13,717.610655737705,1220.299180327869,0.0,0.0,717.610655737705,1220.299180327869,주거 유출·귀가형,19945.463114754097,0.03597864093749082,0.06118179223550778
길동,19-20시간대,14,370.9672131147541,921.5532786885246,0.0,0.0,370.9672131147541,921.5532786885246,주거 유출·귀가형,19945.463114754097,0.018599077443348083,0.04620365410351547
길동,20-21시간대,15,263.0081967213115,541.3032786885246,0.0,0.0,0.0,0.0,주거 유출·귀가형,19945.463114754097,0.013186367005274426,0.02713916821956923
길동,21-22시간대,16,251.38934426229508,398.0983606557377,0.0,0.0,0.0,0.0,주거 유출·귀가형,19945.463114754097,0.012603835910750896,0.019959344055604084
길동,22-23시간대,17,178.5,377.44262295081967,0.0,0.0,0.0,0.0,주거 유출·귀가형,19945.463114754097,0.008949403629939264,0.018923733220895588
길동,23-24시간대,18,78.01639344262296,218.89754098360655,0.0,0.0,0.0,0.0,주거 유출·귀가형,19945.463114754097,0.003911485684426777,0.01097480362948721
길동,24시이후,19,22.221311475409838,108.82377049180327,0.0,0.0,0.0,0.0,주거 유출·귀가형,19945.463114754097,0.0011141035606725142,0.005456066367860064
길음,06시이전,0,420.24590163934425,59.49180327868852,0.0,0.0,0.0,0.0,주거 유출·귀가형,48073.54918032787,0.008741728222789772,0.0012375163534427182
길음,06-07시간대,1,1463.344262295082,280.60655737704917,0.0,0.0,0.0,0.0,주거 유출·귀가형,48073.54918032787,0.030439696823838746,0.005837026018704604
길음,07-08시간대,2,3976.8565573770493,606.5532786885246,3976.8565573770493,606.5532786885246,0.0,0.0,주거 유출·귀가형,48073.54918032787,0.08272442174925614,0.012617193634139493
길음,08-09시간대,3,3890.6188524590166,1416.327868852459,3890.6188524590166,1416.327868852459,0.0,0.0,주거 유출·귀가형,48073.54918032787,0.08093055159844725,0.029461687206403166
길음,09-10시간대,4,1971.4303278688524,984.6229508196722,1971.4303278688524,984.6229508196722,0.0,0.0,주거 유출·귀가형,48073.54918032787,0.04100862868422412,0.02048159471492878
길음,10-11시간대,5,1166.6803278688524,803.9303278688525,0.0,0.0,0.0,0.0,주거 유출·귀가형,48073.54918032787,0.024268653922191966,0.016722924385159148
길음,11-12시간대,6,1003.8852459016393,905.733606557377,0.0,0.0,0.0,0.0,주거 유출·귀가형,48073.54918032787,0.020882278571444403,0.018840581192786393
길음,12-13시간대,7,1016.7827868852459,866.9795081967213,0.0,0.0,0.0,0.0,주거 유출·귀가형,48073.54918032787,0.021150566251541138,0.018034439374230708
길음,13-14시간대,8,983.6967213114754,942.3483606557377,0.0,0.0,0.0,0.0,주거 유출·귀가형,48073.54918032787,0.020462327789062283,0.019602221527703537
길음,14-15시간대,9,923.5409836065573,1026.8852459016393,0.0,0.0,0.0,0.0,주거 유출·귀가형,48073.54918032787,0.019211000630352432,0.02136071214650093
길음,15-16시간대,10,1034.377049180328,1167.6639344262296,0.0,0.0,0.0,0.0,주거 유출·귀가형,48073.54918032787,0.0215165525911202,0.024289114374439577
길음,16-17시간대,11,1212.9754098360656,1527.5819672131147,0.0,0.0,0.0,0.0,주거 유출·귀가형,48073.54918032787,0.025231659207979304,0.03177593485937616
길음,17-18시간대,12,1311.4795081967213,2146.344262295082,0.0,0.0,1311.4795081967213,2146.344262295082,주거 유출·귀가형,48073.54918032787,0.027280688248692703,0.04464709385703907
길음,18-19시간대,13,1315.9918032786886,3365.401639344262,0.0,0.0,1315.9918032786886,3365.401639344262,주거 유출·귀가형,48073.54918032787,0.0273745505733786,0.07000526686141606
길음,19-20시간대,14,712.9303278688525,2640.4508196721313,0.0,0.0,712.9303278688525,2640.4508196721313,주거 유출·귀가형,48073.54918032787,0.014829991544718108,0.05492523153985534
길음,20-21시간대,15,561.2295081967213,1556.5204918032787,0.0,0.0,0.0,0.0,주거 유출·귀가형,48073.54918032787,0.01167439304494667,0.032377898414877614
길음,21-22시간대,16,448.9672131147541,1386.872950819672,0.0,0.0,0.0,0.0,주거 유출·귀가형,48073.54918032787,0.009339173428419875,0.02884898191347172
길음,22-23시간대,17,441.37295081967216,1329.467213114754,0.0,0.0,0.0,0.0,주거 유출·귀가형,48073.54918032787,0.009181201686691481,0.0276548587691708
길음,23-24시간대,18,168.5983606557377,743.577868852459,0.0,0.0,0.0,0.0,주거 유출·귀가형,48073.54918032787,0.0035070920190084422,0.015467505135999773
길음,24시이후,19,32.942622950819676,258.2418032786885,0.0,0.0,0.0,0.0,주거 유출·귀가형,48073.54918032787,0.0006852546465260796,0.0053718064857246565
김포공항,06시이전,0,39.057377049180324,113.54098360655738,0.0,0.0,0.0,0.0,업무 유입형,21790.549180327867,0.0017923998484829676,0.0052105609026623445
김포공항,06-07시간대,1,225.827868852459,361.4139344262295,0.0,0.0,0.0,0.0,업무 유입형,21790.549180327867,0.010363569407251678,0.016585811189766056
김포공항,07-08시간대,2,921.1434426229508,819.360655737705,921.1434426229508,819.360655737705,0.0,0.0,업무 유입형,21790.549180327867,0.04227261254409059,0.03760165239329579
김포공항,08-09시간대,3,1117.0040983606557,1045.5901639344263,1117.0040983606557,1045.5901639344263,0.0,0.0,업무 유입형,21790.549180327867,0.051260942949022496,0.04798365361430942
김포공항,09-10시간대,4,490.3606557377049,527.2295081967213,490.3606557377049,527.2295081967213,0.0,0.0,업무 유입형,21790.549180327867,0.022503363806011558,0.024195329077465154
김포공항,10-11시간대,5,441.5696721311475,493.3483606557377,0.0,0.0,0.0,0.0,업무 유입형,21790.549180327867,0.02026427459339983,0.02264047393083255
김포공항,11-12시간대,6,582.6926229508197,535.7868852459017,0.0,0.0,0.0,0.0,업무 유입형,21790.549180327867,0.026740612094203874,0.02458803955843393
김포공항,12-13시간대,7,640.0,540.1147540983607,0.0,0.0,0.0,0.0,업무 유입형,21790.549180327867,0.029370530990461725,0.024786651755705495
김포공항,13-14시간대,8,766.4426229508197,544.2745901639345,0.0,0.0,0.0,0.0,업무 유입형,21790.549180327867,0.03517316689029347,0.024977552683954206
김포공항,14-15시간대,9,866.5655737704918,500.1311475409836,0.0,0.0,0.0,0.0,업무 유입형,21790.549180327867,0.03976795474952106,0.022951745887730694
김포공항,15-16시간대,10,956.5983606557377,481.64344262295083,0.0,0.0,0.0,0.0,업무 유입형,21790.549180327867,0.04389969030791285,0.022103318215484457
김포공항,16-17시간대,11,921.3483606557377,503.3155737704918,0.0,0.0,0.0,0.0,업무 유입형,21790.549180327867,0.04228201653070383,0.0230978838397004
김포공항,17-18시간대,12,1110.1803278688524,589.0573770491803,0.0,0.0,1110.1803278688524,589.0573770491803,업무 유입형,21790.549180327867,0.0509477901948017,0.027032699918411014
김포공항,18-19시간대,13,1390.594262295082,599.6188524590164,0.0,0.0,1390.594262295082,599.6188524590164,업무 유입형,21790.549180327867,0.06381639355608745,0.027517381388457246
김포공항,19-20시간대,14,842.7868852459017,330.13524590163934,0.0,0.0,842.7868852459017,330.13524590163934,업무 유입형,21790.549180327867,0.03867671614292104,0.015150386673121564
김포공항,20-21시간대,15,664.889344262295,162.58196721311475,0.0,0.0,0.0,0.0,업무 유입형,21790.549180327867,0.030512739204505486,0.007461122978942218
김포공항,21-22시간대,16,575.6926229508197,102.68852459016394,0.0,0.0,0.0,0.0,업무 유입형,21790.549180327867,0.0264193719114957,0.004712525771625314
김포공항,22-23시간대,17,562.5286885245902,72.54508196721312,0.0,0.0,0.0,0.0,업무 유입형,21790.549180327867,0.025815259811461357,0.003329199340818155
김포공항,23-24시간대,18,273.44262295081967,37.02459016393443,0.0,0.0,0.0,0.0,업무 유입형,21790.549180327867,0.012548679736703422,0.001699112301279657
김포공항,24시이후,19,17.96311475409836,24.459016393442624,0.0,0.0,0.0,0.0,업무 유입형,21790.549180327867,0.0008243534665163533,0.0011224598421559655
까치산,06시이전,0,946.4508196721312,49.8155737704918,0.0,0.0,0.0,0.0,주거 유출·귀가형,59653.34016393443,0.015865847864866785,0.0008350843998608077
까치산,06-07시간대,1,1855.0122950819673,281.01229508196724,0.0,0.0,0.0,0.0,주거 유출·귀가형,59653.34016393443,0.03109653692457412,0.004710755413019828
까치산,07-08시간대,2,5286.815573770492,418.5696721311475,5286.815573770492,418.5696721311475,0.0,0.0,주거 유출·귀가형,59653.34016393443,0.08862564207203985,0.007016701344482448
까치산,08-09시간대,3,6376.606557377049,864.0655737704918,6376.606557377049,864.0655737704918,0.0,0.0,주거 유출·귀가형,59653.34016393443,0.10689437573576568,0.014484781093496818
까치산,09-10시간대,4,2954.4221311475408,672.1229508196722,2954.4221311475408,672.1229508196722,0.0,0.0,주거 유출·귀가형,59653.34016393443,0.049526516420177635,0.011267146969014624
까치산,10-11시간대,5,1559.77868852459,623.0204918032787,0.0,0.0,0.0,0.0,주거 유출·귀가형,59653.34016393443,0.026147382262889787,0.010444016883063794
까치산,11-12시간대,6,1304.139344262295,727.3647540983607,0.0,0.0,0.0,0.0,주거 유출·귀가형,59653.34016393443,0.021861966835023252,0.012193194079316872
까치산,12-13시간대,7,1329.97131147541,851.4303278688525,0.0,0.0,0.0,0.0,주거 유출·귀가형,59653.34016393443,0.022295001550969175,0.014272969887838993
까치산,13-14시간대,8,1196.577868852459,931.0901639344262,0.0,0.0,0.0,0.0,주거 유출·귀가형,59653.34016393443,0.020058857820268262,0.015608349195127722
까치산,14-15시간대,9,1017.5983606557377,1120.5122950819673,0.0,0.0,0.0,0.0,주거 유출·귀가형,59653.34016393443,0.017058531137724344,0.018783731003203963
까치산,15-16시간대,10,976.2172131147541,1586.766393442623,0.0,0.0,0.0,0.0,주거 유출·귀가형,59653.34016393443,0.016364837416178103,0.026599791211724295
까치산,16-17시간대,11,1054.9918032786886,2026.0122950819673,0.0,0.0,0.0,0.0,주거 유출·귀가형,59653.34016393443,0.01768537688550962,0.033963098956642596
까치산,17-18시간대,12,1100.1024590163934,2794.9836065573772,0.0,0.0,1100.1024590163934,2794.9836065573772,주거 유출·귀가형,59653.34016393443,0.018441590294745975,0.04685376541994852
까치산,18-19시간대,13,1136.8811475409836,5095.200819672131,0.0,0.0,1136.8811475409836,5095.200819672131,주거 유출·귀가형,59653.34016393443,0.019058130599505407,0.0854135041838381
까치산,19-20시간대,14,723.9672131147541,3745.5860655737706,0.0,0.0,723.9672131147541,3745.5860655737706,주거 유출·귀가형,59653.34016393443,0.012136239330860714,0.0627892093767165
까치산,20-21시간대,15,532.0081967213115,2263.1065573770493,0.0,0.0,0.0,0.0,주거 유출·귀가형,59653.34016393443,0.008918330394564496,0.0379376335198962
까치산,21-22시간대,16,434.5245901639344,2086.967213114754,0.0,0.0,0.0,0.0,주거 유출·귀가형,59653.34016393443,0.007284161942479826,0.034984917984131676
까치산,22-23시간대,17,338.1188524590164,1733.954918032787,0.0,0.0,0.0,0.0,주거 유출·귀가형,59653.34016393443,0.005668062367167133,0.029067189083925124
까치산,23-24시간대,18,178.74180327868854,1038.3196721311476,0.0,0.0,0.0,0.0,주거 유출·귀가형,59653.34016393443,0.0029963419112405934,0.01740589327064876
까치산,24시이후,19,40.709016393442624,399.8032786885246,0.0,0.0,0.0,0.0,주거 유출·귀가형,59653.34016393443,0.0006824264371713207,0.006702110520380215
낙성대(강감찬),06시이전,0,463.66803278688525,86.19672131147541,0.0,0.0,0.0,0.0,주거 유출·귀가형,60054.270491803276,0.00772081700418242,0.001435313768789187
낙성대(강감찬),06-07시간대,1,1119.8032786885246,346.5655737704918,0.0,0.0,0.0,0.0,주거 유출·귀가형,60054.270491803276,0.018646522046111027,0.0057708730941589586
낙성대(강감찬),07-08시간대,2,3782.3196721311474,802.8483606557377,3782.3196721311474,802.8483606557377,0.0,0.0,주거 유출·귀가형,60054.270491803276,0.062981693743951,0.013368713899627127
낙성대(강감찬),08-09시간대,3,5512.331967213115,1788.0737704918033,5512.331967213115,1788.0737704918033,0.0,0.0,주거 유출·귀가형,60054.270491803276,0.09178917539203953,0.029774298411232136
낙성대(강감찬),09-10시간대,4,3249.315573770492,1334.844262295082,3249.315573770492,1334.844262295082,0.0,0.0,주거 유출·귀가형,60054.270491803276,0.054106319952949664,0.022227299596908317
낙성대(강감찬),10-11시간대,5,1563.594262295082,966.0532786885246,0.0,0.0,0.0,0.0,주거 유출·귀가형,60054.270491803276,0.026036354275729565,0.016086337753788548
낙성대(강감찬),11-12시간대,6,1161.2540983606557,849.9795081967213,0.0,0.0,0.0,0.0,주거 유출·귀가형,60054.270491803276,0.019336744728572695,0.014153523158902311
낙성대(강감찬),12-13시간대,7,1243.1598360655737,927.5655737704918,0.0,0.0,0.0,0.0,주거 유출·귀가형,60054.270491803276,0.02070060673262613,0.015445455688236092
낙성대(강감찬),13-14시간대,8,1211.22131147541,991.688524590164,0.0,0.0,0.0,0.0,주거 유출·귀가형,60054.270491803276,0.020168779031971222,0.016513205746550835
낙성대(강감찬),14-15시간대,9,1087.344262295082,1047.360655737705,0.0,0.0,0.0,0.0,주거 유출·귀가형,60054.270491803276,0.018106027321462378,0.01744023609246336
낙성대(강감찬),15-16시간대,10,1179.233606557377,1316.5409836065573,0.0,0.0,0.0,0.0,주거 유출·귀가형,60054.270491803276,0.019636132399915324,0.021922520627175885
낙성대(강감찬),16-17시간대,11,1333.4631147540983,1565.6434426229507,0.0,0.0,0.0,0.0,주거 유출·귀가형,60054.270491803276,0.022204301273397384,0.026070476417437177
낙성대(강감찬),17-18시간대,12,1693.6639344262296,2361.090163934426,0.0,0.0,1693.6639344262296,2361.090163934426,주거 유출·귀가형,60054.270491803276,0.028202223098478824,0.03931594114121639
낙성대(강감찬),18-19시간대,13,2078.532786885246,4200.356557377049,0.0,0.0,2078.532786885246,4200.356557377049,주거 유출·귀가형,60054.270491803276,0.03461090726543655,0.06994267889658821
낙성대(강감찬),19-20시간대,14,1120.405737704918,3427.7868852459014,0.0,0.0,1120.405737704918,3427.7868852459014,주거 유출·귀가형,60054.270491803276,0.018656553955773064,0.057078153762832824
낙성대(강감찬),20-21시간대,15,885.7868852459017,2108.0163934426228,0.0,0.0,0.0,0.0,주거 유출·귀가형,60054.270491803276,0.014749773463101204,0.03510185664032574
낙성대(강감찬),21-22시간대,16,800.577868852459,1945.311475409836,0.0,0.0,0.0,0.0,주거 유출·귀가형,60054.270491803276,0.013330906566615088,0.032392558588740974
낙성대(강감찬),22-23시간대,17,593.8565573770492,1930.6803278688524,0.0,0.0,0.0,0.0,주거 유출·귀가형,60054.270491803276,0.009888664911150721,0.032148926496948595
낙성대(강감찬),23-24시간대,18,319.82377049180326,1141.3647540983607,0.0,0.0,0.0,0.0,주거 유출·귀가형,60054.270491803276,0.005325579144874561,0.019005555221158568
낙성대(강감찬),24시이후,19,76.81557377049181,440.1311475409836,0.0,0.0,0.0,0.0,주거 유출·귀가형,60054.270491803276,0.0012791026040517178,0.007328890084528734
남구로,06시이전,0,692.3852459016393,49.778688524590166,0.0,0.0,0.0,0.0,업무 유입형,34668.54098360656,0.01997157152442735,0.0014358460757875164
남구로,06-07시간대,1,621.5860655737705,295.1516393442623,0.0,0.0,0.0,0.0,업무 유입형,34668.54098360656,0.01792939789037257,0.008513529296887007
남구로,07-08시간대,2,1286.922131147541,1506.9631147540983,1286.922131147541,1506.9631147540983,0.0,0.0,업무 유입형,34668.54098360656,0.03712074678181807,0.043467739685575005
남구로,08-09시간대,3,1394.7459016393443,4286.7786885245905,1394.7459016393443,4286.7786885245905,0.0,0.0,업무 유입형,34668.54098360656,0.040230879698654375,0.12365039216826708
남구로,09-10시간대,4,855.172131147541,1924.9180327868853,855.172131147541,1924.9180327868853,0.0,0.0,업무 유입형,34668.54098360656,0.024667093188372697,0.05552347973619964
남구로,10-11시간대,5,536.766393442623,693.2213114754098,0.0,0.0,0.0,0.0,업무 유입형,34668.54098360656,0.015482808858222199,0.019995687496719518
남구로,11-12시간대,6,502.62704918032784,532.3729508196722,0.0,0.0,0.0,0.0,업무 유입형,34668.54098360656,0.014498073322958735,0.015356081788137873
남구로,12-13시간대,7,563.7254098360655,537.7172131147541,0.0,0.0,0.0,0.0,업무 유입형,34668.54098360656,0.016260430749094112,0.015510234865927015
남구로,13-14시간대,8,527.655737704918,554.5245901639345,0.0,0.0,0.0,0.0,업무 유입형,34668.54098360656,0.015220015689567854,0.015995036838329833
남구로,14-15시간대,9,524.8401639344262,524.3811475409836,0.0,0.0,0.0,0.0,업무 유입형,34668.54098360656,0.01513880160640747,0.015125561464756871
남구로,15-16시간대,10,634.438524590164,632.188524590164,0.0,0.0,0.0,0.0,업무 유입형,34668.54098360656,0.018300121856589406,0.01823522151939137
남구로,16-17시간대,11,802.1639344262295,804.766393442623,0.0,0.0,0.0,0.0,업무 유입형,34668.54098360656,0.023138093258829165,0.023213160133366054
남구로,17-18시간대,12,1984.8032786885246,1218.97131147541,0.0,0.0,1984.8032786885246,1218.97131147541,업무 유입형,34668.54098360656,0.05725084535940128,0.03516073295532729
남구로,18-19시간대,13,3187.2377049180327,1269.1967213114754,0.0,0.0,3187.2377049180327,1269.1967213114754,업무 유입형,34668.54098360656,0.09193457856865557,0.03660946452611405
남구로,19-20시간대,14,1269.0532786885246,879.3155737704918,0.0,0.0,1269.0532786885246,879.3155737704918,업무 유입형,34668.54098360656,0.036605326981848235,0.025363500996084226
남구로,20-21시간대,15,641.4713114754098,576.7622950819672,0.0,0.0,0.0,0.0,업무 유입형,34668.54098360656,0.018502979741164688,0.016636474415081277
남구로,21-22시간대,16,435.83196721311475,619.7049180327868,0.0,0.0,0.0,0.0,업무 유입형,34668.54098360656,0.012571396281695362,0.017875136952715195
남구로,22-23시간대,17,273.28688524590166,511.12295081967216,0.0,0.0,0.0,0.0,업무 유입형,34668.54098360656,0.007882849335226674,0.01474313415904531
남구로,23-24시간대,18,119.75819672131148,282.47131147540983,0.0,0.0,0.0,0.0,업무 유입형,34668.54098360656,0.0034543765997519364,0.008147770383789148
남구로,24시이후,19,24.016393442622952,89.74590163934427,0.0,0.0,0.0,0.0,업무 유입형,34668.54098360656,0.0006927431256475257,0.002588684123793433
남부터미널(예술의전당),06시이전,0,120.70491803278688,53.3155737704918,0.0,0.0,0.0,0.0,업무 유입형,68306.03278688525,0.001767119434521781,0.00078053975022728
남부터미널(예술의전당),06-07시간대,1,368.25,1160.372950819672,0.0,0.0,0.0,0.0,업무 유입형,68306.03278688525,0.005391178274822952,0.01698785456388654
남부터미널(예술의전당),07-08시간대,2,1259.405737704918,2923.0491803278687,1259.405737704918,2923.0491803278687,0.0,0.0,업무 유입형,68306.03278688525,0.01843769409993789,0.04279342630610358
남부터미널(예술의전당),08-09시간대,3,1915.622950819672,7085.151639344263,1915.622950819672,7085.151639344263,0.0,0.0,업무 유입형,68306.03278688525,0.02804471102569247,0.10372658680749222
남부터미널(예술의전당),09-10시간대,4,1440.938524590164,3712.782786885246,1440.938524590164,3712.782786885246,0.0,0.0,업무 유입형,68306.03278688525,0.02109533324949336,0.054355122606360766
남부터미널(예술의전당),10-11시간대,5,1218.6762295081967,1851.8360655737704,0.0,0.0,0.0,0.0,업무 유입형,68306.03278688525,0.017841414290747426,0.027110871324521175
남부터미널(예술의전당),11-12시간대,6,1331.9139344262296,1325.3647540983607,0.0,0.0,0.0,0.0,업무 유입형,68306.03278688525,0.0194992137602516,0.019403333790933185
남부터미널(예술의전당),12-13시간대,7,1362.1352459016393,1316.0983606557377,0.0,0.0,0.0,0.0,업무 유입형,68306.03278688525,0.01994165361867084,0.019267673834344374
남부터미널(예술의전당),13-14시간대,8,1474.1352459016393,1522.4590163934427,0.0,0.0,0.0,0.0,업무 유입형,68306.03278688525,0.02158133309397341,0.022288792867586282
남부터미널(예술의전당),14-15시간대,9,1566.7540983606557,1516.6680327868853,0.0,0.0,0.0,0.0,업무 유입형,68306.03278688525,0.022937272660072748,0.022204012894715873
남부터미널(예술의전당),15-16시간대,10,1881.0368852459017,1515.5409836065573,0.0,0.0,0.0,0.0,업무 유입형,68306.03278688525,0.02753837118772122,0.022187512899995872
남부터미널(예술의전당),16-17시간대,11,2449.0819672131147,1653.0737704918033,0.0,0.0,0.0,0.0,업무 유입형,68306.03278688525,0.03585454852654447,0.02420099225568248
남부터미널(예술의전당),17-18시간대,12,4628.745901639344,2045.639344262295,0.0,0.0,4628.745901639344,2045.639344262295,업무 유입형,68306.03278688525,0.06776481831525813,0.029948150416591865
남부터미널(예술의전당),18-19시간대,13,5858.102459016393,2498.217213114754,0.0,0.0,5858.102459016393,2498.217213114754,업무 유입형,68306.03278688525,0.08576259255597038,0.036573888296355744
남부터미널(예술의전당),19-20시간대,14,2432.30737704918,1500.311475409836,0.0,0.0,2432.30737704918,1500.311475409836,업무 유입형,68306.03278688525,0.03560896860513004,0.02196455297134305
남부터미널(예술의전당),20-21시간대,15,1635.9344262295083,880.4795081967213,0.0,0.0,0.0,0.0,업무 유입형,68306.03278688525,0.023950072335976853,0.012890215875130919
남부터미널(예술의전당),21-22시간대,16,1527.1680327868853,706.1352459016393,0.0,0.0,0.0,0.0,업무 유입형,68306.03278688525,0.022357732845525488,0.010337816691898658
남부터미널(예술의전당),22-23시간대,17,1139.9918032786886,587.8647540983607,0.0,0.0,0.0,0.0,업무 유입형,68306.03278688525,0.01668947465936811,0.008606337245972082
남부터미널(예술의전당),23-24시간대,18,322.6803278688525,346.8114754098361,0.0,0.0,0.0,0.0,업무 유입형,68306.03278688525,0.004724038488307684,0.00507731837525812
남부터미널(예술의전당),24시이후,19,46.90983606557377,124.36475409836065,0.0,0.0,0.0,0.0,업무 유입형,68306.03278688525,0.0006867597802368703,0.0018206994173761864
남성,06시이전,0,240.21311475409837,33.75,0.0,0.0,0.0,0.0,주거 유출·귀가형,24739.83606557377,0.009709567764208518,0.001364196590088329
남성,06-07시간대,1,604.5860655737705,130.49590163934425,0.0,0.0,0.0,0.0,주거 유출·귀가형,24739.83606557377,0.024437755528019457,0.00527472782331542
남성,07-08시간대,2,1692.4467213114754,270.8688524590164,1692.4467213114754,270.8688524590164,0.0,0.0,주거 유출·귀가형,24739.83606557377,0.06840977914427518,0.010948692292910485
남성,08-09시간대,3,2342.6434426229507,682.077868852459,2342.6434426229507,682.077868852459,0.0,0.0,주거 유출·귀가형,24739.83606557377,0.09469114655463744,0.027570023788540416
남성,09-10시간대,4,1339.967213114754,475.4672131147541,1339.967213114754,475.4672131147541,0.0,0.0,주거 유출·귀가형,24739.83606557377,0.054162331939594334,0.019218688913479953
남성,10-11시간대,5,707.2704918032787,414.5081967213115,0.0,0.0,0.0,0.0,주거 유출·귀가형,24739.83606557377,0.02858832572409269,0.0167546864749889
남성,11-12시간대,6,571.8647540983607,425.4344262295082,0.0,0.0,0.0,0.0,주거 유출·귀가형,24739.83606557377,0.023115139186153613,0.01719633166128829
남성,12-13시간대,7,577.3196721311475,437.6393442622951,0.0,0.0,0.0,0.0,주거 유출·귀가형,24739.83606557377,0.0233356304625844,0.01768966225573675
남성,13-14시간대,8,567.2745901639345,473.21311475409834,0.0,0.0,0.0,0.0,주거 유출·귀가형,24739.83606557377,0.022929601823567222,0.019127576815781276
남성,14-15시간대,9,506.327868852459,514.610655737705,0.0,0.0,0.0,0.0,주거 유출·귀가형,24739.83606557377,0.020466096360154524,0.020800891904607294
남성,15-16시간대,10,514.483606557377,669.172131147541,0.0,0.0,0.0,0.0,주거 유출·귀가형,24739.83606557377,0.020795756495464272,0.027048365614625647
남성,16-17시간대,11,559.889344262295,792.2622950819672,0.0,0.0,0.0,0.0,주거 유출·귀가형,24739.83606557377,0.02263108545983447,0.03202374878241106
남성,17-18시간대,12,564.983606557377,1132.4795081967213,0.0,0.0,564.983606557377,1132.4795081967213,주거 유출·귀가형,24739.83606557377,0.022836998800633477,0.045775546175611116
남성,18-19시간대,13,604.5532786885246,1835.2459016393443,0.0,0.0,604.5532786885246,1835.2459016393443,주거 유출·귀가형,24739.83606557377,0.02443643026114384,0.07418181336266591
남성,19-20시간대,14,357.7254098360656,1295.8360655737704,0.0,0.0,357.7254098360656,1295.8360655737704,주거 유출·귀가형,24739.83606557377,0.014459489904779575,0.05237852272501375
남성,20-21시간대,15,317.1639344262295,780.1844262295082,0.0,0.0,0.0,0.0,주거 유출·귀가형,24739.83606557377,0.012819969121281798,0.031535553597105616
남성,21-22시간대,16,272.9549180327869,658.594262295082,0.0,0.0,0.0,0.0,주거 유출·귀가형,24739.83606557377,0.011033012397871623,0.026620801388879685
남성,22-23시간대,17,178.68032786885246,605.5286885245902,0.0,0.0,0.0,0.0,주거 유출·귀가형,24739.83606557377,0.007222373155394168,0.024475856950693445
남성,23-24시간대,18,81.26229508196721,349.69262295081967,0.0,0.0,0.0,0.0,주거 유출·귀가형,24739.83606557377,0.003284673951216926,0.01413479952025339
남성,24시이후,19,19.709016393442624,141.45491803278688,0.0,0.0,0.0,0.0,주거 유출·귀가형,24739.83606557377,0.0007966510506053157,0.005717698276490428
남위례,06시이전,0,72.80737704918033,55.21311475409836,0.0,0.0,0.0,0.0,주거 유출·귀가형,17002.09836065574,0.0042822583133422295,0.0032474294397605696
남위례,06-07시간대,1,323.4303278688525,206.38524590163934,0.0,0.0,0.0,0.0,주거 유출·귀가형,17002.09836065574,0.019022965342754224,0.012138810252929242
남위례,07-08시간대,2,1012.2459016393443,416.29918032786884,1012.2459016393443,416.29918032786884,0.0,0.0,주거 유출·귀가형,17002.09836065574,0.05953652779599047,0.024485164801258858
남위례,08-09시간대,3,1170.372950819672,1118.5204918032787,1170.372950819672,1118.5204918032787,0.0,0.0,주거 유출·귀가형,17002.09836065574,0.06883697094283443,0.06578720273678851
남위례,09-10시간대,4,609.0368852459017,489.6106557377049,609.0368852459017,489.6106557377049,0.0,0.0,주거 유출·귀가형,17002.09836065574,0.03582127760507864,0.028797072299658284
남위례,10-11시간대,5,359.3811475409836,248.73360655737704,0.0,0.0,0.0,0.0,주거 유출·귀가형,17002.09836065574,0.02113745844293086,0.014629582848018758
남위례,11-12시간대,6,307.77868852459017,217.1844262295082,0.0,0.0,0.0,0.0,주거 유출·귀가형,17002.09836065574,0.018102394304271026,0.012773977753951296
남위례,12-13시간대,7,320.24590163934425,250.90573770491804,0.0,0.0,0.0,0.0,주거 유출·귀가형,17002.09836065574,0.018835669271295347,0.014757339499078223
남위례,13-14시간대,8,330.8893442622951,299.8975409836066,0.0,0.0,0.0,0.0,주거 유출·귀가형,17002.09836065574,0.01946167686148672,0.017638854606181687
남위례,14-15시간대,9,312.2704918032787,299.344262295082,0.0,0.0,0.0,0.0,주거 유출·귀가형,17002.09836065574,0.018366585416650594,0.017606312817704275
남위례,15-16시간대,10,429.3688524590164,350.2090163934426,0.0,0.0,0.0,0.0,주거 유출·귀가형,17002.09836065574,0.02525387416018081,0.020597987905060896
남위례,16-17시간대,11,556.2745901639345,479.8196721311475,0.0,0.0,0.0,0.0,주거 유출·귀가형,17002.09836065574,0.03271799623575875,0.028221203168750625
남위례,17-18시간대,12,707.4139344262295,701.610655737705,0.0,0.0,707.4139344262295,701.610655737705,주거 유출·귀가형,17002.09836065574,0.041607448646647276,0.04126612144306199
남위례,18-19시간대,13,810.1844262295082,1103.8647540983607,0.0,0.0,810.1844262295082,1103.8647540983607,주거 유출·귀가형,17002.09836065574,0.04765202559375506,0.06492520691756466
남위례,19-20시간대,14,342.20081967213116,784.6598360655738,0.0,0.0,342.20081967213116,784.6598360655738,주거 유출·귀가형,17002.09836065574,0.020126975648136005,0.04615076441866385
남위례,20-21시간대,15,272.82377049180326,465.61475409836066,0.0,0.0,0.0,0.0,주거 유출·귀가형,17002.09836065574,0.01604647642335372,0.027385722880878732
남위례,21-22시간대,16,262.37295081967216,363.5655737704918,0.0,0.0,0.0,0.0,주거 유출·귀가형,17002.09836065574,0.015431798196558188,0.021383570783934096
남위례,22-23시간대,17,196.53688524590163,366.3524590163934,0.0,0.0,0.0,0.0,주거 유출·귀가형,17002.09836065574,0.011559566418031332,0.021547484977746237
남위례,23-24시간대,18,85.81557377049181,203.27868852459017,0.0,0.0,0.0,0.0,주거 유출·귀가형,17002.09836065574,0.005047351917988908,0.011956094136885706
남위례,24시이후,19,33.807377049180324,65.77049180327869,0.0,0.0,0.0,0.0,주거 유출·귀가형,17002.09836065574,0.001988423801112302,0.0038683749739665692
남태령,06시이전,0,25.795081967213115,3.0614754098360657,0.0,0.0,0.0,0.0,업무 유입형,3053.745901639344,0.008447029582050533,0.0010025311563062835
남태령,06-07시간대,1,47.60655737704918,87.04508196721312,0.0,0.0,0.0,0.0,업무 유입형,3053.745901639344,0.015589560792039875,0.028504363090748535
남태령,07-08시간대,2,108.06147540983606,267.2745901639344,108.06147540983606,267.2745901639344,0.0,0.0,업무 유입형,3053.745901639344,0.03538653145693142,0.08752351989091603
남태령,08-09시간대,3,142.9672131147541,263.24590163934425,142.9672131147541,263.24590163934425,0.0,0.0,업무 유입형,3053.745901639344,0.046816997130640414,0.08620425867719571
남태령,09-10시간대,4,95.5,78.11065573770492,95.5,78.11065573770492,0.0,0.0,업무 유입형,3053.745901639344,0.03127306694009239,0.02557863628921212
남태령,10-11시간대,5,74.96311475409836,48.17213114754098,0.0,0.0,0.0,0.0,업무 유입형,3053.745901639344,0.024547921526102048,0.015774767351036216
남태령,11-12시간대,6,71.00409836065573,42.69672131147541,0.0,0.0,0.0,0.0,업무 유입형,3053.745901639344,0.023251475613127653,0.013981753127709317
남태령,12-13시간대,7,68.84836065573771,52.02049180327869,0.0,0.0,0.0,0.0,업무 유입형,3053.745901639344,0.022545543366518414,0.01703497719812002
남태령,13-14시간대,8,64.23360655737704,50.25409836065574,0.0,0.0,0.0,0.0,업무 유입형,3053.745901639344,0.021034365211229422,0.01645654222038507
남태령,14-15시간대,9,68.17213114754098,52.59426229508197,0.0,0.0,0.0,0.0,업무 유입형,3053.745901639344,0.02232410074163148,0.017222867910145295
남태령,15-16시간대,10,101.44672131147541,53.4344262295082,0.0,0.0,0.0,0.0,업무 유입형,3053.745901639344,0.03322041996258291,0.017497993595610873
남태령,16-17시간대,11,153.35655737704917,67.1639344262295,0.0,0.0,0.0,0.0,업무 유입형,3053.745901639344,0.05021916109481234,0.021993949919072785
남태령,17-18시간대,12,232.38934426229508,66.85245901639344,0.0,0.0,232.38934426229508,66.85245901639344,업무 유입형,3053.745901639344,0.07609976459977937,0.021891952103973353
남태령,18-19시간대,13,185.49180327868854,73.06147540983606,0.0,0.0,185.49180327868854,73.06147540983606,업무 유입형,3053.745901639344,0.06074238304474215,0.02392519802338971
남태령,19-20시간대,14,74.16803278688525,58.78688524590164,0.0,0.0,74.16803278688525,58.78688524590164,업무 유입형,3053.745901639344,0.024287558682295596,0.019250745523503785
남태령,20-21시간대,15,44.88934426229508,50.42622950819672,0.0,0.0,0.0,0.0,업무 유입형,3053.745901639344,0.014699764062948758,0.01651290943399265
남태령,21-22시간대,16,32.34016393442623,45.721311475409834,0.0,0.0,0.0,0.0,업무 유입형,3053.745901639344,0.010590325775653123,0.014972205595385405
남태령,22-23시간대,17,21.959016393442624,36.9344262295082,0.0,0.0,0.0,0.0,업무 유입형,3053.745901639344,0.007190845964510129,0.012094793548369781
남태령,23-24시간대,18,12.217213114754099,22.40573770491803,0.0,0.0,0.0,0.0,업무 유입형,3053.745901639344,0.00400073008962387,0.007337132304586949
남태령,24시이후,19,2.3155737704918034,6.758196721311475,0.0,0.0,0.0,0.0,업무 유입형,3053.745901639344,0.0007582732306734273,0.0022130841723548345
남한산성입구(성남법원.검찰청),06시이전,0,437.0696721311475,59.799180327868854,0.0,0.0,0.0,0.0,주거 유출·귀가형,28608.549180327867,0.015277589554652785,0.0020902556068445664
남한산성입구(성남법원.검찰청),06-07시간대,1,896.0983606557377,172.02459016393442,0.0,0.0,0.0,0.0,주거 유출·귀가형,28608.549180327867,0.03132274744194029,0.006013048375141788
남한산성입구(성남법원.검찰청),07-08시간대,2,2290.627049180328,455.04918032786884,2290.627049180328,455.04918032786884,0.0,0.0,주거 유출·귀가형,28608.549180327867,0.08006792077227862,0.015906055824766355
남한산성입구(성남법원.검찰청),08-09시간대,3,2675.004098360656,1083.3688524590164,2675.004098360656,1083.3688524590164,0.0,0.0,주거 유출·귀가형,28608.549180327867,0.0935036614929104,0.0378687100009942
남한산성입구(성남법원.검찰청),09-10시간대,4,1223.0819672131147,881.4139344262295,1223.0819672131147,881.4139344262295,0.0,0.0,주거 유출·귀가형,28608.549180327867,0.04275232412184481,0.030809459398672242
남한산성입구(성남법원.검찰청),10-11시간대,5,704.7377049180328,505.7049180327869,0.0,0.0,0.0,0.0,주거 유출·귀가형,28608.549180327867,0.024633814894836837,0.017676706177764703
남한산성입구(성남법원.검찰청),11-12시간대,6,621.4180327868852,377.1885245901639,0.0,0.0,0.0,0.0,주거 유출·귀가형,28608.549180327867,0.02172141022845687,0.013184468817787186
남한산성입구(성남법원.검찰청),12-13시간대,7,675.1926229508197,466.61475409836066,0.0,0.0,0.0,0.0,주거 유출·귀가형,28608.549180327867,0.02360107877875552,0.0163103256707341
남한산성입구(성남법원.검찰청),13-14시간대,8,593.3319672131148,540.860655737705,0.0,0.0,0.0,0.0,주거 유출·귀가형,28608.549180327867,0.020739673426749945,0.018905560443785722
남한산성입구(성남법원.검찰청),14-15시간대,9,565.266393442623,471.80737704918033,0.0,0.0,0.0,0.0,주거 유출·귀가형,28608.549180327867,0.019758652907548274,0.016491831657566538
남한산성입구(성남법원.검찰청),15-16시간대,10,647.8565573770492,676.7090163934427,0.0,0.0,0.0,0.0,주거 유출·귀가형,28608.549180327867,0.02264555791674104,0.02365408368414463
남한산성입구(성남법원.검찰청),16-17시간대,11,782.3483606557377,849.2786885245902,0.0,0.0,0.0,0.0,주거 유출·귀가형,28608.549180327867,0.027346663255251855,0.029686185173926287
남한산성입구(성남법원.검찰청),17-18시간대,12,926.5696721311475,1123.9098360655737,0.0,0.0,926.5696721311475,1123.9098360655737,주거 유출·귀가형,28608.549180327867,0.032387859527259276,0.03928580330939708
남한산성입구(성남법원.검찰청),18-19시간대,13,873.1598360655738,1806.6844262295083,0.0,0.0,873.1598360655738,1806.6844262295083,주거 유출·귀가형,28608.549180327867,0.03052094080555423,0.06315190661509815
남한산성입구(성남법원.검찰청),19-20시간대,14,373.97131147540983,1359.0983606557377,0.0,0.0,373.97131147540983,1359.0983606557377,주거 유출·귀가형,28608.549180327867,0.013072012464461644,0.04750672087874684
남한산성입구(성남법원.검찰청),20-21시간대,15,261.6393442622951,843.6516393442623,0.0,0.0,0.0,0.0,주거 유출·귀가형,28608.549180327867,0.009145495027137079,0.02948949399798238
남한산성입구(성남법원.검찰청),21-22시간대,16,197.74180327868854,763.4426229508197,0.0,0.0,0.0,0.0,주거 유출·귀가형,28608.549180327867,0.006911982919240867,0.026685821015900613
남한산성입구(성남법원.검찰청),22-23시간대,17,140.43032786885246,649.9877049180328,0.0,0.0,0.0,0.0,주거 유출·귀가형,28608.549180327867,0.0049086840085346495,0.022720051297287897
남한산성입구(성남법원.검찰청),23-24시간대,18,57.307377049180324,383.75,0.0,0.0,0.0,0.0,주거 유출·귀가형,28608.549180327867,0.0020031556542051657,0.013413822475970871
남한산성입구(성남법원.검찰청),24시이후,19,15.75,179.60245901639345,0.0,0.0,0.0,0.0,주거 유출·귀가형,28608.549180327867,0.0005505347335414755,0.006277929645586282
내방,06시이전,0,101.38524590163935,79.00819672131148,0.0,0.0,0.0,0.0,업무 유입형,33856.32786885246,0.002994573017321023,0.0023336316043299655
내방,06-07시간대,1,334.0532786885246,624.5696721311475,0.0,0.0,0.0,0.0,업무 유입형,33856.32786885246,0.009866790042397091,0.0184476495664418
내방,07-08시간대,2,827.2786885245902,1195.1352459016393,827.2786885245902,1195.1352459016393,0.0,0.0,업무 유입형,33856.32786885246,0.024434979827971236,0.035300202979223684
내방,08-09시간대,3,1228.1352459016393,3453.2336065573772,1228.1352459016393,3453.2336065573772,0.0,0.0,업무 유입형,33856.32786885246,0.03627490998607423,0.10199669674555355
내방,09-10시간대,4,869.9303278688525,1932.7909836065573,869.9303278688525,1932.7909836065573,0.0,0.0,업무 유입형,33856.32786885246,0.025694763213501993,0.05708802771208714
내방,10-11시간대,5,606.4508196721312,828.8852459016393,0.0,0.0,0.0,0.0,업무 유입형,33856.32786885246,0.01791248070438439,0.024482432031980847
내방,11-12시간대,6,582.3852459016393,620.9672131147541,0.0,0.0,0.0,0.0,업무 유입형,33856.32786885246,0.0172016660565669,0.018341245262042692
내방,12-13시간대,7,620.4016393442623,626.9672131147541,0.0,0.0,0.0,0.0,업무 유입형,33856.32786885246,0.018324540149406654,0.0185184647178337
내방,13-14시간대,8,691.2295081967213,684.3360655737705,0.0,0.0,0.0,0.0,업무 유입형,33856.32786885246,0.020416552878218277,0.020212944186523963
내방,14-15시간대,9,743.3401639344262,637.827868852459,0.0,0.0,0.0,0.0,업무 유입형,33856.32786885246,0.021955723220009722,0.01883925130106196
내방,15-16시간대,10,841.344262295082,655.7950819672132,0.0,0.0,0.0,0.0,업무 유입형,33856.32786885246,0.024850428716137043,0.01936994125610826
내방,16-17시간대,11,1145.032786885246,713.8729508196722,0.0,0.0,0.0,0.0,업무 유입형,33856.32786885246,0.03382034789244426,0.02108536264136399
내방,17-18시간대,12,2003.0573770491803,1028.0737704918033,0.0,0.0,2003.0573770491803,1028.0737704918033,업무 유입형,33856.32786885246,0.05916345637980357,0.03036577901992799
내방,18-19시간대,13,2959.372950819672,1370.7909836065573,0.0,0.0,2959.372950819672,1370.7909836065573,업무 유입형,33856.32786885246,0.08740974397114906,0.040488472019662644
내방,19-20시간대,14,1110.282786885246,852.516393442623,0.0,0.0,1110.282786885246,852.516393442623,업무 유입형,33856.32786885246,0.032793951877654666,0.02518041521646921
내방,20-21시간대,15,775.860655737705,519.5573770491803,0.0,0.0,0.0,0.0,업무 유입형,33856.32786885246,0.022916267196581894,0.015345945935476623
내방,21-22시간대,16,741.1352459016393,443.5450819672131,0.0,0.0,0.0,0.0,업무 유입형,33856.32786885246,0.021890597491037344,0.013100803007501322
내방,22-23시간대,17,503.80737704918033,363.6475409836066,0.0,0.0,0.0,0.0,업무 유입형,33856.32786885246,0.014880744864025226,0.010740903218808892
내방,23-24시간대,18,165.63934426229508,228.84016393442624,0.0,0.0,0.0,0.0,업무 유입형,33856.32786885246,0.004892419074623917,0.006759154885930712
내방,24시이후,19,39.84836065573771,105.99590163934427,0.0,0.0,0.0,0.0,업무 유입형,33856.32786885246,0.0011769841315956142,0.0031307560007669826
노원,06시이전,0,792.6229508196722,118.8811475409836,0.0,0.0,0.0,0.0,주거 유출·귀가형,93594.75,0.008468668924482113,0.001270168973590758
노원,06-07시간대,1,1687.954918032787,637.4877049180328,0.0,0.0,0.0,0.0,주거 유출·귀가형,93594.75,0.018034717951944813,0.006811148113735363
노원,07-08시간대,2,4134.040983606557,1283.1762295081967,4134.040983606557,1283.1762295081967,0.0,0.0,주거 유출·귀가형,93594.75,0.04416958198623916,0.013709916736870355
노원,08-09시간대,3,4116.9713114754095,3466.2991803278687,4116.9713114754095,3466.2991803278687,0.0,0.0,주거 유출·귀가형,93594.75,0.043987203464675204,0.03703518819514843
노원,09-10시간대,4,2424.0409836065573,3065.4631147540986,2424.0409836065573,3065.4631147540986,0.0,0.0,주거 유출·귀가형,93594.75,0.025899326443059652,0.03275251138289379
노원,10-11시간대,5,2004.8565573770493,2152.6393442622953,0.0,0.0,0.0,0.0,주거 유출·귀가형,93594.75,0.021420609140758957,0.02299957363273362
노원,11-12시간대,6,2130.0081967213114,2112.47131147541,0.0,0.0,0.0,0.0,주거 유출·귀가형,93594.75,0.022757774305944632,0.022570403911281456
노원,12-13시간대,7,2353.8606557377047,2210.4877049180327,0.0,0.0,0.0,0.0,주거 유출·귀가형,93594.75,0.025149494557522776,0.023617646341467152
노원,13-14시간대,8,2332.840163934426,2515.094262295082,0.0,0.0,0.0,0.0,주거 유출·귀가형,93594.75,0.024924904056417972,0.026872172448722625
노원,14-15시간대,9,2385.52868852459,2483.7418032786886,0.0,0.0,0.0,0.0,주거 유출·귀가형,93594.75,0.025487847219257384,0.026537191490748024
노원,15-16시간대,10,2676.6762295081967,2779.995901639344,0.0,0.0,0.0,0.0,주거 유출·귀가형,93594.75,0.028598572350566637,0.02970247691926464
노원,16-17시간대,11,2941.434426229508,3249.7868852459014,0.0,0.0,0.0,0.0,주거 유출·귀가형,93594.75,0.031427344228490466,0.03472189289726081
노원,17-18시간대,12,3046.77868852459,4069.5368852459014,0.0,0.0,3046.77868852459,4069.5368852459014,주거 유출·귀가형,93594.75,0.03255288024728513,0.04348039698002187
노원,18-19시간대,13,3220.622950819672,6057.1598360655735,0.0,0.0,3220.622950819672,6057.1598360655735,주거 유출·귀가형,93594.75,0.03441029492380365,0.06471687606479609
노원,19-20시간대,14,2130.6393442622953,4680.2827868852455,0.0,0.0,2130.6393442622953,4680.2827868852455,주거 유출·귀가형,93594.75,0.022764517713464646,0.05000582604136712
노원,20-21시간대,15,2003.97131147541,2488.47131147541,0.0,0.0,0.0,0.0,주거 유출·귀가형,93594.75,0.02141115085488673,0.026587723258787593
노원,21-22시간대,16,1842.22131147541,2033.5737704918033,0.0,0.0,0.0,0.0,주거 유출·귀가형,93594.75,0.019682955630261418,0.021727434182919482
노원,22-23시간대,17,1639.5860655737704,1773.561475409836,0.0,0.0,0.0,0.0,주거 유출·귀가형,93594.75,0.017517927721093014,0.018949369226477296
노원,23-24시간대,18,716.6065573770492,1119.9877049180327,0.0,0.0,0.0,0.0,주거 유출·귀가형,93594.75,0.007656482413565389,0.011966351797702678
노원,24시이후,19,206.15573770491804,509.2336065573771,0.0,0.0,0.0,0.0,주거 유출·귀가형,93594.75,0.002202642110854701,0.00544083515963638
녹번,06시이전,0,386.13524590163934,21.30327868852459,0.0,0.0,0.0,0.0,주거 유출·귀가형,32708.381147540986,0.01180539153435507,0.0006513094791341016
녹번,06-07시간대,1,1077.6967213114754,136.40573770491804,0.0,0.0,0.0,0.0,주거 유출·귀가형,32708.381147540986,0.032948641403259926,0.004170360406698789
녹번,07-08시간대,2,3168.3319672131147,332.57377049180326,3168.3319672131147,332.57377049180326,0.0,0.0,주거 유출·귀가형,32708.381147540986,0.09686605866922612,0.010167845635393243
녹번,08-09시간대,3,3364.4467213114754,708.0655737704918,3364.4467213114754,708.0655737704918,0.0,0.0,주거 유출·귀가형,32708.381147540986,0.10286191499772267,0.021647833030211713
녹번,09-10시간대,4,1690.1065573770493,400.327868852459,1690.1065573770493,400.327868852459,0.0,0.0,주거 유출·귀가형,32708.381147540986,0.051671972078144605,0.012239305487075615
녹번,10-11시간대,5,937.655737704918,327.8606557377049,0.0,0.0,0.0,0.0,주거 유출·귀가형,32708.381147540986,0.028667139883057493,0.010023750617885699
녹번,11-12시간대,6,753.2827868852459,359.35655737704917,0.0,0.0,0.0,0.0,주거 유출·귀가형,32708.381147540986,0.02303026809817757,0.010986681234881768
녹번,12-13시간대,7,731.6434426229508,441.1639344262295,0.0,0.0,0.0,0.0,주거 유출·귀가형,32708.381147540986,0.022368684017795105,0.013487794838767072
녹번,13-14시간대,8,647.8319672131148,499.7172131147541,0.0,0.0,0.0,0.0,주거 유출·귀가형,32708.381147540986,0.019806298706465292,0.015277956156271671
녹번,14-15시간대,9,554.5491803278688,580.3196721311475,0.0,0.0,0.0,0.0,주거 유출·귀가형,32708.381147540986,0.016954345059952924,0.017742231555681134
녹번,15-16시간대,10,562.8852459016393,768.75,0.0,0.0,0.0,0.0,주거 유출·귀가형,32708.381147540986,0.01720920529091844,0.023503150355632767
녹번,16-17시간대,11,615.8196721311475,1057.7090163934427,0.0,0.0,0.0,0.0,주거 유출·귀가형,32708.381147540986,0.018827580287551004,0.03233755322901272
녹번,17-18시간대,12,670.5081967213115,1447.1639344262296,0.0,0.0,670.5081967213115,1447.1639344262296,주거 유출·귀가형,32708.381147540986,0.020499583690699416,0.04424443777569919
녹번,18-19시간대,13,773.3319672131148,2614.8032786885246,0.0,0.0,773.3319672131148,2614.8032786885246,주거 유출·귀가형,32708.381147540986,0.023643235772653145,0.07994291331306397
녹번,19-20시간대,14,372.76229508196724,2079.401639344262,0.0,0.0,372.76229508196724,2079.401639344262,주거 유출·귀가형,32708.381147540986,0.011396537584679317,0.06357396992423733
녹번,20-21시간대,15,270.11475409836066,1201.2868852459017,0.0,0.0,0.0,0.0,주거 유출·귀가형,32708.381147540986,0.008258273403380218,0.03672718866235342
녹번,21-22시간대,16,220.64754098360655,1055.1639344262296,0.0,0.0,0.0,0.0,주거 유출·귀가형,32708.381147540986,0.006745902219627119,0.032259741919558646
녹번,22-23시간대,17,156.4877049180328,941.5532786885246,0.0,0.0,0.0,0.0,주거 유출·귀가형,32708.381147540986,0.004784330481296153,0.028786300197535475
녹번,23-24시간대,18,60.43852459016394,522.2090163934427,0.0,0.0,0.0,0.0,주거 유출·귀가형,32708.381147540986,0.0018477993245076178,0.01596560263982072
녹번,24시이후,19,14.647540983606557,183.922131147541,0.0,0.0,0.0,0.0,주거 유출·귀가형,32708.381147540986,0.0004478222544104039,0.005623088783205287
녹사평(용산구청),06시이전,0,37.07786885245902,18.90983606557377,0.0,0.0,0.0,0.0,업무 유입형,11143.295081967213,0.0033273702777969847,0.0016969698752907357
녹사평(용산구청),06-07시간대,1,72.34016393442623,165.25409836065575,0.0,0.0,0.0,0.0,업무 유입형,11143.295081967213,0.00649181085148608,0.014829913158099924
녹사평(용산구청),07-08시간대,2,197.02459016393442,384.99590163934425,197.02459016393442,384.99590163934425,0.0,0.0,업무 유입형,11143.295081967213,0.017680999086416738,0.03454955637514877
녹사평(용산구청),08-09시간대,3,308.6311475409836,809.7950819672132,308.6311475409836,809.7950819672132,0.0,0.0,업무 유입형,11143.295081967213,0.027696578549771162,0.07267106147782759
녹사평(용산구청),09-10시간대,4,242.22540983606558,366.1803278688525,242.22540983606558,366.1803278688525,0.0,0.0,업무 유입형,11143.295081967213,0.02173732348056098,0.03286104560413452
녹사평(용산구청),10-11시간대,5,164.9139344262295,253.18852459016392,0.0,0.0,0.0,0.0,업무 유입형,11143.295081967213,0.014799386825276097,0.022721154086630054
녹사평(용산구청),11-12시간대,6,175.8237704918033,213.90573770491804,0.0,0.0,0.0,0.0,업무 유입형,11143.295081967213,0.01577843619849325,0.019195914326191887
녹사평(용산구청),12-13시간대,7,184.9344262295082,255.3360655737705,0.0,0.0,0.0,0.0,업무 유입형,11143.295081967213,0.016596027016172337,0.022913874549276857
녹사평(용산구청),13-14시간대,8,205.0204918032787,277.3196721311475,0.0,0.0,0.0,0.0,업무 유입형,11143.295081967213,0.018398551801347866,0.024886684781409388
녹사평(용산구청),14-15시간대,9,222.89344262295083,247.33196721311475,0.0,0.0,0.0,0.0,업무 유입형,11143.295081967213,0.020002471529597304,0.022195586260060816
녹사평(용산구청),15-16시간대,10,286.3483606557377,294.655737704918,0.0,0.0,0.0,0.0,업무 유입형,11143.295081967213,0.02569691985623936,0.026442424393997122
녹사평(용산구청),16-17시간대,11,413.51229508196724,304.37295081967216,0.0,0.0,0.0,0.0,업무 유입형,11143.295081967213,0.037108619312355734,0.02731444770875966
녹사평(용산구청),17-18시간대,12,555.7172131147541,407.6639344262295,0.0,0.0,555.7172131147541,407.6639344262295,업무 유입형,11143.295081967213,0.04987009758128464,0.036583787060071406
녹사평(용산구청),18-19시간대,13,759.889344262295,535.8770491803278,0.0,0.0,759.889344262295,535.8770491803278,업무 유입형,11143.295081967213,0.06819251744414416,0.048089640024656446
녹사평(용산구청),19-20시간대,14,414.70081967213116,368.3893442622951,0.0,0.0,414.70081967213116,368.3893442622951,업무 유입형,11143.295081967213,0.0372152775836679,0.033059282873918155
녹사평(용산구청),20-21시간대,15,360.9303278688525,217.8155737704918,0.0,0.0,0.0,0.0,업무 유입형,11143.295081967213,0.03238991027464873,0.019546783260094652
녹사평(용산구청),21-22시간대,16,402.57377049180326,171.78688524590163,0.0,0.0,0.0,0.0,업무 유입형,11143.295081967213,0.03612699542914139,0.015416165863174356
녹사평(용산구청),22-23시간대,17,331.905737704918,162.27459016393442,0.0,0.0,0.0,0.0,업무 유입형,11143.295081967213,0.029785241731777247,0.014562531905534607
녹사평(용산구청),23-24시간대,18,174.71311475409837,93.43032786885246,0.0,0.0,0.0,0.0,업무 유입형,11143.295081967213,0.015678765882887746,0.008384443486563264
녹사평(용산구청),24시이후,19,38.385245901639344,45.25,0.0,0.0,0.0,0.0,업무 유입형,11143.295081967213,0.003444694376240362,0.004060737839853709
논현,06시이전,0,95.59836065573771,57.67213114754098,0.0,0.0,0.0,0.0,업무 유입형,43863.87295081967,0.0021794327364326204,0.0013147979708085324
논현,06-07시간대,1,167.49590163934425,709.889344262295,0.0,0.0,0.0,0.0,업무 유입형,43863.87295081967,0.003818538819568925,0.016183918484768217
논현,07-08시간대,2,361.0614754098361,1899.5696721311476,361.0614754098361,1899.5696721311476,0.0,0.0,업무 유입형,43863.87295081967,0.008231408927676301,0.04330601801306856
논현,08-09시간대,3,590.75,4752.75,590.75,4752.75,0.0,0.0,업무 유입형,43863.87295081967,0.013467803006413752,0.10835226532159621
논현,09-10시간대,4,455.16803278688525,3926.467213114754,455.16803278688525,3926.467213114754,0.0,0.0,업무 유입형,43863.87295081967,0.010376831824613875,0.0895148318872144
논현,10-11시간대,5,417.58196721311475,1467.110655737705,0.0,0.0,0.0,0.0,업무 유입형,43863.87295081967,0.009519952049863657,0.0334469019045043
논현,11-12시간대,6,495.78688524590166,866.4672131147541,0.0,0.0,0.0,0.0,업무 유입형,43863.87295081967,0.011302852481854022,0.01975355012737339
논현,12-13시간대,7,572.3647540983607,781.5901639344262,0.0,0.0,0.0,0.0,업무 유입형,43863.87295081967,0.01304865976472479,0.017818539753905176
논현,13-14시간대,8,629.577868852459,862.844262295082,0.0,0.0,0.0,0.0,업무 유입형,43863.87295081967,0.014352993169534846,0.01967095480288542
논현,14-15시간대,9,830.1065573770492,802.2377049180328,0.0,0.0,0.0,0.0,업무 유입형,43863.87295081967,0.018924607006494103,0.018289258356586627
논현,15-16시간대,10,1016.2049180327868,757.3647540983607,0.0,0.0,0.0,0.0,업무 유입형,43863.87295081967,0.02316724104987627,0.017266253596610603
논현,16-17시간대,11,1301.9426229508197,846.2418032786885,0.0,0.0,0.0,0.0,업무 유입형,43863.87295081967,0.029681433383927643,0.019292455188065535
논현,17-18시간대,12,2707.0163934426228,1089.7459016393443,0.0,0.0,2707.0163934426228,1089.7459016393443,업무 유입형,43863.87295081967,0.06171403050701289,0.02484381401663212
논현,18-19시간대,13,4426.803278688524,1423.9262295081967,0.0,0.0,4426.803278688524,1423.9262295081967,업무 유입형,43863.87295081967,0.10092139569280331,0.03246239179802266
논현,19-20시간대,14,2389.8647540983607,772.5286885245902,0.0,0.0,2389.8647540983607,772.5286885245902,업무 유입형,43863.87295081967,0.05448366943744082,0.01761195800906026
논현,20-21시간대,15,1500.4426229508197,412.7950819672131,0.0,0.0,0.0,0.0,업무 유입형,43863.87295081967,0.034206797576518636,0.009410821575879549
논현,21-22시간대,16,1474.5655737704917,335.69262295081967,0.0,0.0,0.0,0.0,업무 유입형,43863.87295081967,0.033616857668354545,0.007653054789010524
논현,22-23시간대,17,1323.5409836065573,268.1516393442623,0.0,0.0,0.0,0.0,업무 유입형,43863.87295081967,0.030173828587605936,0.006113268649234756
논현,23-24시간대,18,649.360655737705,166.7377049180328,0.0,0.0,0.0,0.0,업무 유입형,43863.87295081967,0.01480399727734417,0.003801253598946443
논현,24시이후,19,148.54508196721312,110.31147540983606,0.0,0.0,0.0,0.0,업무 유입형,43863.87295081967,0.003386501737631841,0.0025148594501337735
단대오거리,06시이전,0,420.50409836065575,62.51229508196721,0.0,0.0,0.0,0.0,주거 유출·귀가형,26543.926229508197,0.01584181988470086,0.0023550508143167573
단대오거리,06-07시간대,1,845.2254098360655,216.24180327868854,0.0,0.0,0.0,0.0,주거 유출·귀가형,26543.926229508197,0.031842516533837045,0.008146564355588741
단대오거리,07-08시간대,2,2169.0409836065573,491.80737704918033,2169.0409836065573,491.80737704918033,0.0,0.0,주거 유출·귀가형,26543.926229508197,0.08171515264366921,0.018528056957242852
단대오거리,08-09시간대,3,2424.188524590164,843.2377049180328,2424.188524590164,843.2377049180328,0.0,0.0,주거 유출·귀가형,26543.926229508197,0.09132742849078808,0.03176763292766491
단대오거리,09-10시간대,4,1059.3688524590164,448.5245901639344,1059.3688524590164,448.5245901639344,0.0,0.0,주거 유출·귀가형,26543.926229508197,0.03991002850517808,0.01689744713294604
단대오거리,10-11시간대,5,601.6229508196722,332.01229508196724,0.0,0.0,0.0,0.0,주거 유출·귀가형,26543.926229508197,0.02266518319926852,0.012508032617754858
단대오거리,11-12시간대,6,506.8606557377049,339.9344262295082,0.0,0.0,0.0,0.0,주거 유출·귀가형,26543.926229508197,0.019095165174707312,0.012806486248127523
단대오거리,12-13시간대,7,573.2254098360655,392.7827868852459,0.0,0.0,0.0,0.0,주거 유출·귀가형,26543.926229508197,0.02159535122572883,0.014797463777178502
단대오거리,13-14시간대,8,509.4549180327869,442.2745901639344,0.0,0.0,0.0,0.0,주거 유출·귀가형,26543.926229508197,0.01919289986070105,0.016661988371270756
단대오거리,14-15시간대,9,464.7581967213115,482.8811475409836,0.0,0.0,0.0,0.0,주거 유출·귀가형,26543.926229508197,0.017509022316549834,0.018191775525814153
단대오거리,15-16시간대,10,499.13524590163934,679.5040983606557,0.0,0.0,0.0,0.0,주거 유출·귀가형,26543.926229508197,0.01880412270535787,0.025599230968524487
단대오거리,16-17시간대,11,661.4795081967213,892.6475409836065,0.0,0.0,0.0,0.0,주거 유출·귀가형,26543.926229508197,0.02492018333977178,0.033629069537997484
단대오거리,17-18시간대,12,807.9098360655738,1178.1844262295083,0.0,0.0,807.9098360655738,1178.1844262295083,주거 유출·귀가형,26543.926229508197,0.030436711927244633,0.04438621536401616
단대오거리,18-19시간대,13,890.2254098360655,1985.3073770491803,0.0,0.0,890.2254098360655,1985.3073770491803,주거 유출·귀가형,26543.926229508197,0.03353781961789906,0.0747932826471679
단대오거리,19-20시간대,14,407.34016393442624,1478.1926229508197,0.0,0.0,407.34016393442624,1478.1926229508197,주거 유출·귀가형,26543.926229508197,0.015345889692896927,0.05568854472280559
단대오거리,20-21시간대,15,279.2172131147541,851.7827868852459,0.0,0.0,0.0,0.0,주거 유출·귀가형,26543.926229508197,0.010519062278147666,0.03208955523461111
단대오거리,21-22시간대,16,216.39754098360655,697.3073770491803,0.0,0.0,0.0,0.0,주거 유출·귀가형,26543.926229508197,0.008152431524732124,0.026269941041126076
단대오거리,22-23시간대,17,141.28688524590163,620.7950819672132,0.0,0.0,0.0,0.0,주거 유출·귀가형,26543.926229508197,0.005322757606553195,0.023387462600656692
단대오거리,23-24시간대,18,68.14754098360656,376.844262295082,0.0,0.0,0.0,0.0,주거 유출·귀가형,26543.926229508197,0.0025673496977944694,0.014197005335109543
단대오거리,24시이후,19,20.524590163934427,165.2377049180328,0.0,0.0,0.0,0.0,주거 유출·귀가형,26543.926229508197,0.0007732311334228231,0.006225066461130468
답십리,06시이전,0,336.12295081967216,57.41393442622951,0.0,0.0,0.0,0.0,주거 유출·귀가형,35663.20491803279,0.00942492273457214,0.0016098927328092897
답십리,06-07시간대,1,847.3401639344262,444.0696721311475,0.0,0.0,0.0,0.0,주거 유출·귀가형,35663.20491803279,0.023759506917057138,0.012451760102654362
답십리,07-08시간대,2,2611.1434426229507,779.672131147541,2611.1434426229507,779.672131147541,0.0,0.0,주거 유출·귀가형,35663.20491803279,0.07321673552963964,0.02186208819256473
답십리,08-09시간대,3,3460.877049180328,1696.622950819672,3460.877049180328,1696.622950819672,0.0,0.0,주거 유출·귀가형,35663.20491803279,0.09704335482844857,0.04757348518505664
답십리,09-10시간대,4,1499.6844262295083,772.9754098360655,1499.6844262295083,772.9754098360655,0.0,0.0,주거 유출·귀가형,35663.20491803279,0.04205130833519693,0.02167431142581404
답십리,10-11시간대,5,783.2991803278688,495.6844262295082,0.0,0.0,0.0,0.0,주거 유출·귀가형,35663.20491803279,0.021963791031349524,0.01389904321186988
답십리,11-12시간대,6,653.516393442623,510.6188524590164,0.0,0.0,0.0,0.0,주거 유출·귀가형,35663.20491803279,0.018324668098244252,0.014317806087047058
답십리,12-13시간대,7,700.1680327868852,545.5573770491803,0.0,0.0,0.0,0.0,주거 유출·귀가형,35663.20491803279,0.019632784950094358,0.015297485974776317
답십리,13-14시간대,8,690.6598360655738,612.139344262295,0.0,0.0,0.0,0.0,주거 유출·귀가형,35663.20491803279,0.019366174118477717,0.01716445130686424
답십리,14-15시간대,9,622.233606557377,605.3811475409836,0.0,0.0,0.0,0.0,주거 유출·귀가형,35663.20491803279,0.017447495478533116,0.016974950763184997
답십리,15-16시간대,10,705.7704918032787,774.0696721311475,0.0,0.0,0.0,0.0,주거 유출·귀가형,35663.20491803279,0.01978987848751675,0.021704994655142335
답십리,16-17시간대,11,945.3647540983607,938.0737704918033,0.0,0.0,0.0,0.0,주거 유출·귀가형,35663.20491803279,0.026508126688870443,0.026303686745143717
답십리,17-18시간대,12,1330.1065573770493,1413.8073770491803,0.0,0.0,1330.1065573770493,1413.8073770491803,주거 유출·귀가형,35663.20491803279,0.03729632713700648,0.03964330688446626
답십리,18-19시간대,13,1543.8483606557377,2575.0081967213114,0.0,0.0,1543.8483606557377,2575.0081967213114,주거 유출·귀가형,35663.20491803279,0.04328966968067147,0.0722034994510345
답십리,19-20시간대,14,687.1229508196722,1559.5122950819673,0.0,0.0,687.1229508196722,1559.5122950819673,주거 유출·귀가형,35663.20491803279,0.0192669994858548,0.04372888804206751
답십리,20-21시간대,15,464.50409836065575,973.8565573770492,0.0,0.0,0.0,0.0,주거 유출·귀가형,35663.20491803279,0.013024743553706338,0.027307039836025143
답십리,21-22시간대,16,377.1475409836066,841.6844262295082,0.0,0.0,0.0,0.0,주거 유출·귀가형,35663.20491803279,0.01057525653822843,0.023600919439629997
답십리,22-23시간대,17,263.327868852459,777.8934426229508,0.0,0.0,0.0,0.0,주거 유출·귀가형,35663.20491803279,0.007383741014238167,0.02181221358009851
답십리,23-24시간대,18,123.67213114754098,428.5983606557377,0.0,0.0,0.0,0.0,주거 유출·귀가형,35663.20491803279,0.003467779506406819,0.012017942908967799
답십리,24시이후,19,25.99590163934426,188.65983606557376,0.0,0.0,0.0,0.0,주거 유출·귀가형,35663.20491803279,0.0007289278038553305,0.005290041556814193
당산,06시이전,0,320.95081967213116,143.14754098360655,0.0,0.0,0.0,0.0,혼합형,44923.09426229508,0.007144450420048471,0.003186502250886875
당산,06-07시간대,1,824.0655737704918,583.7745901639345,0.0,0.0,0.0,0.0,혼합형,44923.09426229508,0.018343918363213634,0.012994977299546996
당산,07-08시간대,2,2158.655737704918,1275.3237704918033,2158.655737704918,1275.3237704918033,0.0,0.0,혼합형,44923.09426229508,0.048052249586839436,0.028389045577437214
당산,08-09시간대,3,2582.0778688524592,3491.69262295082,2582.0778688524592,3491.69262295082,0.0,0.0,혼합형,44923.09426229508,0.057477738594236875,0.07772600441464854
당산,09-10시간대,4,1414.2459016393443,1352.7540983606557,1414.2459016393443,1352.7540983606557,0.0,0.0,혼합형,44923.09426229508,0.03148148908403113,0.030112665224310945
당산,10-11시간대,5,912.2418032786885,610.594262295082,0.0,0.0,0.0,0.0,혼합형,44923.09426229508,0.020306744632333857,0.013591990318609172
당산,11-12시간대,6,813.7540983606557,565.094262295082,0.0,0.0,0.0,0.0,혼합형,44923.09426229508,0.018114382184124325,0.012579148243788222
당산,12-13시간대,7,801.5860655737705,641.3319672131148,0.0,0.0,0.0,0.0,혼합형,44923.09426229508,0.017843518545127442,0.014276219787277621
당산,13-14시간대,8,755.5491803278688,738.4262295081967,0.0,0.0,0.0,0.0,혼합형,44923.09426229508,0.01681872526225375,0.016437563832907513
당산,14-15시간대,9,696.2131147540983,742.860655737705,0.0,0.0,0.0,0.0,혼합형,44923.09426229508,0.015497888695936178,0.016536275337587416
당산,15-16시간대,10,778.8032786885246,896.3360655737705,0.0,0.0,0.0,0.0,혼합형,44923.09426229508,0.01733636766295039,0.01995267868994689
당산,16-17시간대,11,1040.2295081967213,1202.4098360655737,0.0,0.0,0.0,0.0,혼합형,44923.09426229508,0.023155784909273454,0.02676596204715983
당산,17-18시간대,12,1710.032786885246,1961.6844262295083,0.0,0.0,1710.032786885246,1961.6844262295083,혼합형,44923.09426229508,0.038065783645729705,0.0436676159210162
당산,18-19시간대,13,2458.815573770492,3177.4836065573772,0.0,0.0,2458.815573770492,3177.4836065573772,혼합형,44923.09426229508,0.05473388719428057,0.07073162832472801
당산,19-20시간대,14,1028.6516393442623,2050.065573770492,0.0,0.0,1028.6516393442623,2050.065573770492,혼합형,44923.09426229508,0.022898058476075005,0.04563500371992755
당산,20-21시간대,15,789.1803278688525,1311.9344262295083,0.0,0.0,0.0,0.0,혼합형,44923.09426229508,0.017567363531572858,0.029204008489919248
당산,21-22시간대,16,761.9262295081967,1234.6926229508197,0.0,0.0,0.0,0.0,혼합형,44923.09426229508,0.016960680069353497,0.027484585450453347
당산,22-23시간대,17,636.5081967213115,1142.889344262295,0.0,0.0,0.0,0.0,혼합형,44923.09426229508,0.014168841375994584,0.025441020104030248
당산,23-24시간대,18,331.77868852459017,669.3934426229508,0.0,0.0,0.0,0.0,혼합형,44923.09426229508,0.007385481654211409,0.014900875676874002
당산,24시이후,19,77.66803278688525,238.2704918032787,0.0,0.0,0.0,0.0,혼합형,44923.09426229508,0.0017289110214314355,0.005303964379926167
대림(구로구청),06시이전,0,1786.5122950819673,151.11475409836066,0.0,0.0,0.0,0.0,주거 유출·귀가형,71946.77049180328,0.024831028312598133,0.002100368829141216
대림(구로구청),06-07시간대,1,1533.422131147541,547.4467213114754,0.0,0.0,0.0,0.0,주거 유출·귀가형,71946.77049180328,0.0213132864847942,0.007609052047358326
대림(구로구청),07-08시간대,2,3566.7090163934427,1266.516393442623,3566.7090163934427,1266.516393442623,0.0,0.0,주거 유출·귀가형,71946.77049180328,0.049574275426299906,0.01760351972416766
대림(구로구청),08-09시간대,3,4851.209016393443,3022.7909836065573,4851.209016393443,3022.7909836065573,0.0,0.0,주거 유출·귀가형,71946.77049180328,0.06742775225673443,0.04201426920129704
대림(구로구청),09-10시간대,4,2989.47131147541,1821.532786885246,2989.47131147541,1821.532786885246,0.0,0.0,주거 유출·귀가형,71946.77049180328,0.041551153596477174,0.025317783889865754
대림(구로구청),10-11시간대,5,1790.389344262295,1588.6926229508197,0.0,0.0,0.0,0.0,주거 유출·귀가형,71946.77049180328,0.024884916057021207,0.022081500143662676
대림(구로구청),11-12시간대,6,1600.3360655737704,1625.22131147541,0.0,0.0,0.0,0.0,주거 유출·귀가형,71946.77049180328,0.022243334268298987,0.022589218395293605
대림(구로구청),12-13시간대,7,1692.967213114754,1602.2540983606557,0.0,0.0,0.0,0.0,주거 유출·귀가형,71946.77049180328,0.023530829827971632,0.022269993321565373
대림(구로구청),13-14시간대,8,1664.155737704918,1632.377049180328,0.0,0.0,0.0,0.0,주거 유출·귀가형,71946.77049180328,0.023130374391085576,0.022688677170941265
대림(구로구청),14-15시간대,9,1606.5696721311476,1683.7131147540983,0.0,0.0,0.0,0.0,주거 유출·귀가형,71946.77049180328,0.022329976191414736,0.023402205592340238
대림(구로구청),15-16시간대,10,1716.799180327869,2090.594262295082,0.0,0.0,0.0,0.0,주거 유출·귀가형,71946.77049180328,0.02386207426118535,0.029057513603522458
대림(구로구청),16-17시간대,11,1906.6352459016393,2395.434426229508,0.0,0.0,0.0,0.0,주거 유출·귀가형,71946.77049180328,0.02650063696908894,0.033294537195417466
대림(구로구청),17-18시간대,12,2323.6188524590166,3147.1434426229507,0.0,0.0,2323.6188524590166,3147.1434426229507,주거 유출·귀가형,71946.77049180328,0.03229636072023192,0.043742664488067566
대림(구로구청),18-19시간대,13,2670.344262295082,3616.7131147540986,0.0,0.0,2670.344262295082,3616.7131147540986,주거 유출·귀가형,71946.77049180328,0.037115554236021024,0.05026929061626389
대림(구로구청),19-20시간대,14,1310.1188524590164,2597.2090163934427,0.0,0.0,1310.1188524590164,2597.2090163934427,주거 유출·귀가형,71946.77049180328,0.018209557475665637,0.03609903542076758
대림(구로구청),20-21시간대,15,976.9098360655738,1878.5737704918033,0.0,0.0,0.0,0.0,주거 유출·귀가형,71946.77049180328,0.01357823053609989,0.026110605905595507
대림(구로구청),21-22시간대,16,769.6598360655738,2223.7950819672133,0.0,0.0,0.0,0.0,주거 유출·귀가형,71946.77049180328,0.010697628688604712,0.030908893710810337
대림(구로구청),22-23시간대,17,576.9918032786885,2056.5491803278687,0.0,0.0,0.0,0.0,주거 유출·귀가형,71946.77049180328,0.008019704002480886,0.02858431540804415
대림(구로구청),23-24시간대,18,296.5655737704918,961.672131147541,0.0,0.0,0.0,0.0,주거 유출·귀가형,71946.77049180328,0.004122013701841959,0.01336643916848362
대림(구로구청),24시이후,19,65.33196721311475,342.7090163934426,0.0,0.0,0.0,0.0,주거 유출·귀가형,71946.77049180328,0.0009080597609389272,0.004763369002538989
대청,06시이전,0,160.5122950819672,46.08606557377049,0.0,0.0,0.0,0.0,혼합형,24044.831967213115,0.006675542391015144,0.0019166723908327664
대청,06-07시간대,1,529.1188524590164,294.9836065573771,0.0,0.0,0.0,0.0,혼합형,24044.831967213115,0.022005512585012387,0.012268066874395661
대청,07-08시간대,2,1437.2909836065573,852.6926229508197,1437.2909836065573,852.6926229508197,0.0,0.0,혼합형,24044.831967213115,0.05977546383216188,0.03546261517292067
대청,08-09시간대,3,1701.5819672131147,1254.377049180328,1701.5819672131147,1254.377049180328,0.0,0.0,혼합형,24044.831967213115,0.07076705587019057,0.0521682601438331
대청,09-10시간대,4,853.4754098360655,530.6188524590164,853.4754098360655,530.6188524590164,0.0,0.0,혼합형,24044.831967213115,0.03549517047987034,0.022067896052779822
대청,10-11시간대,5,591.5450819672132,350.63524590163934,0.0,0.0,0.0,0.0,혼합형,24044.831967213115,0.0246017557025904,0.01458256170722075
대청,11-12시간대,6,520.1598360655738,320.0614754098361,0.0,0.0,0.0,0.0,혼합형,24044.831967213115,0.02163291624474023,0.013311029823217866
대청,12-13시간대,7,490.25409836065575,385.1475409836066,0.0,0.0,0.0,0.0,혼합형,24044.831967213115,0.020389167161956174,0.01601789280577146
대청,13-14시간대,8,508.7049180327869,424.3360655737705,0.0,0.0,0.0,0.0,혼합형,24044.831967213115,0.02115651790482226,0.01764770351285398
대청,14-15시간대,9,494.79918032786884,443.4590163934426,0.0,0.0,0.0,0.0,혼합형,24044.831967213115,0.020578192478224164,0.018443007503572133
대청,15-16시간대,10,697.422131147541,563.7581967213115,0.0,0.0,0.0,0.0,혼합형,24044.831967213115,0.029005074025825053,0.023446127529193676
대청,16-17시간대,11,814.5245901639345,621.0696721311475,0.0,0.0,0.0,0.0,혼합형,24044.831967213115,0.03387524567751599,0.025829653248482725
대청,17-18시간대,12,1061.3360655737704,894.5860655737705,0.0,0.0,1061.3360655737704,894.5860655737705,혼합형,24044.831967213115,0.044139882824757504,0.03720492065794446
대청,18-19시간대,13,1185.2459016393443,1289.7295081967213,0.0,0.0,1185.2459016393443,1289.7295081967213,혼합형,24044.831967213115,0.04929316633426733,0.0536385328021989
대청,19-20시간대,14,487.12704918032784,1023.3196721311475,0.0,0.0,487.12704918032784,1023.3196721311475,혼합형,24044.831967213115,0.020259116380790733,0.042558819854782874
대청,20-21시간대,15,342.5655737704918,666.266393442623,0.0,0.0,0.0,0.0,혼합형,24044.831967213115,0.014246952286362616,0.02770933871990147
대청,21-22시간대,16,275.87295081967216,593.6434426229508,0.0,0.0,0.0,0.0,혼합형,24044.831967213115,0.011473274223577237,0.024689024378811507
대청,22-23시간대,17,198.4877049180328,621.639344262295,0.0,0.0,0.0,0.0,혼합형,24044.831967213115,0.008254900894657333,0.02585334533050369
대청,23-24시간대,18,70.8811475409836,304.23770491803276,0.0,0.0,0.0,0.0,혼합형,24044.831967213115,0.002947874521961111,0.012652935372261412
대청,24시이후,19,16.59426229508197,126.68442622950819,0.0,0.0,0.0,0.0,혼합형,24044.831967213115,0.0006901384180063914,0.005268675880216242
대치,06시이전,0,117.23360655737704,23.188524590163933,0.0,0.0,0.0,0.0,혼합형,27685.614754098362,0.0042344592164066976,0.0008375658187879424
대치,06-07시간대,1,563.2172131147541,322.3114754098361,0.0,0.0,0.0,0.0,혼합형,27685.614754098362,0.020343316127064862,0.011641839210455805
대치,07-08시간대,2,1371.155737704918,808.0819672131148,1371.155737704918,808.0819672131148,0.0,0.0,혼합형,27685.614754098362,0.04952592708825231,0.02918779208590601
대치,08-09시간대,3,1333.155737704918,1183.516393442623,1333.155737704918,1183.516393442623,0.0,0.0,혼합형,27685.614754098362,0.04815337313423998,0.04274842382784455
대치,09-10시간대,4,749.094262295082,749.4139344262295,749.094262295082,749.4139344262295,0.0,0.0,혼합형,27685.614754098362,0.027057165569501825,0.02706871207601746
대치,10-11시간대,5,546.0860655737705,507.0081967213115,0.0,0.0,0.0,0.0,혼합형,27685.614754098362,0.01972454180353471,0.01831305539806581
대치,11-12시간대,6,491.0,477.672131147541,0.0,0.0,0.0,0.0,혼합형,27685.614754098362,0.017734841879475195,0.01725344137705413
대치,12-13시간대,7,524.5368852459017,587.5081967213115,0.0,0.0,0.0,0.0,혼합형,27685.614754098362,0.0189461888386731,0.02122070259011826
대치,13-14시간대,8,527.0204918032787,709.7622950819672,0.0,0.0,0.0,0.0,혼합형,27685.614754098362,0.01903589631237149,0.025636501171674344
대치,14-15시간대,9,538.8647540983607,724.5204918032787,0.0,0.0,0.0,0.0,혼합형,27685.614754098362,0.019463709181989225,0.026169564889146135
대치,15-16시간대,10,613.9672131147541,898.8483606557377,0.0,0.0,0.0,0.0,혼합형,27685.614754098362,0.022176398052489235,0.0324662597756721
대치,16-17시간대,11,740.1065573770492,1101.1844262295083,0.0,0.0,0.0,0.0,혼합형,27685.614754098362,0.02673253109785072,0.03977460627152943
대치,17-18시간대,12,1111.577868852459,1349.782786885246,0.0,0.0,1111.577868852459,1349.782786885246,혼합형,27685.614754098362,0.040150015765422355,0.048753939505187784
대치,18-19시간대,13,1174.2295081967213,1422.049180327869,0.0,0.0,1174.2295081967213,1422.049180327869,혼합형,27685.614754098362,0.04241298301035189,0.051364190138395244
대치,19-20시간대,14,752.594262295082,1035.4795081967213,0.0,0.0,752.594262295082,1035.4795081967213,혼합형,27685.614754098362,0.027183585012634542,0.0374013550861621
대치,20-21시간대,15,514.6762295081967,574.0737704918033,0.0,0.0,0.0,0.0,혼합형,27685.614754098362,0.01859002352230622,0.020735453252191987
대치,21-22시간대,16,625.4262295081967,556.266393442623,0.0,0.0,0.0,0.0,혼합형,27685.614754098362,0.02259029590143428,0.020092253626417225
대치,22-23시간대,17,1391.8483606557377,450.25,0.0,0.0,0.0,0.0,혼합형,27685.614754098362,0.05027334133693742,0.01626295836300144
대치,23-24시간대,18,147.077868852459,245.56967213114754,0.0,0.0,0.0,0.0,혼합형,27685.614754098362,0.0053124292221355405,0.008869937486029466
대치,24시이후,19,22.15983606557377,104.09836065573771,0.0,0.0,0.0,0.0,혼합형,27685.614754098362,0.0008004097529491702,0.0037600162243219756
대흥(서강대앞),06시이전,0,96.42622950819673,48.94672131147541,0.0,0.0,0.0,0.0,혼합형,22420.823770491803,0.004300744276626621,0.002183092013590264
대흥(서강대앞),06-07시간대,1,230.19262295081967,226.31147540983608,0.0,0.0,0.0,0.0,혼합형,22420.823770491803,0.01026691192559025,0.010093807334041228
대흥(서강대앞),07-08시간대,2,699.3401639344262,805.188524590164,699.3401639344262,805.188524590164,0.0,0.0,혼합형,22420.823770491803,0.03119154635410107,0.03591253081654734
대흥(서강대앞),08-09시간대,3,972.9344262295082,1548.7868852459017,972.9344262295082,1548.7868852459017,0.0,0.0,혼합형,22420.823770491803,0.04339423190641165,0.06907805445062506
대흥(서강대앞),09-10시간대,4,571.4795081967213,883.3524590163935,571.4795081967213,883.3524590163935,0.0,0.0,혼합형,22420.823770491803,0.025488782840746883,0.03939875127063706
대흥(서강대앞),10-11시간대,5,391.827868852459,769.5737704918033,0.0,0.0,0.0,0.0,혼합형,22420.823770491803,0.017476069249879492,0.03432406312852093
대흥(서강대앞),11-12시간대,6,392.92622950819674,519.6065573770492,0.0,0.0,0.0,0.0,혼합형,22420.823770491803,0.01752505766649527,0.02317517691124743
대흥(서강대앞),12-13시간대,7,434.34016393442624,526.5286885245902,0.0,0.0,0.0,0.0,혼합형,22420.823770491803,0.019372176882548994,0.023483913611486395
대흥(서강대앞),13-14시간대,8,632.2786885245902,670.3155737704918,0.0,0.0,0.0,0.0,혼합형,22420.823770491803,0.02820051105154916,0.02989700916576931
대흥(서강대앞),14-15시간대,9,524.5,467.6967213114754,0.0,0.0,0.0,0.0,혼합형,22420.823770491803,0.023393431274826664,0.020859925848354163
대흥(서강대앞),15-16시간대,10,610.7868852459017,520.5,0.0,0.0,0.0,0.0,혼합형,22420.823770491803,0.027241946660753937,0.023215025697897573
대흥(서강대앞),16-17시간대,11,837.3483606557377,585.0122950819672,0.0,0.0,0.0,0.0,혼합형,22420.823770491803,0.03734690434335323,0.026092364003677055
대흥(서강대앞),17-18시간대,12,1092.8360655737704,772.8729508196722,0.0,0.0,1092.8360655737704,772.8729508196722,혼합형,22420.823770491803,0.04874201219190079,0.03447121117096757
대흥(서강대앞),18-19시간대,13,1210.97131147541,1126.860655737705,0.0,0.0,1210.97131147541,1126.860655737705,혼합형,22420.823770491803,0.05401100886708621,0.05025955635139392
대흥(서강대앞),19-20시간대,14,570.766393442623,684.3073770491803,0.0,0.0,570.766393442623,684.3073770491803,혼합형,22420.823770491803,0.025456976928466494,0.03052106309982249
대흥(서강대앞),20-21시간대,15,487.3524590163934,396.0983606557377,0.0,0.0,0.0,0.0,혼합형,22420.823770491803,0.021736599154657345,0.01766653913836321
대흥(서강대앞),21-22시간대,16,505.1106557377049,327.7172131147541,0.0,0.0,0.0,0.0,혼합형,22420.823770491803,0.0225286394874788,0.014616644618832646
대흥(서강대앞),22-23시간대,17,473.74590163934425,318.7418032786885,0.0,0.0,0.0,0.0,혼합형,22420.823770491803,0.021129727724939547,0.014216328826338073
대흥(서강대앞),23-24시간대,18,161.00819672131146,205.20491803278688,0.0,0.0,0.0,0.0,혼합형,22420.823770491803,0.007181190056594416,0.009152425447581389
대흥(서강대앞),24시이후,19,37.17622950819672,83.85245901639344,0.0,0.0,0.0,0.0,혼합형,22420.823770491803,0.001658111668364505,0.0037399365819355945
도곡,06시이전,0,48.72540983606557,15.102459016393443,0.0,0.0,0.0,0.0,업무 유입형,13991.491803278688,0.0034825028325176544,0.0010794030564242204
도곡,06-07시간대,1,205.327868852459,186.45901639344262,0.0,0.0,0.0,0.0,업무 유입형,13991.491803278688,0.01467519487838628,0.013326600123494256
도곡,07-08시간대,2,560.2622950819672,665.9508196721312,560.2622950819672,665.9508196721312,0.0,0.0,업무 유입형,13991.491803278688,0.040043070671754846,0.04759684164029428
도곡,08-09시간대,3,687.9262295081967,971.639344262295,687.9262295081967,971.639344262295,0.0,0.0,업무 유입형,13991.491803278688,0.04916746828576148,0.0694450140073417
도곡,09-10시간대,4,406.1188524590164,706.077868852459,406.1188524590164,706.077868852459,0.0,0.0,업무 유입형,13991.491803278688,0.02902612946275313,0.05046480237990067
도곡,10-11시간대,5,317.04918032786884,323.4590163934426,0.0,0.0,0.0,0.0,업무 유입형,13991.491803278688,0.022660141233372507,0.023118265081472227
도곡,11-12시간대,6,283.8483606557377,277.21311475409834,0.0,0.0,0.0,0.0,업무 유입형,13991.491803278688,0.02028721201760789,0.0198129776761287
도곡,12-13시간대,7,282.9836065573771,261.844262295082,0.0,0.0,0.0,0.0,업무 유입형,13991.491803278688,0.020225406306643032,0.01871453494571057
도곡,13-14시간대,8,285.61475409836066,289.28688524590166,0.0,0.0,0.0,0.0,업무 유입형,13991.491803278688,0.020413459702090617,0.02067591428514519
도곡,14-15시간대,9,313.59016393442624,289.077868852459,0.0,0.0,0.0,0.0,업무 유입형,13991.491803278688,0.022412918389513065,0.0206609754640115
도곡,15-16시간대,10,427.60655737704917,307.92622950819674,0.0,0.0,0.0,0.0,업무 유입형,13991.491803278688,0.0305618988589084,0.022008105628596304
도곡,16-17시간대,11,533.577868852459,323.5696721311475,0.0,0.0,0.0,0.0,업무 유입형,13991.491803278688,0.03813588117368752,0.02312617386913124
도곡,17-18시간대,12,747.9877049180328,432.9918032786885,0.0,0.0,747.9877049180328,432.9918032786885,업무 유입형,13991.491803278688,0.05346018247623556,0.030946793191646914
도곡,18-19시간대,13,803.7090163934427,570.0204918032787,0.0,0.0,803.7090163934427,570.0204918032787,업무 유입형,13991.491803278688,0.05744269643963955,0.040740508576055004
도곡,19-20시간대,14,394.155737704918,429.1188524590164,0.0,0.0,394.155737704918,429.1188524590164,업무 유입형,13991.491803278688,0.02817110164139565,0.030669985623581548
도곡,20-21시간대,15,265.8975409836066,257.00409836065575,0.0,0.0,0.0,0.0,업무 유입형,13991.491803278688,0.01900423090847951,0.018368598715144218
도곡,21-22시간대,16,231.23360655737704,238.44672131147541,0.0,0.0,0.0,0.0,업무 유입형,13991.491803278688,0.01652672994477909,0.017042265732922
도곡,22-23시간대,17,182.59426229508196,201.6516393442623,0.0,0.0,0.0,0.0,업무 유입형,13991.491803278688,0.013050378391551775,0.014412447377270262
도곡,23-24시간대,18,49.209016393442624,113.9139344262295,0.0,0.0,0.0,0.0,업무 유입형,13991.491803278688,0.003517067163768145,0.008141657517859214
도곡,24시이후,19,12.46311475409836,90.85655737704919,0.0,0.0,0.0,0.0,업무 유입형,13991.491803278688,0.000890763824853746,0.006493700504170568
도림천,06시이전,0,17.475409836065573,14.602459016393443,0.0,0.0,0.0,0.0,혼합형,3146.266393442623,0.005554332548727414,0.004641202361893943
도림천,06-07시간대,1,60.16393442622951,33.127049180327866,0.0,0.0,0.0,0.0,혼합형,3146.266393442623,0.019122326879765113,0.01052900328127666
도림천,07-08시간대,2,161.15573770491804,155.09016393442624,161.15573770491804,155.09016393442624,0.0,0.0,혼합형,3146.266393442623,0.051221262776983904,0.04929339875913293
도림천,08-09시간대,3,160.46311475409837,245.10245901639345,160.46311475409837,245.10245901639345,0.0,0.0,혼합형,3146.266393442623,0.05100112154791849,0.07790264026187688
도림천,09-10시간대,4,90.79508196721312,96.95081967213115,90.79508196721312,96.95081967213115,0.0,0.0,혼합형,3146.266393442623,0.028858040169912554,0.03081456162586672
도림천,10-11시간대,5,72.4672131147541,56.872950819672134,0.0,0.0,0.0,0.0,혼합형,3146.266393442623,0.023032764570027706,0.018076330388998668
도림천,11-12시간대,6,60.68852459016394,52.6844262295082,0.0,0.0,0.0,0.0,혼합형,3146.266393442623,0.019289061065092764,0.016745062128023194
도림천,12-13시간대,7,75.93442622950819,70.84016393442623,0.0,0.0,0.0,0.0,혼합형,3146.266393442623,0.024134773326177653,0.022515628073347407
도림천,13-14시간대,8,63.93852459016394,62.85245901639344,0.0,0.0,0.0,0.0,혼합형,3146.266393442623,0.020322031447630486,0.01997683957956933
도림천,14-15시간대,9,80.19672131147541,67.15573770491804,0.0,0.0,0.0,0.0,혼합형,3146.266393442623,0.02548948858196483,0.02134458094358523
도림천,15-16시간대,10,98.48770491803279,61.1844262295082,0.0,0.0,0.0,0.0,혼합형,3146.266393442623,0.03130304068444383,0.01944667697466031
도림천,16-17시간대,11,115.63934426229508,78.95081967213115,0.0,0.0,0.0,0.0,혼합형,3146.266393442623,0.036754466978164334,0.025093494891811657
도림천,17-18시간대,12,135.5983606557377,104.68852459016394,0.0,0.0,135.5983606557377,104.68852459016394,혼합형,3146.266393442623,0.04309818168555235,0.033273890859449595
도림천,18-19시간대,13,162.55327868852459,152.4344262295082,0.0,0.0,162.55327868852459,152.4344262295082,혼합형,3146.266393442623,0.05166545306758335,0.04844930694591169
도림천,19-20시간대,14,69.81147540983606,116.45901639344262,0.0,0.0,69.81147540983606,116.45901639344262,혼합형,3146.266393442623,0.022188672756806464,0.03701498914273879
도림천,20-21시간대,15,42.1844262295082,76.65983606557377,0.0,0.0,0.0,0.0,혼합형,3146.266393442623,0.013407773199824407,0.02436533544182605
도림천,21-22시간대,16,37.32377049180328,62.09016393442623,0.0,0.0,0.0,0.0,혼합형,3146.266393442623,0.01186287676389788,0.019734553966515085
도림천,22-23시간대,17,20.78688524590164,48.84426229508197,0.0,0.0,0.0,0.0,혼합형,3146.266393442623,0.006606842093608218,0.015524515786991867
도림천,23-24시간대,18,7.774590163934426,36.49180327868852,0.0,0.0,0.0,0.0,혼합형,3146.266393442623,0.0024710527309887206,0.011598446766854805
도림천,24시이후,19,3.3401639344262297,16.40573770491803,0.0,0.0,0.0,0.0,혼합형,3146.266393442623,0.0010616278206409106,0.005214351123957748
도봉산,06시이전,0,242.5983606557377,41.528688524590166,0.0,0.0,0.0,0.0,주거 유출·귀가형,21322.59836065574,0.011377523346468785,0.001947637329286215
도봉산,06-07시간대,1,817.6762295081967,170.52459016393442,0.0,0.0,0.0,0.0,주거 유출·귀가형,21322.59836065574,0.03834786997709272,0.00799736445247615
도봉산,07-08시간대,2,2302.6762295081967,327.172131147541,2302.6762295081967,327.172131147541,0.0,0.0,주거 유출·귀가형,21322.59836065574,0.10799229017778028,0.015343914733733201
도봉산,08-09시간대,3,1668.0245901639344,520.6762295081967,1668.0245901639344,520.6762295081967,0.0,0.0,주거 유출·귀가형,21322.59836065574,0.07822801714643549,0.02441898593695521
도봉산,09-10시간대,4,781.0450819672132,438.62704918032784,781.0450819672132,438.62704918032784,0.0,0.0,주거 유출·귀가형,21322.59836065574,0.03662992046074414,0.020570994292594208
도봉산,10-11시간대,5,447.47131147540983,384.5655737704918,0.0,0.0,0.0,0.0,주거 유출·귀가형,21322.59836065574,0.02098577780750585,0.01803558681103747
도봉산,11-12시간대,6,383.1393442622951,352.83196721311475,0.0,0.0,0.0,0.0,주거 유출·귀가형,21322.59836065574,0.017968698644592034,0.01654732510762652
도봉산,12-13시간대,7,389.08196721311475,386.2950819672131,0.0,0.0,0.0,0.0,주거 유출·귀가형,21322.59836065574,0.018247399338114683,0.0181166983232213
도봉산,13-14시간대,8,360.8114754098361,418.25,0.0,0.0,0.0,0.0,주거 유출·귀가형,21322.59836065574,0.016921552866446244,0.019615339224873785
도봉산,14-15시간대,9,335.85655737704917,406.7090163934426,0.0,0.0,0.0,0.0,주거 유출·귀가형,21322.59836065574,0.015751202161025955,0.019074083257315314
도봉산,15-16시간대,10,382.79918032786884,508.3606557377049,0.0,0.0,0.0,0.0,주거 유출·귀가형,21322.59836065574,0.017952745432480047,0.023841402775551374
도봉산,16-17시간대,11,480.9549180327869,656.4139344262295,0.0,0.0,0.0,0.0,주거 유출·귀가형,21322.59836065574,0.02255611205997485,0.03078489419176222
도봉산,17-18시간대,12,433.49590163934425,880.0245901639345,0.0,0.0,433.49590163934425,880.0245901639345,주거 유출·귀가형,21322.59836065574,0.020330350659290515,0.041271920770582435
도봉산,18-19시간대,13,411.2090163934426,1537.6311475409836,0.0,0.0,411.2090163934426,1537.6311475409836,주거 유출·귀가형,21322.59836065574,0.019285126954893157,0.07211274730842403
도봉산,19-20시간대,14,188.40983606557376,1551.1188524590164,0.0,0.0,188.40983606557376,1551.1188524590164,주거 유출·귀가형,21322.59836065574,0.008836157436291904,0.07274530177903302
도봉산,20-21시간대,15,129.19262295081967,891.766393442623,0.0,0.0,0.0,0.0,주거 유출·귀가형,21322.59836065574,0.006058953077182409,0.041822594899508216
도봉산,21-22시간대,16,102.3811475409836,681.2704918032787,0.0,0.0,0.0,0.0,주거 유출·귀가형,21322.59836065574,0.00480153243095815,0.03195063192018627
도봉산,22-23시간대,17,83.26229508196721,609.9795081967213,0.0,0.0,0.0,0.0,주거 유출·귀가형,21322.59836065574,0.0039048850273145897,0.028607184634788688
도봉산,23-24시간대,18,37.66393442622951,380.9467213114754,0.0,0.0,0.0,0.0,주거 유출·귀가형,21322.59836065574,0.0017663857748090707,0.01786586769905092
도봉산,24시이후,19,10.80327868852459,189.35245901639345,0.0,0.0,0.0,0.0,주거 유출·귀가형,21322.59836065574,0.0005066586400866933,0.008880365132505843
독립문,06시이전,0,197.60655737704917,36.16803278688525,0.0,0.0,0.0,0.0,혼합형,17363.70081967213,0.011380440116381854,0.0020829679779963057
독립문,06-07시간대,1,262.0450819672131,260.16803278688525,0.0,0.0,0.0,0.0,혼합형,17363.70081967213,0.015091545557519067,0.014983443649992462
독립문,07-08시간대,2,686.9959016393443,659.344262295082,686.9959016393443,659.344262295082,0.0,0.0,혼합형,17363.70081967213,0.039565062124372434,0.03797256524646409
독립문,08-09시간대,3,834.233606557377,976.6967213114754,834.233606557377,976.6967213114754,0.0,0.0,혼합형,17363.70081967213,0.048044689045335064,0.05624934059016561
독립문,09-10시간대,4,596.1352459016393,640.5286885245902,596.1352459016393,640.5286885245902,0.0,0.0,혼합형,17363.70081967213,0.034332268915060464,0.03688894983717446
독립문,10-11시간대,5,490.00409836065575,507.73770491803276,0.0,0.0,0.0,0.0,혼합형,17363.70081967213,0.028220026562857367,0.029241329955581447
독립문,11-12시간대,6,505.1475409836066,403.55737704918033,0.0,0.0,0.0,0.0,혼합형,17363.70081967213,0.029092158764409362,0.023241438057488975
독립문,12-13시간대,7,535.0327868852459,411.7418032786885,0.0,0.0,0.0,0.0,혼합형,17363.70081967213,0.030813292191667042,0.023712790697948873
독립문,13-14시간대,8,460.0983606557377,447.8893442622951,0.0,0.0,0.0,0.0,혼합형,17363.70081967213,0.02649771298377079,0.025794578524116287
독립문,14-15시간대,9,484.4016393442623,423.66803278688525,0.0,0.0,0.0,0.0,혼합형,17363.70081967213,0.027897373052837997,0.024399639062364656
독립문,15-16시간대,10,594.4877049180328,456.6885245901639,0.0,0.0,0.0,0.0,혼합형,17363.70081967213,0.03423738470801746,0.02630133571944298
독립문,16-17시간대,11,634.4139344262295,502.76229508196724,0.0,0.0,0.0,0.0,혼합형,17363.70081967213,0.03653679253143276,0.02895478909152621
독립문,17-18시간대,12,663.639344262295,567.4303278688525,0.0,0.0,663.639344262295,567.4303278688525,혼합형,17363.70081967213,0.038219925069800084,0.032679112233147026
독립문,18-19시간대,13,673.4713114754098,731.7540983606557,0.0,0.0,673.4713114754098,731.7540983606557,혼합형,17363.70081967213,0.03878616191730299,0.04214274974904072
독립문,19-20시간대,14,310.20081967213116,567.3237704918033,0.0,0.0,310.20081967213116,567.3237704918033,혼합형,17363.70081967213,0.017864902355417833,0.03267297544363678
독립문,20-21시간대,15,234.5983606557377,359.39344262295083,0.0,0.0,0.0,0.0,혼합형,17363.70081967213,0.013510850197899662,0.020697974835858585
독립문,21-22시간대,16,193.85655737704917,318.077868852459,0.0,0.0,0.0,0.0,혼합형,17363.70081967213,0.011164472331694418,0.018318552718444334
독립문,22-23시간대,17,137.34426229508196,280.3975409836066,0.0,0.0,0.0,0.0,혼합형,17363.70081967213,0.007909849617973051,0.01614848953547572
독립문,23-24시간대,18,50.709016393442624,168.2295081967213,0.0,0.0,0.0,0.0,혼합형,17363.70081967213,0.0029204037157788427,0.009688574454480719
독립문,24시이후,19,11.245901639344263,88.47540983606558,0.0,0.0,0.0,0.0,혼합형,17363.70081967213,0.0006476673236965283,0.005095423536428809
독바위,06시이전,0,90.9139344262295,10.614754098360656,0.0,0.0,0.0,0.0,주거 유출·귀가형,6201.315573770492,0.014660427024672844,0.001711693909475845
독바위,06-07시간대,1,195.61065573770492,32.278688524590166,0.0,0.0,0.0,0.0,주거 유출·귀가형,6201.315573770492,0.031543412588946954,0.005205135610436971
독바위,07-08시간대,2,607.4262295081967,84.27868852459017,607.4262295081967,84.27868852459017,0.0,0.0,주거 유출·귀가형,6201.315573770492,0.09795118830549572,0.013590453109830609
독바위,08-09시간대,3,559.1434426229508,119.59836065573771,559.1434426229508,119.59836065573771,0.0,0.0,주거 유출·귀가형,6201.315573770492,0.09016529411725831,0.019285965894333634
독바위,09-10시간대,4,266.4303278688525,81.31147540983606,266.4303278688525,81.31147540983606,0.0,0.0,주거 유출·귀가형,6201.315573770492,0.042963517127843714,0.013111971877992573
독바위,10-11시간대,5,161.22131147540983,83.70491803278688,0.0,0.0,0.0,0.0,주거 유출·귀가형,6201.315573770492,0.025997920853652812,0.013497929114723804
독바위,11-12시간대,6,133.46311475409837,81.84426229508196,0.0,0.0,0.0,0.0,주거 유출·귀가형,6201.315573770492,0.02152174214752158,0.013197887016306031
독바위,12-13시간대,7,135.10655737704917,110.22950819672131,0.0,0.0,0.0,0.0,주거 유출·귀가형,6201.315573770492,0.021786757304934633,0.017775181231375416
독바위,13-14시간대,8,122.04918032786885,106.49180327868852,0.0,0.0,0.0,0.0,주거 유출·귀가형,6201.315573770492,0.019681175530575544,0.01717245349182253
독바위,14-15시간대,9,108.38934426229508,124.93852459016394,0.0,0.0,0.0,0.0,주거 유출·귀가형,6201.315573770492,0.017478443561354313,0.020147099934506228
독바위,15-16시간대,10,114.77868852459017,157.24180327868854,0.0,0.0,0.0,0.0,주거 유출·귀가형,6201.315573770492,0.01850876433543649,0.02535620085901921
독바위,16-17시간대,11,127.1311475409836,206.97540983606558,0.0,0.0,0.0,0.0,주거 유출·귀가형,6201.315573770492,0.02050067377295008,0.03337604857774097
독바위,17-18시간대,12,117.89344262295081,286.33196721311475,0.0,0.0,117.89344262295081,286.33196721311475,주거 유출·귀가형,6201.315573770492,0.01901103745173056,0.04617277798669108
독바위,18-19시간대,13,109.72540983606558,481.2254098360656,0.0,0.0,109.72540983606558,481.2254098360656,주거 유출·귀가형,6201.315573770492,0.017693892292817297,0.07760053558175453
독바위,19-20시간대,14,69.20081967213115,410.5860655737705,0.0,0.0,69.20081967213115,410.5860655737705,주거 유출·귀가형,6201.315573770492,0.011159054695559707,0.06620951001274848
독바위,20-21시간대,15,43.88934426229508,245.63114754098362,0.0,0.0,0.0,0.0,주거 유출·귀가형,6201.315573770492,0.007077424739991052,0.03960952230522212
독바위,21-22시간대,16,30.89344262295082,191.53688524590163,0.0,0.0,0.0,0.0,주거 유출·귀가형,6201.315573770492,0.004981756250821976,0.030886492223688652
독바위,22-23시간대,17,21.53688524590164,185.7622950819672,0.0,0.0,0.0,0.0,주거 유출·귀가형,6201.315573770492,0.003472954244901763,0.02995530430150662
독바위,23-24시간대,18,12.299180327868852,120.89754098360656,0.0,0.0,0.0,0.0,주거 유출·귀가형,6201.315573770492,0.001983317923682243,0.019495466654682606
독바위,24시이후,19,4.495901639344262,48.23770491803279,0.0,0.0,0.0,0.0,주거 유출·귀가형,6201.315573770492,0.0007249915902297304,0.007778624445764748
돌곶이,06시이전,0,302.0204918032787,44.16803278688525,0.0,0.0,0.0,0.0,주거 유출·귀가형,24444.19262295082,0.012355511039448673,0.0018068926827804318
돌곶이,06-07시간대,1,773.8196721311475,142.38524590163934,0.0,0.0,0.0,0.0,주거 유출·귀가형,24444.19262295082,0.03165658543389987,0.005824910975703606
돌곶이,07-08시간대,2,2181.1967213114754,282.2090163934426,2181.1967213114754,282.2090163934426,0.0,0.0,주거 유출·귀가형,24444.19262295082,0.0892316942087723,0.011545033241493712
돌곶이,08-09시간대,3,2212.2418032786886,787.5901639344262,2212.2418032786886,787.5901639344262,0.0,0.0,주거 유출·귀가형,24444.19262295082,0.0905017333729239,0.03221992953839483
돌곶이,09-10시간대,4,971.405737704918,477.2745901639344,971.405737704918,477.2745901639344,0.0,0.0,주거 유출·귀가형,24444.19262295082,0.03973973502372332,0.019525070740762287
돌곶이,10-11시간대,5,589.688524590164,353.25409836065575,0.0,0.0,0.0,0.0,주거 유출·귀가형,24444.19262295082,0.024123869979510035,0.014451452899654499
돌곶이,11-12시간대,6,498.44262295081967,355.22131147540983,0.0,0.0,0.0,0.0,주거 유출·귀가형,24444.19262295082,0.020391044639487436,0.014531930628868065
돌곶이,12-13시간대,7,542.188524590164,445.0081967213115,0.0,0.0,0.0,0.0,주거 유출·귀가형,24444.19262295082,0.022180668142874126,0.018205068319723933
돌곶이,13-14시간대,8,503.5614754098361,472.672131147541,0.0,0.0,0.0,0.0,주거 유출·귀가형,24444.19262295082,0.02060045439737857,0.019336786386789713
돌곶이,14-15시간대,9,451.0409836065574,446.1106557377049,0.0,0.0,0.0,0.0,주거 유출·귀가형,24444.19262295082,0.018451866689312205,0.018250169380470704
돌곶이,15-16시간대,10,504.58196721311475,606.7254098360655,0.0,0.0,0.0,0.0,주거 유출·귀가형,24444.19262295082,0.020642202219408108,0.02482084064688669
돌곶이,16-17시간대,11,563.4426229508197,738.5532786885246,0.0,0.0,0.0,0.0,주거 유출·귀가형,24444.19262295082,0.023050162942252365,0.030213854475810827
돌곶이,17-18시간대,12,647.233606557377,1021.610655737705,0.0,0.0,647.233606557377,1021.610655737705,주거 유출·귀가형,24444.19262295082,0.026478011220942718,0.04179359373802789
돌곶이,18-19시간대,13,666.0819672131148,1744.5983606557377,0.0,0.0,666.0819672131148,1744.5983606557377,주거 유출·귀가형,24444.19262295082,0.027249088463970204,0.07137066818143636
돌곶이,19-20시간대,14,430.37704918032784,1372.049180327869,0.0,0.0,430.37704918032784,1372.049180327869,주거 유출·귀가형,24444.19262295082,0.01760651520869803,0.05612986288774547
돌곶이,20-21시간대,15,262.38524590163934,744.7418032786885,0.0,0.0,0.0,0.0,주거 유출·귀가형,24444.19262295082,0.010734052457731168,0.030467023998961836
돌곶이,21-22시간대,16,247.45491803278688,609.4795081967213,0.0,0.0,0.0,0.0,주거 유출·귀가형,24444.19262295082,0.01012326002538737,0.024933509467785688
돌곶이,22-23시간대,17,195.76639344262296,632.8852459016393,0.0,0.0,0.0,0.0,주거 유출·귀가형,24444.19262295082,0.008008707690300907,0.025891026783491266
돌곶이,23-24시간대,18,89.68442622950819,358.23770491803276,0.0,0.0,0.0,0.0,주거 유출·귀가형,24444.19262295082,0.0036689461424593284,0.0146553298136622
돌곶이,24시이후,19,23.024590163934427,153.77868852459017,0.0,0.0,0.0,0.0,주거 유출·귀가형,24444.19262295082,0.0009419247556704524,0.006291011157398846
동대문,06시이전,0,666.2295081967213,167.38524590163934,0.0,0.0,0.0,0.0,업무 유입형,66616.39754098361,0.010000983733574678,0.002512673336901187
동대문,06-07시간대,1,479.53688524590166,866.8934426229508,0.0,0.0,0.0,0.0,업무 유입형,66616.39754098361,0.007198481199030342,0.013013214082758262
동대문,07-08시간대,2,839.7377049180328,1845.655737704918,839.7377049180328,1845.655737704918,0.0,0.0,업무 유입형,66616.39754098361,0.012605570638991863,0.027705727205819517
동대문,08-09시간대,3,1157.5573770491803,3529.1475409836066,1157.5573770491803,3529.1475409836066,0.0,0.0,업무 유입형,66616.39754098361,0.017376463149887836,0.05297715984735457
동대문,09-10시간대,4,1263.0122950819673,3339.0409836065573,1263.0122950819673,3339.0409836065573,0.0,0.0,업무 유입형,66616.39754098361,0.018959480573907336,0.050123409653791605
동대문,10-11시간대,5,1343.827868852459,2851.4590163934427,0.0,0.0,0.0,0.0,업무 유입형,66616.39754098361,0.020172628939079326,0.04280416116225999
동대문,11-12시간대,6,1599.922131147541,2600.627049180328,0.0,0.0,0.0,0.0,업무 유입형,66616.39754098361,0.02401694162707072,0.03903884246488074
동대문,12-13시간대,7,1846.2090163934427,2206.0532786885246,0.0,0.0,0.0,0.0,업무 유입형,66616.39754098361,0.02771403264875771,0.03311576969215906
동대문,13-14시간대,8,2072.4303278688526,2190.5778688524592,0.0,0.0,0.0,0.0,업무 유입형,66616.39754098361,0.03110991293988625,0.03288346337708784
동대문,14-15시간대,9,2447.52868852459,2110.4139344262294,0.0,0.0,0.0,0.0,업무 유입형,66616.39754098361,0.036740634121183544,0.03168009697804305
동대문,15-16시간대,10,2802.2090163934427,1919.282786885246,0.0,0.0,0.0,0.0,업무 유입형,66616.39754098361,0.042064853697161765,0.02881096633459455
동대문,16-17시간대,11,3459.532786885246,1663.5368852459017,0.0,0.0,0.0,0.0,업무 유입형,66616.39754098361,0.05193215056033132,0.024971882999564238
동대문,17-18시간대,12,4163.483606557377,1526.782786885246,0.0,0.0,4163.483606557377,1526.782786885246,업무 유입형,66616.39754098361,0.062499380936892106,0.022919023592441207
동대문,18-19시간대,13,3150.7377049180327,1525.200819672131,0.0,0.0,3150.7377049180327,1525.200819672131,업무 유입형,66616.39754098361,0.0472967290520272,0.02289527617781793
동대문,19-20시간대,14,1824.311475409836,1489.2459016393443,0.0,0.0,1824.311475409836,1489.2459016393443,업무 유입형,66616.39754098361,0.02738532167380391,0.0223555454304345
동대문,20-21시간대,15,1450.9754098360656,1029.9631147540983,0.0,0.0,0.0,0.0,업무 유입형,66616.39754098361,0.021781054866309744,0.015461104964741547
동대문,21-22시간대,16,1320.5860655737704,852.0983606557377,0.0,0.0,0.0,0.0,업무 유입형,66616.39754098361,0.019823738813875696,0.012791120386411038
동대문,22-23시간대,17,929.6803278688525,768.7418032786885,0.0,0.0,0.0,0.0,업무 유입형,66616.39754098361,0.013955728051744262,0.011539828505522903
동대문,23-24시간대,18,477.594262295082,513.8729508196722,0.0,0.0,0.0,0.0,업무 유입형,66616.39754098361,0.007169319866047355,0.007713910835594618
동대문,24시이후,19,117.94672131147541,207.36885245901638,0.0,0.0,0.0,0.0,업무 유입형,66616.39754098361,0.001770535869024026,0.003112880013234569
동대문역사문화공원(DDP),06시이전,0,452.5163934426229,120.15573770491804,0.0,0.0,0.0,0.0,업무 유입형,82855.13114754099,0.005461537350497005,0.0014501906646065827
동대문역사문화공원(DDP),06-07시간대,1,366.41803278688525,1063.6598360655737,0.0,0.0,0.0,0.0,업무 유입형,82855.13114754099,0.004422393975026132,0.012837585570548475
동대문역사문화공원(DDP),07-08시간대,2,709.6762295081967,2755.72131147541,709.6762295081967,2755.72131147541,0.0,0.0,업무 유입형,82855.13114754099,0.008565265900605103,0.033259512999481815
동대문역사문화공원(DDP),08-09시간대,3,1193.311475409836,6529.2172131147545,1193.311475409836,6529.2172131147545,0.0,0.0,업무 유입형,82855.13114754099,0.014402384727204088,0.07880281067310255
동대문역사문화공원(DDP),09-10시간대,4,1402.200819672131,3493.7745901639346,1402.200819672131,3493.7745901639346,0.0,0.0,업무 유입형,82855.13114754099,0.016923524231410816,0.042167268843525625
동대문역사문화공원(DDP),10-11시간대,5,1455.7745901639344,2424.55737704918,0.0,0.0,0.0,0.0,업무 유입형,82855.13114754099,0.01757011991896581,0.029262609852511678
동대문역사문화공원(DDP),11-12시간대,6,1573.922131147541,2182.55737704918,0.0,0.0,0.0,0.0,업무 유입형,82855.13114754099,0.01899607313812396,0.02634184928345207
동대문역사문화공원(DDP),12-13시간대,7,1727.9098360655737,2029.6680327868853,0.0,0.0,0.0,0.0,업무 유입형,82855.13114754099,0.020854590562275097,0.024496588258036
동대문역사문화공원(DDP),13-14시간대,8,1880.549180327869,2069.622950819672,0.0,0.0,0.0,0.0,업무 유입형,82855.13114754099,0.022696834273053718,0.02497881449411109
동대문역사문화공원(DDP),14-15시간대,9,2216.844262295082,2055.815573770492,0.0,0.0,0.0,0.0,업무 유입형,82855.13114754099,0.02675566656635332,0.024812169690609502
동대문역사문화공원(DDP),15-16시간대,10,2749.340163934426,1991.7745901639344,0.0,0.0,0.0,0.0,업무 유입형,82855.13114754099,0.03318249727996505,0.024039242501676338
동대문역사문화공원(DDP),16-17시간대,11,3336.3893442622953,1989.799180327869,0.0,0.0,0.0,0.0,업무 유입형,82855.13114754099,0.040267745618809685,0.024015400769622983
동대문역사문화공원(DDP),17-18시간대,12,4985.602459016393,2339.72131147541,0.0,0.0,4985.602459016393,2339.72131147541,업무 유입형,82855.13114754099,0.06017252510455242,0.028238701442751254
동대문역사문화공원(DDP),18-19시간대,13,6116.549180327869,2727.4590163934427,0.0,0.0,6116.549180327869,2727.4590163934427,업무 유입형,82855.13114754099,0.07382221349014664,0.032918408052925875
동대문역사문화공원(DDP),19-20시간대,14,3278.5450819672133,2409.659836065574,0.0,0.0,3278.5450819672133,2409.659836065574,업무 유입형,82855.13114754099,0.03956960826154598,0.0290828075786238
동대문역사문화공원(DDP),20-21시간대,15,2541.2745901639346,1677.2254098360656,0.0,0.0,0.0,0.0,업무 유입형,82855.13114754099,0.03067130007480962,0.020242867117661222
동대문역사문화공원(DDP),21-22시간대,16,2351.815573770492,1382.0901639344263,0.0,0.0,0.0,0.0,업무 유입형,82855.13114754099,0.028384670221360094,0.016680803527705772
동대문역사문화공원(DDP),22-23시간대,17,1736.6926229508197,1197.0655737704917,0.0,0.0,0.0,0.0,업무 유입형,82855.13114754099,0.020960592287981212,0.014447693910940345
동대문역사문화공원(DDP),23-24시간대,18,940.2295081967213,749.4016393442623,0.0,0.0,0.0,0.0,업무 유입형,82855.13114754099,0.011347873030608628,0.009044722142914663
동대문역사문화공원(DDP),24시이후,19,306.64344262295083,343.9795081967213,0.0,0.0,0.0,0.0,업무 유입형,82855.13114754099,0.003700958991627298,0.004151577620270656
동대입구,06시이전,0,55.46311475409836,45.80327868852459,0.0,0.0,0.0,0.0,업무 유입형,25303.33606557377,0.0021919289460632903,0.0018101675830343113
동대입구,06-07시간대,1,106.42622950819673,364.67622950819674,0.0,0.0,0.0,0.0,업무 유입형,25303.33606557377,0.004206015729799123,0.014412179823369368
동대입구,07-08시간대,2,204.20081967213116,666.2827868852459,204.20081967213116,666.2827868852459,0.0,0.0,업무 유입형,25303.33606557377,0.008070114515451374,0.026331815898052707
동대입구,08-09시간대,3,343.7663934426229,2534.8319672131147,343.7663934426229,2534.8319672131147,0.0,0.0,업무 유입형,25303.33606557377,0.013585813054521742,0.10017777737465447
동대입구,09-10시간대,4,305.83196721311475,1424.766393442623,305.83196721311475,1424.766393442623,0.0,0.0,업무 유입형,25303.33606557377,0.012086626301786812,0.056307452493628944
동대입구,10-11시간대,5,335.16803278688525,1272.3688524590164,0.0,0.0,0.0,0.0,업무 유입형,25303.33606557377,0.01324600170974669,0.05028462844431515
동대입구,11-12시간대,6,403.85655737704917,866.1024590163935,0.0,0.0,0.0,0.0,업무 유입형,25303.33606557377,0.015960605207568365,0.03422878535746761
동대입구,12-13시간대,7,419.8524590163934,770.5450819672132,0.0,0.0,0.0,0.0,업무 유입형,25303.33606557377,0.016592770926661324,0.030452311899519503
동대입구,13-14시간대,8,709.3688524590164,881.0327868852459,0.0,0.0,0.0,0.0,업무 유입형,25303.33606557377,0.028034597913124265,0.03481883908912419
동대입구,14-15시간대,9,682.6598360655738,587.9426229508197,0.0,0.0,0.0,0.0,업무 유입형,25303.33606557377,0.026979044751113297,0.023235774975566947
동대입구,15-16시간대,10,756.311475409836,503.33196721311475,0.0,0.0,0.0,0.0,업무 유입형,25303.33606557377,0.029889792928879007,0.019891921203936368
동대입구,16-17시간대,11,997.3483606557377,536.7418032786885,0.0,0.0,0.0,0.0,업무 유입형,25303.33606557377,0.03941568645616936,0.021212293979249154
동대입구,17-18시간대,12,1628.327868852459,728.389344262295,0.0,0.0,1628.327868852459,728.389344262295,업무 유입형,25303.33606557377,0.0643522998166185,0.028786296888863548
동대입구,18-19시간대,13,1743.877049180328,936.5532786885246,0.0,0.0,1743.877049180328,936.5532786885246,업무 유입형,25303.33606557377,0.06891885894654597,0.03701303560374175
동대입구,19-20시간대,14,801.2213114754098,435.14344262295083,0.0,0.0,801.2213114754098,435.14344262295083,업무 유입형,25303.33606557377,0.03166465123013974,0.0171970779463733
동대입구,20-21시간대,15,892.1311475409836,220.20081967213116,0.0,0.0,0.0,0.0,업무 유입형,25303.33606557377,0.035257451635192276,0.008702442203726781
동대입구,21-22시간대,16,806.9016393442623,211.29918032786884,0.0,0.0,0.0,0.0,업무 유입형,25303.33606557377,0.03188914051701211,0.008350645139450606
동대입구,22-23시간대,17,616.4303278688525,154.88114754098362,0.0,0.0,0.0,0.0,업무 유입형,25303.33606557377,0.024361622762760177,0.006120977373877028
동대입구,23-24시간대,18,175.6516393442623,98.37295081967213,0.0,0.0,0.0,0.0,업무 유입형,25303.33606557377,0.006941837190521434,0.0038877462862896
동대입구,24시이후,19,28.58606557377049,50.68852459016394,0.0,0.0,0.0,0.0,업무 유입형,25303.33606557377,0.0011297350475719685,0.0020032348485118433
동묘앞,06시이전,0,312.05737704918033,69.2827868852459,0.0,0.0,0.0,0.0,혼합형,37487.25409836065,0.00832435942708396,0.0018481691591349628
동묘앞,06-07시간대,1,347.5860655737705,335.30737704918033,0.0,0.0,0.0,0.0,혼합형,37487.25409836065,0.00927211325379446,0.008944570230974683
동묘앞,07-08시간대,2,815.1598360655738,716.2909836065573,815.1598360655738,716.2909836065573,0.0,0.0,혼합형,37487.25409836065,0.021744986547340136,0.01910758738762574
동묘앞,08-09시간대,3,1278.6065573770493,1762.5368852459017,1278.6065573770493,1762.5368852459017,0.0,0.0,혼합형,37487.25409836065,0.034107767776807206,0.04701696423593156
동묘앞,09-10시간대,4,926.2459016393443,1217.9098360655737,926.2459016393443,1217.9098360655737,0.0,0.0,혼합형,37487.25409836065,0.024708288828224678,0.03248863821473747
동묘앞,10-11시간대,5,814.6229508196722,1044.6639344262296,0.0,0.0,0.0,0.0,혼합형,37487.25409836065,0.02173066473960002,0.027867176712521965
동묘앞,11-12시간대,6,993.1229508196722,1233.5204918032787,0.0,0.0,0.0,0.0,혼합형,37487.25409836065,0.02649228316947072,0.03290506390696729
동묘앞,12-13시간대,7,1220.6311475409836,1273.139344262295,0.0,0.0,0.0,0.0,혼합형,37487.25409836065,0.03256123119442784,0.03396192585676662
동묘앞,13-14시간대,8,1337.8360655737704,1541.110655737705,0.0,0.0,0.0,0.0,혼합형,37487.25409836065,0.03568775835283905,0.04111025714751135
동묘앞,14-15시간대,9,1430.8196721311476,1378.1024590163934,0.0,0.0,0.0,0.0,혼합형,37487.25409836065,0.03816816426129537,0.03676189393334784
동묘앞,15-16시간대,10,1564.9098360655737,1268.5860655737704,0.0,0.0,0.0,0.0,혼합형,37487.25409836065,0.04174511773947211,0.03384046380791723
동묘앞,16-17시간대,11,1704.5204918032787,1177.1926229508197,0.0,0.0,0.0,0.0,혼합형,37487.25409836065,0.04546933438578577,0.03140247668879805
동묘앞,17-18시간대,12,1796.233606557377,1163.4467213114754,0.0,0.0,1796.233606557377,1163.4467213114754,혼합형,37487.25409836065,0.047915848993483036,0.031035794679940398
동묘앞,18-19시간대,13,1513.0081967213114,1337.110655737705,0.0,0.0,1513.0081967213114,1337.110655737705,혼합형,37487.25409836065,0.04036060344007635,0.035668407513373405
동묘앞,19-20시간대,14,846.1680327868852,946.2295081967213,0.0,0.0,846.1680327868852,946.2295081967213,혼합형,37487.25409836065,0.02257215293941438,0.025241366191131633
동묘앞,20-21시간대,15,582.0860655737705,626.0245901639345,0.0,0.0,0.0,0.0,혼합형,37487.25409836065,0.015527572759703026,0.01669966513208315
동묘앞,21-22시간대,16,482.47131147540983,620.9918032786885,0.0,0.0,0.0,0.0,혼합형,37487.25409836065,0.012870276126639766,0.01656541185036663
동묘앞,22-23시간대,17,351.3483606557377,617.9016393442623,0.0,0.0,0.0,0.0,혼합형,37487.25409836065,0.009372475234751921,0.016482979460778476
동묘앞,23-24시간대,18,161.7704918032787,433.9549180327869,0.0,0.0,0.0,0.0,혼합형,37487.25409836065,0.0043153465276175845,0.011576065744750404
동묘앞,24시이후,19,36.22950819672131,208.51639344262296,0.0,0.0,0.0,0.0,혼합형,37487.25409836065,0.0009664487055163013,0.005562327741997554
동작(현충원),06시이전,0,9.135245901639344,104.05737704918033,0.0,0.0,0.0,0.0,업무 유입형,5085.614754098361,0.0017962913715156056,0.020461120647277356
동작(현충원),06-07시간대,1,33.717213114754095,338.91803278688525,0.0,0.0,0.0,0.0,업무 유입형,5085.614754098361,0.006629918848568365,0.06664249047054936
동작(현충원),07-08시간대,2,97.11065573770492,181.13524590163934,97.11065573770492,181.13524590163934,0.0,0.0,업무 유입형,5085.614754098361,0.019095165566649742,0.035617177993214545
동작(현충원),08-09시간대,3,122.68032786885246,280.4139344262295,122.68032786885246,280.4139344262295,0.0,0.0,업무 유입형,5085.614754098361,0.024123008485844834,0.055138650484732724
동작(현충원),09-10시간대,4,98.88934426229508,157.11885245901638,98.88934426229508,157.11885245901638,0.0,0.0,업무 유입형,5085.614754098361,0.019444914537146724,0.030894761018301374
동작(현충원),10-11시간대,5,96.32377049180327,125.68442622950819,0.0,0.0,0.0,0.0,업무 유입형,5085.614754098361,0.018940437911499002,0.024713713544310935
동작(현충원),11-12시간대,6,125.09836065573771,128.33196721311475,0.0,0.0,0.0,0.0,업무 유입형,5085.614754098361,0.024598473676151793,0.02523430763403686
동작(현충원),12-13시간대,7,131.35655737704917,119.0860655737705,0.0,0.0,0.0,0.0,업무 유입형,5085.614754098361,0.025829042058522506,0.02341625768601568
동작(현충원),13-14시간대,8,100.88524590163935,133.45081967213116,0.0,0.0,0.0,0.0,업무 유입형,5085.614754098361,0.019837374787450943,0.02624084326572057
동작(현충원),14-15시간대,9,101.93852459016394,123.45901639344262,0.0,0.0,0.0,0.0,업무 유입형,5085.614754098361,0.020044484200855837,0.024276124394587754
동작(현충원),15-16시간대,10,146.59016393442624,122.42213114754098,0.0,0.0,0.0,0.0,업무 유입형,5085.614754098361,0.02882447275745634,0.0240722384739985
동작(현충원),16-17시간대,11,349.90983606557376,117.97950819672131,0.0,0.0,0.0,0.0,업무 유입형,5085.614754098361,0.06880384240343623,0.023198671920959955
동작(현충원),17-18시간대,12,377.07377049180326,150.91803278688525,0.0,0.0,377.07377049180326,150.91803278688525,업무 유입형,5085.614754098361,0.07414516999895235,0.0296754748607854
동작(현충원),18-19시간대,13,253.77459016393442,186.9877049180328,0.0,0.0,253.77459016393442,186.9877049180328,업무 유입형,5085.614754098361,0.049900474659317094,0.036767964928398164
동작(현충원),19-20시간대,14,111.04098360655738,131.54098360655738,0.0,0.0,111.04098360655738,131.54098360655738,업무 유입형,5085.614754098361,0.02183432858674016,0.025865306352698465
동작(현충원),20-21시간대,15,94.65573770491804,106.59426229508196,0.0,0.0,0.0,0.0,업무 유입형,5085.614754098361,0.018612447517507597,0.020959956160497704
동작(현충원),21-22시간대,16,91.14754098360656,57.14754098360656,0.0,0.0,0.0,0.0,업무 유입형,5085.614754098361,0.01792262005496055,0.01123709595532239
동작(현충원),22-23시간대,17,61.795081967213115,37.59016393442623,0.0,0.0,0.0,0.0,업무 유입형,5085.614754098361,0.012150956168556439,0.007391469026263407
동작(현충원),23-24시간대,18,28.87295081967213,22.692622950819672,0.0,0.0,0.0,0.0,업무 유입형,5085.614754098361,0.005677376721546631,0.004462119930050206
동작(현충원),24시이후,19,9.176229508196721,18.91393442622951,0.0,0.0,0.0,0.0,업무 유입형,5085.614754098361,0.0018043501035547066,0.0037191048360450964
둔촌동,06시이전,0,248.86065573770492,23.381147540983605,0.0,0.0,0.0,0.0,주거 유출·귀가형,28009.06557377049,0.008885003859991466,0.000834770709483405
둔촌동,06-07시간대,1,715.8360655737705,252.61065573770492,0.0,0.0,0.0,0.0,주거 유출·귀가형,28009.06557377049,0.02555729907120236,0.009018889083335431
둔촌동,07-08시간대,2,2015.1352459016393,514.2459016393443,2015.1352459016393,514.2459016393443,0.0,0.0,주거 유출·귀가형,28009.06557377049,0.07194582199088936,0.018359980638587157
둔촌동,08-09시간대,3,2005.3073770491803,1045.1844262295083,2005.3073770491803,1045.1844262295083,0.0,0.0,주거 유출·귀가형,28009.06557377049,0.07159494027987426,0.03731593342436553
둔촌동,09-10시간대,4,1039.1311475409836,588.5368852459017,1039.1311475409836,588.5368852459017,0.0,0.0,주거 유출·귀가형,28009.06557377049,0.037099814872585166,0.02101237128728228
둔촌동,10-11시간대,5,666.2090163934427,461.24590163934425,0.0,0.0,0.0,0.0,주거 유출·귀가형,28009.06557377049,0.023785478120959668,0.01646773614865913
둔촌동,11-12시간대,6,587.8647540983607,446.0327868852459,0.0,0.0,0.0,0.0,주거 유출·귀가형,28009.06557377049,0.02098837437293429,0.015924586477563177
둔촌동,12-13시간대,7,610.561475409836,517.2172131147541,0.0,0.0,0.0,0.0,주거 유출·귀가형,28009.06557377049,0.021798709200124316,0.018466064558723086
둔촌동,13-14시간대,8,591.8934426229508,613.4631147540983,0.0,0.0,0.0,0.0,주거 유출·귀가형,28009.06557377049,0.021132209536373764,0.021902305635236367
둔촌동,14-15시간대,9,584.7622950819672,604.0819672131148,0.0,0.0,0.0,0.0,주거 유출·귀가형,28009.06557377049,0.020877608128047533,0.021567373092903765
둔촌동,15-16시간대,10,649.2868852459017,763.9590163934427,0.0,0.0,0.0,0.0,주거 유출·귀가형,28009.06557377049,0.0231813119054545,0.027275419609459
둔촌동,16-17시간대,11,746.7786885245902,924.0819672131148,0.0,0.0,0.0,0.0,주거 유출·귀가형,28009.06557377049,0.02666203506710064,0.032992245484922036
둔촌동,17-18시간대,12,912.9098360655738,1289.8073770491803,0.0,0.0,912.9098360655738,1289.8073770491803,주거 유출·귀가형,28009.06557377049,0.03259336994521095,0.046049639665845896
둔촌동,18-19시간대,13,1006.3196721311475,2042.9877049180327,0.0,0.0,1006.3196721311475,2042.9877049180327,주거 유출·귀가형,28009.06557377049,0.035928355748987596,0.07294023070984629
둔촌동,19-20시간대,14,533.266393442623,1455.8565573770493,0.0,0.0,533.266393442623,1455.8565573770493,주거 유출·귀가형,28009.06557377049,0.01903906405010556,0.05197804809098694
둔촌동,20-21시간대,15,417.3524590163934,670.8360655737705,0.0,0.0,0.0,0.0,주거 유출·귀가형,28009.06557377049,0.014900620583616662,0.023950676391074788
둔촌동,21-22시간대,16,336.405737704918,717.5245901639345,0.0,0.0,0.0,0.0,주거 유출·귀가형,28009.06557377049,0.01201060195381706,0.02561758400236926
둔촌동,22-23시간대,17,269.20081967213116,573.6229508196722,0.0,0.0,0.0,0.0,주거 유출·귀가형,28009.06557377049,0.009611203164315067,0.020479903169524156
둔촌동,23-24시간대,18,115.57786885245902,298.9016393442623,0.0,0.0,0.0,0.0,주거 유출·귀가형,28009.06557377049,0.0041264450093149,0.010671603397728957
둔촌동,24시이후,19,21.889344262295083,130.93852459016392,0.0,0.0,0.0,0.0,주거 유출·귀가형,28009.06557377049,0.000781509265442746,0.00467486229575553
디지털미디어시티,06시이전,0,264.66803278688525,96.67213114754098,0.0,0.0,0.0,0.0,혼합형,35139.729508196724,0.00753187450475817,0.0027510778398277414
디지털미디어시티,06-07시간대,1,768.3975409836065,481.8483606557377,0.0,0.0,0.0,0.0,혼합형,35139.729508196724,0.021866916784443927,0.013712352582092054
디지털미디어시티,07-08시간대,2,2360.9508196721313,1382.8155737704917,2360.9508196721313,1382.8155737704917,0.0,0.0,혼합형,35139.729508196724,0.0671875069249299,0.03935191286682884
디지털미디어시티,08-09시간대,3,2445.6106557377047,3033.1352459016393,2445.6106557377047,3033.1352459016393,0.0,0.0,혼합형,35139.729508196724,0.06959674106675293,0.08631640847417814
디지털미디어시티,09-10시간대,4,1194.9918032786886,1325.045081967213,1194.9918032786886,1325.045081967213,0.0,0.0,혼합형,35139.729508196724,0.03400685833395342,0.037707890769567015
디지털미디어시티,10-11시간대,5,658.9918032786885,463.73770491803276,0.0,0.0,0.0,0.0,혼합형,35139.729508196724,0.018753468296475406,0.013196962851118729
디지털미디어시티,11-12시간대,6,549.3032786885246,444.2254098360656,0.0,0.0,0.0,0.0,혼합형,35139.729508196724,0.015631972311010354,0.012641685523858264
디지털미디어시티,12-13시간대,7,548.9959016393443,474.0655737704918,0.0,0.0,0.0,0.0,혼합형,35139.729508196724,0.015623225031122822,0.01349087145533977
디지털미디어시티,13-14시간대,8,514.2704918032787,492.01229508196724,0.0,0.0,0.0,0.0,혼합형,35139.729508196724,0.01463501566462882,0.014001595970373079
디지털미디어시티,14-15시간대,9,471.96311475409834,506.0655737704918,0.0,0.0,0.0,0.0,혼합형,35139.729508196724,0.013431040060909057,0.014401521606830996
디지털미디어시티,15-16시간대,10,568.6639344262295,606.5327868852459,0.0,0.0,0.0,0.0,혼합형,35139.729508196724,0.0161829343135263,0.017260599195670117
디지털미디어시티,16-17시간대,11,801.8524590163935,904.9303278688525,0.0,0.0,0.0,0.0,혼합형,35139.729508196724,0.022818970727402802,0.02575234188008669
디지털미디어시티,17-18시간대,12,1535.045081967213,1296.4631147540983,0.0,0.0,1535.045081967213,1296.4631147540983,혼합형,35139.729508196724,0.04368403238872818,0.03689451037042514
디지털미디어시티,18-19시간대,13,2084.688524590164,2197.5204918032787,0.0,0.0,2084.688524590164,2197.5204918032787,혼합형,35139.729508196724,0.059325685022814066,0.06253663652392893
디지털미디어시티,19-20시간대,14,877.827868852459,1521.1147540983607,0.0,0.0,877.827868852459,1521.1147540983607,혼합형,35139.729508196724,0.024981065054803457,0.04328760566422528
디지털미디어시티,20-21시간대,15,434.2336065573771,892.3975409836065,0.0,0.0,0.0,0.0,혼합형,35139.729508196724,0.012357340612314256,0.025395686121472423
디지털미디어시티,21-22시간대,16,344.0,807.6434426229508,0.0,0.0,0.0,0.0,혼합형,35139.729508196724,0.009789489128530664,0.022983769480483883
디지털미디어시티,22-23시간대,17,271.905737704918,748.7950819672132,0.0,0.0,0.0,0.0,혼합형,35139.729508196724,0.007737843788509898,0.021309073588416456
디지털미디어시티,23-24시간대,18,121.75819672131148,410.9344262295082,0.0,0.0,0.0,0.0,혼합형,35139.729508196724,0.0034649725090487695,0.011694296796839409
디지털미디어시티,24시이후,19,37.30327868852459,198.35245901639345,0.0,0.0,0.0,0.0,혼합형,35139.729508196724,0.001061569887150759,0.005644678026622988
뚝섬,06시이전,0,132.52459016393442,93.06557377049181,0.0,0.0,0.0,0.0,업무 유입형,57176.94262295082,0.0023177977709976237,0.0016276766385395238
뚝섬,06-07시간대,1,366.8155737704918,665.8688524590164,0.0,0.0,0.0,0.0,업무 유입형,57176.94262295082,0.0064154457538842255,0.011645758270952681
뚝섬,07-08시간대,2,860.1639344262295,1901.5204918032787,860.1639344262295,1901.5204918032787,0.0,0.0,업무 유입형,57176.94262295082,0.015043895230609268,0.03325677107890705
뚝섬,08-09시간대,3,1161.4303278688524,6585.680327868852,1161.4303278688524,6585.680327868852,0.0,0.0,업무 유입형,57176.94262295082,0.02031291416765356,0.1151807009216572
뚝섬,09-10시간대,4,689.2991803278688,4492.61475409836,689.2991803278688,4492.61475409836,0.0,0.0,업무 유입형,57176.94262295082,0.012055544572807995,0.07857388919384131
뚝섬,10-11시간대,5,571.0532786885246,1801.5696721311476,0.0,0.0,0.0,0.0,업무 유입형,57176.94262295082,0.009987474889210042,0.031508674467109365
뚝섬,11-12시간대,6,657.5532786885246,1272.4016393442623,0.0,0.0,0.0,0.0,업무 유입형,57176.94262295082,0.011500322481821245,0.022253754415219824
뚝섬,12-13시간대,7,797.9877049180328,1210.8975409836066,0.0,0.0,0.0,0.0,업무 유입형,57176.94262295082,0.013956459864954735,0.021178074332669067
뚝섬,13-14시간대,8,965.5860655737705,1256.8524590163934,0.0,0.0,0.0,0.0,업무 유입형,57176.94262295082,0.01688768271401389,0.0219818059756118
뚝섬,14-15시간대,9,1158.327868852459,1130.454918032787,0.0,0.0,0.0,0.0,업무 유입형,57176.94262295082,0.020258653501131877,0.019771167645102845
뚝섬,15-16시간대,10,1442.061475409836,1161.1434426229507,0.0,0.0,0.0,0.0,업무 유입형,57176.94262295082,0.025221031577700916,0.020307896668767804
뚝섬,16-17시간대,11,1886.9918032786886,1245.1352459016393,0.0,0.0,0.0,0.0,업무 유입형,57176.94262295082,0.033002670599621226,0.02177687698540639
뚝섬,17-18시간대,12,3418.7418032786886,1493.3852459016393,0.0,0.0,3418.7418032786886,1493.3852459016393,업무 유입형,57176.94262295082,0.059792315686120756,0.026118662128362818
뚝섬,18-19시간대,13,5871.163934426229,2009.5860655737704,0.0,0.0,5871.163934426229,2009.5860655737704,업무 유입형,57176.94262295082,0.10268411819679119,0.03514679123061615
뚝섬,19-20시간대,14,2854.0163934426228,1144.8852459016393,0.0,0.0,2854.0163934426228,1144.8852459016393,업무 유입형,57176.94262295082,0.04991551248661941,0.020023547839056414
뚝섬,20-21시간대,15,1854.9877049180327,606.7213114754098,0.0,0.0,0.0,0.0,업무 유입형,57176.94262295082,0.03244293275963729,0.01061129335782064
뚝섬,21-22시간대,16,1601.8565573770493,498.96311475409834,0.0,0.0,0.0,0.0,업무 유입형,57176.94262295082,0.028015778457067486,0.008726649097774854
뚝섬,22-23시간대,17,1001.016393442623,448.9467213114754,0.0,0.0,0.0,0.0,업무 유입형,57176.94262295082,0.017507343826404863,0.007851884006320902
뚝섬,23-24시간대,18,392.0655737704918,274.6188524590164,0.0,0.0,0.0,0.0,업무 유입형,57176.94262295082,0.0068570573343863395,0.0048029649691129946
뚝섬,24시이후,19,74.92622950819673,124.06147540983606,0.0,0.0,0.0,0.0,업무 유입형,57176.94262295082,0.001310427351848669,0.002169781553867796
마곡,06시이전,0,114.76639344262296,126.80327868852459,0.0,0.0,0.0,0.0,업무 유입형,31836.881147540982,0.003604825262586605,0.003982905175317986
마곡,06-07시간대,1,372.3196721311475,485.87704918032784,0.0,0.0,0.0,0.0,업무 유입형,31836.881147540982,0.011694602571329597,0.015261452493686116
마곡,07-08시간대,2,1128.8647540983607,1159.8524590163934,1128.8647540983607,1159.8524590163934,0.0,0.0,업무 유입형,31836.881147540982,0.03545776826777996,0.03643109554737205
마곡,08-09시간대,3,1125.6516393442623,3157.8196721311474,1125.6516393442623,3157.8196721311474,0.0,0.0,업무 유입형,31836.881147540982,0.03535684397374475,0.09918746932203977
마곡,09-10시간대,4,555.655737704918,1659.3155737704917,555.655737704918,1659.3155737704917,0.0,0.0,업무 유입형,31836.881147540982,0.017453208909812945,0.05211928788127081
마곡,10-11시간대,5,448.1393442622951,743.4180327868852,0.0,0.0,0.0,0.0,업무 유입형,31836.881147540982,0.014076106958639964,0.02335084361252846
마곡,11-12시간대,6,483.5245901639344,603.0819672131148,0.0,0.0,0.0,0.0,업무 유입형,31836.881147540982,0.015187561492696055,0.0189428720865673
마곡,12-13시간대,7,522.1967213114754,608.561475409836,0.0,0.0,0.0,0.0,업무 유입형,31836.881147540982,0.016402257460191222,0.019114984052288054
마곡,13-14시간대,8,592.1475409836065,650.4344262295082,0.0,0.0,0.0,0.0,업무 유입형,31836.881147540982,0.01859942053492708,0.020430218123917782
마곡,14-15시간대,9,673.266393442623,592.7008196721312,0.0,0.0,0.0,0.0,업무 유입형,31836.881147540982,0.02114737276941541,0.018616799080456103
마곡,15-16시간대,10,877.2540983606557,622.0327868852459,0.0,0.0,0.0,0.0,업무 유입형,31836.881147540982,0.027554649411015347,0.019538119453428007
마곡,16-17시간대,11,1200.122950819672,720.5,0.0,0.0,0.0,0.0,업무 유입형,31836.881147540982,0.037695996201951056,0.022630985637726326
마곡,17-18시간대,12,1937.5368852459017,925.6803278688525,0.0,0.0,1937.5368852459017,925.6803278688525,업무 유입형,31836.881147540982,0.06085825041299792,0.029075722699688823
마곡,18-19시간대,13,2463.3278688524592,1401.5819672131147,0.0,0.0,2463.3278688524592,1401.5819672131147,업무 유입형,31836.881147540982,0.07737340405414435,0.04402384645398502
마곡,19-20시간대,14,1116.2090163934427,964.7622950819672,0.0,0.0,1116.2090163934427,964.7622950819672,업무 유입형,31836.881147540982,0.03506025013004945,0.030303291663872155
마곡,20-21시간대,15,837.9508196721312,488.4016393442623,0.0,0.0,0.0,0.0,업무 유입형,31836.881147540982,0.026320129028620406,0.01534075015328521
마곡,21-22시간대,16,712.8934426229508,412.7950819672131,0.0,0.0,0.0,0.0,업무 유입형,31836.881147540982,0.022392062819194,0.012965939724252687
마곡,22-23시간대,17,465.9303278688525,379.3114754098361,0.0,0.0,0.0,0.0,업무 유입형,31836.881147540982,0.01463492374487317,0.011914215894829678
마곡,23-24시간대,18,183.62704918032787,193.63934426229508,0.0,0.0,0.0,0.0,업무 유입형,31836.881147540982,0.005767746166131944,0.006082233475223794
마곡,24시이후,19,32.118852459016395,96.80737704918033,0.0,0.0,0.0,0.0,업무 유입형,31836.881147540982,0.001008856750451424,0.0030407305477112524
마들,06시이전,0,454.0163934426229,44.99180327868852,0.0,0.0,0.0,0.0,주거 유출·귀가형,29378.409836065573,0.015454083320917612,0.0015314580853676978
마들,06-07시간대,1,1173.1598360655737,116.0327868852459,0.0,0.0,0.0,0.0,주거 유출·귀가형,29378.409836065573,0.03993272075009918,0.003949593852516875
마들,07-08시간대,2,2934.1762295081967,324.2049180327869,2934.1762295081967,324.2049180327869,0.0,0.0,주거 유출·귀가형,29378.409836065573,0.09987525689379342,0.011035482173537722
마들,08-09시간대,3,2727.6639344262294,505.38524590163934,2727.6639344262294,505.38524590163934,0.0,0.0,주거 유출·귀가형,29378.409836065573,0.09284586707200503,0.01720260724531174
마들,09-10시간대,4,1250.377049180328,402.3524590163934,1250.377049180328,402.3524590163934,0.0,0.0,주거 유출·귀가형,29378.409836065573,0.042561086735380005,0.01369551521888216
마들,10-11시간대,5,780.8073770491803,365.1475409836066,0.0,0.0,0.0,0.0,주거 유출·귀가형,29378.409836065573,0.026577591551284176,0.012429111821271672
마들,11-12시간대,6,698.6311475409836,430.02868852459017,0.0,0.0,0.0,0.0,주거 유출·귀가형,29378.409836065573,0.023780427580642194,0.014637575380158174
마들,12-13시간대,7,744.516393442623,513.0122950819672,0.0,0.0,0.0,0.0,주거 유출·귀가형,29378.409836065573,0.02534229720386835,0.01746222133684656
마들,13-14시간대,8,630.2213114754098,533.7540983606557,0.0,0.0,0.0,0.0,주거 유출·귀가형,29378.409836065573,0.0214518523974615,0.01816824332355142
마들,14-15시간대,9,567.0737704918033,594.4672131147541,0.0,0.0,0.0,0.0,주거 유출·귀가형,29378.409836065573,0.01930239838221779,0.0202348328732542
마들,15-16시간대,10,599.6803278688525,760.905737704918,0.0,0.0,0.0,0.0,주거 유출·귀가형,29378.409836065573,0.020412280011584287,0.02590016757036365
마들,16-17시간대,11,578.0655737704918,975.1311475409836,0.0,0.0,0.0,0.0,주거 유출·귀가형,29378.409836065573,0.019676543999357175,0.03319210103549892
마들,17-18시간대,12,540.3852459016393,1248.8360655737704,0.0,0.0,540.3852459016393,1248.8360655737704,주거 유출·귀가형,29378.409836065573,0.018393958315546768,0.04250863380769752
마들,18-19시간대,13,511.28688524590166,2109.3319672131147,0.0,0.0,511.28688524590166,2109.3319672131147,주거 유출·귀가형,29378.409836065573,0.017403490798138258,0.07179871133200862
마들,19-20시간대,14,310.1639344262295,2028.516393442623,0.0,0.0,310.1639344262295,2028.516393442623,주거 유출·귀가형,29378.409836065573,0.010557546720771303,0.06904786218049053
마들,20-21시간대,15,215.33196721311475,1057.6803278688524,0.0,0.0,0.0,0.0,주거 유출·귀가형,29378.409836065573,0.007329599131290236,0.0360019597306598
마들,21-22시간대,16,154.4795081967213,861.1024590163935,0.0,0.0,0.0,0.0,주거 유출·귀가형,29378.409836065573,0.005258266497701278,0.029310723889462712
마들,22-23시간대,17,117.61475409836065,800.8647540983607,0.0,0.0,0.0,0.0,주거 유출·귀가형,29378.409836065573,0.004003441804871761,0.027260316625959846
마들,23-24시간대,18,49.47540983606557,484.02868852459017,0.0,0.0,0.0,0.0,주거 유출·귀가형,29378.409836065573,0.0016840737845289532,0.01647565988852079
마들,24시이후,19,11.315573770491802,174.19262295081967,0.0,0.0,0.0,0.0,주거 유출·귀가형,29378.409836065573,0.0003851663120513949,0.005929273365128736
마장,06시이전,0,94.05327868852459,20.50409836065574,0.0,0.0,0.0,0.0,주거 유출·귀가형,12943.909836065573,0.007266218621707658,0.001584073021238547
마장,06-07시간대,1,269.98770491803276,151.22540983606558,0.0,0.0,0.0,0.0,주거 유출·귀가형,12943.909836065573,0.02085828071559699,0.01168313220281454
마장,07-08시간대,2,734.1311475409836,297.17622950819674,734.1311475409836,297.17622950819674,0.0,0.0,주거 유출·귀가형,12943.909836065573,0.056716336627707066,0.022958768507501157
마장,08-09시간대,3,869.610655737705,672.6229508196722,869.610655737705,672.6229508196722,0.0,0.0,주거 유출·귀가형,12943.909836065573,0.06718299700409776,0.051964434188620894
마장,09-10시간대,4,450.5204918032787,419.9754098360656,450.5204918032787,419.9754098360656,0.0,0.0,주거 유출·귀가형,12943.909836065573,0.0348055956437517,0.03244579228031159
마장,10-11시간대,5,304.36475409836066,293.4672131147541,0.0,0.0,0.0,0.0,주거 유출·귀가형,12943.909836065573,0.023514128107591584,0.02267222321783078
마장,11-12시간대,6,288.2418032786885,265.8032786885246,0.0,0.0,0.0,0.0,주거 유출·귀가형,12943.909836065573,0.022268526815256495,0.020535006968908094
마장,12-13시간대,7,362.4139344262295,290.0696721311475,0.0,0.0,0.0,0.0,주거 유출·귀가형,12943.909836065573,0.02799879935940505,0.022409741400000124
마장,13-14시간대,8,319.4754098360656,280.6516393442623,0.0,0.0,0.0,0.0,주거 유출·귀가형,12943.909836065573,0.024681523116447574,0.021682138001478005
마장,14-15시간대,9,317.47131147540983,248.75819672131146,0.0,0.0,0.0,0.0,주거 유출·귀가형,12943.909836065573,0.02452669367263673,0.01921816513494225
마장,15-16시간대,10,357.3688524590164,274.0204918032787,0.0,0.0,0.0,0.0,주거 유출·귀가형,12943.909836065573,0.02760903444052745,0.0211698393509955
마장,16-17시간대,11,445.39344262295083,333.25409836065575,0.0,0.0,0.0,0.0,주거 유출·귀가형,12943.909836065573,0.034409498232284695,0.025746015120725805
마장,17-18시간대,12,469.23770491803276,467.6639344262295,0.0,0.0,469.23770491803276,467.6639344262295,주거 유출·귀가형,12943.909836065573,0.03625162032654131,0.036130036468824824
마장,18-19시간대,13,492.22131147540983,759.0,0.0,0.0,492.22131147540983,759.0,주거 유출·귀가형,12943.909836065573,0.03802725124860923,0.05863761487933119
마장,19-20시간대,14,278.7336065573771,461.6639344262295,0.0,0.0,278.7336065573771,461.6639344262295,주거 유출·귀가형,12943.909836065573,0.021533957674886032,0.0356664980112807
마장,20-21시간대,15,216.08196721311475,297.844262295082,0.0,0.0,0.0,0.0,주거 유출·귀가형,12943.909836065573,0.01669371696417772,0.02301037832210477
마장,21-22시간대,16,196.8155737704918,269.87295081967216,0.0,0.0,0.0,0.0,주거 유출·귀가형,12943.909836065573,0.015205264581039124,0.020849415225971835
마장,22-23시간대,17,138.59426229508196,266.7049180327869,0.0,0.0,0.0,0.0,주거 유출·귀가형,12943.909836065573,0.010707295094787916,0.020604664387391503
마장,23-24시간대,18,49.53688524590164,143.27868852459017,0.0,0.0,0.0,0.0,주거 유출·귀가형,12943.909836065573,0.0038270418964042206,0.011069197046272157
마장,24시이후,19,11.87295081967213,64.22540983606558,0.0,0.0,0.0,0.0,주거 유출·귀가형,12943.909836065573,0.0009172615515746692,0.0049618245684247995
마천,06시이전,0,284.0614754098361,11.881147540983607,0.0,0.0,0.0,0.0,주거 유출·귀가형,15417.422131147541,0.018424706348018568,0.0007706312663632877
마천,06-07시간대,1,629.389344262295,99.90163934426229,0.0,0.0,0.0,0.0,주거 유출·귀가형,15417.422131147541,0.04082325429688735,0.0064797888060957225
마천,07-08시간대,2,1904.1188524590164,166.63524590163934,1904.1188524590164,166.63524590163934,0.0,0.0,주거 유출·귀가형,15417.422131147541,0.12350435995471377,0.01080824306970159
마천,08-09시간대,3,1384.1926229508197,457.0,1384.1926229508197,457.0,0.0,0.0,주거 유출·귀가형,15417.422131147541,0.08978106788386887,0.029641790703565877
마천,09-10시간대,4,648.2622950819672,225.58196721311475,648.2622950819672,225.58196721311475,0.0,0.0,주거 유출·귀가형,15417.422131147541,0.042047385715170534,0.014631626824135246
마천,10-11시간대,5,379.4672131147541,199.87295081967213,0.0,0.0,0.0,0.0,주거 유출·귀가형,15417.422131147541,0.024612883391713282,0.012964096664115616
마천,11-12시간대,6,315.7418032786885,186.91803278688525,0.0,0.0,0.0,0.0,주거 유출·귀가형,15417.422131147541,0.020479545840598152,0.012123818832803319
마천,12-13시간대,7,343.42622950819674,227.36885245901638,0.0,0.0,0.0,0.0,주거 유출·귀가형,15417.422131147541,0.02227520441399726,0.014747527214661079
마천,13-14시간대,8,288.12295081967216,282.5532786885246,0.0,0.0,0.0,0.0,주거 유출·귀가형,15417.422131147541,0.018688140492539446,0.018326882165189424
마천,14-15시간대,9,251.5737704918033,247.23360655737704,0.0,0.0,0.0,0.0,주거 유출·귀가형,15417.422131147541,0.01631749901843534,0.016035988666217773
마천,15-16시간대,10,247.8360655737705,441.15983606557376,0.0,0.0,0.0,0.0,주거 유출·귀가형,15417.422131147541,0.016075065174032677,0.028614370957276085
마천,16-17시간대,11,311.25409836065575,497.86475409836066,0.0,0.0,0.0,0.0,주거 유출·귀가형,15417.422131147541,0.020188465731364694,0.0322923475703849
마천,17-18시간대,12,296.8893442622951,639.7868852459017,0.0,0.0,296.8893442622951,639.7868852459017,주거 유출·귀가형,15417.422131147541,0.019256743555233845,0.04149765633992415
마천,18-19시간대,13,408.6188524590164,1028.704918032787,0.0,0.0,408.6188524590164,1028.704918032787,주거 유출·귀가형,15417.422131147541,0.026503707882103784,0.06672353583382223
마천,19-20시간대,14,160.08196721311475,912.0122950819672,0.0,0.0,160.08196721311475,912.0122950819672,주거 유출·귀가형,15417.422131147541,0.010383186362245608,0.05915465551400095
마천,20-21시간대,15,126.18852459016394,432.4344262295082,0.0,0.0,0.0,0.0,주거 유출·귀가형,15417.422131147541,0.008184800514427605,0.02804842616041943
마천,21-22시간대,16,91.02459016393442,435.65983606557376,0.0,0.0,0.0,0.0,주거 유출·귀가형,15417.422131147541,0.005904008425639399,0.028257631681850238
마천,22-23시간대,17,57.07786885245902,430.5245901639344,0.0,0.0,0.0,0.0,주거 유출·귀가형,15417.422131147541,0.003702166832232324,0.027924550972380353
마천,23-24시간대,18,26.459016393442624,231.95491803278688,0.0,0.0,0.0,0.0,주거 유출·귀가형,15417.422131147541,0.0017161764248504261,0.015044987161905136
마천,24시이후,19,6.569672131147541,102.01639344262296,0.0,0.0,0.0,0.0,주거 유출·귀가형,15417.422131147541,0.0004261200137910831,0.006616955323323545
마포,06시이전,0,95.2827868852459,57.18032786885246,0.0,0.0,0.0,0.0,업무 유입형,33968.110655737706,0.0028050658410449817,0.0016833532029016125
마포,06-07시간대,1,356.84016393442624,407.9016393442623,0.0,0.0,0.0,0.0,업무 유입형,33968.110655737706,0.010505151951221366,0.01200836995257968
마포,07-08시간대,2,1288.704918032787,966.672131147541,1288.704918032787,966.672131147541,0.0,0.0,업무 유입형,33968.110655737706,0.037938669332941134,0.028458224861095005
마포,08-09시간대,3,1689.4795081967213,3296.004098360656,1689.4795081967213,3296.004098360656,0.0,0.0,업무 유입형,33968.110655737706,0.04973722340107085,0.09703230573419935
마포,09-10시간대,4,819.6229508196722,1556.5819672131147,819.6229508196722,1556.5819672131147,0.0,0.0,업무 유입형,33968.110655737706,0.024129188671293555,0.04582480265060564
마포,10-11시간대,5,621.1434426229508,700.9262295081967,0.0,0.0,0.0,0.0,업무 유입형,33968.110655737706,0.018286075693704523,0.020634831198355158
마포,11-12시간대,6,609.3237704918033,672.6639344262295,0.0,0.0,0.0,0.0,업무 유입형,33968.110655737706,0.01793811191523776,0.019802806851508144
마포,12-13시간대,7,641.6475409836065,570.3729508196722,0.0,0.0,0.0,0.0,업무 유입형,33968.110655737706,0.018889703565989267,0.016791424068307075
마포,13-14시간대,8,682.2254098360655,614.7581967213115,0.0,0.0,0.0,0.0,업무 유입형,33968.110655737706,0.020084290726391278,0.01809809803529564
마포,14-15시간대,9,661.6352459016393,551.6516393442623,0.0,0.0,0.0,0.0,업무 유입형,33968.110655737706,0.019478129137273037,0.016240280330430457
마포,15-16시간대,10,764.0655737704918,620.3319672131148,0.0,0.0,0.0,0.0,업무 유입형,33968.110655737706,0.02249361412868072,0.018262186363560133
마포,16-17시간대,11,959.4877049180328,797.483606557377,0.0,0.0,0.0,0.0,업무 유입형,33968.110655737706,0.02824671983208938,0.023477420179172388
마포,17-18시간대,12,1661.049180327869,1254.454918032787,0.0,0.0,1661.049180327869,1254.454918032787,업무 유입형,33968.110655737706,0.04890025227373939,0.036930370686392336
마포,18-19시간대,13,2633.1065573770493,1964.25,0.0,0.0,2633.1065573770493,1964.25,업무 유입형,33968.110655737706,0.07751701541670171,0.05782629537178011
마포,19-20시간대,14,894.516393442623,1068.0122950819673,0.0,0.0,894.516393442623,1068.0122950819673,업무 유입형,33968.110655737706,0.02633400492916512,0.03144161610594508
마포,20-21시간대,15,775.0983606557377,637.4262295081967,0.0,0.0,0.0,0.0,업무 유입형,33968.110655737706,0.022818412496098377,0.01876543078796542
마포,21-22시간대,16,805.6844262295082,562.6803278688525,0.0,0.0,0.0,0.0,업무 유입형,33968.110655737706,0.023718847197449777,0.016564958044665568
마포,22-23시간대,17,559.0655737704918,495.5860655737705,0.0,0.0,0.0,0.0,업무 유입형,33968.110655737706,0.016458541937658742,0.014589744793181744
마포,23-24시간대,18,237.69262295081967,273.24590163934425,0.0,0.0,0.0,0.0,업무 유입형,33968.110655737706,0.006997522628202754,0.008044188986801627
마포,24시이후,19,41.15983606557377,103.09426229508196,0.0,0.0,0.0,0.0,업무 유입형,33968.110655737706,0.0012117199123237452,0.0030350308069803655
마포구청,06시이전,0,235.81147540983608,63.80327868852459,0.0,0.0,0.0,0.0,주거 유출·귀가형,31531.11475409836,0.007478691357690921,0.0020235021560800212
마포구청,06-07시간대,1,624.5491803278688,287.72131147540983,0.0,0.0,0.0,0.0,주거 유출·귀가형,31531.11475409836,0.01980739295767179,0.009124996490585933
마포구청,07-08시간대,2,1876.0983606557377,647.2827868852459,1876.0983606557377,647.2827868852459,0.0,0.0,주거 유출·귀가형,31531.11475409836,0.059499905895711656,0.020528382581244235
마포구청,08-09시간대,3,2469.590163934426,1623.25,2469.590163934426,1623.25,0.0,0.0,주거 유출·귀가형,31531.11475409836,0.07832232330490102,0.05148089474981257
마포구청,09-10시간대,4,1414.0983606557377,764.5655737704918,1414.0983606557377,764.5655737704918,0.0,0.0,주거 유출·귀가형,31531.11475409836,0.04484771222596676,0.024247971558668566
마포구청,10-11시간대,5,804.1926229508197,524.0491803278688,0.0,0.0,0.0,0.0,주거 유출·귀가형,31531.11475409836,0.025504731729990363,0.016620065113928578
마포구청,11-12시간대,6,744.6926229508197,474.13524590163934,0.0,0.0,0.0,0.0,주거 유출·귀가형,31531.11475409836,0.02361770678767473,0.015037059412560479
마포구청,12-13시간대,7,709.0696721311475,598.5040983606557,0.0,0.0,0.0,0.0,주거 유출·귀가형,31531.11475409836,0.022487935414303228,0.01898138086865017
마포구청,13-14시간대,8,719.5286885245902,636.7581967213115,0.0,0.0,0.0,0.0,주거 유출·귀가형,31531.11475409836,0.02281964003290011,0.020194598309866186
마포구청,14-15시간대,9,663.1311475409836,571.3073770491803,0.0,0.0,0.0,0.0,주거 유출·귀가형,31531.11475409836,0.021031008662793664,0.01811884487765923
마포구청,15-16시간대,10,707.8237704918033,743.0409836065573,0.0,0.0,0.0,0.0,주거 유출·귀가형,31531.11475409836,0.02244842201146097,0.02356532553324897
마포구청,16-17시간대,11,830.5491803278688,821.0860655737705,0.0,0.0,0.0,0.0,주거 유출·귀가형,31531.11475409836,0.026340622169722546,0.02604050227773971
마포구청,17-18시간대,12,1034.8237704918033,1146.7131147540983,0.0,0.0,1034.8237704918033,1146.7131147540983,주거 유출·귀가형,31531.11475409836,0.032819130517968725,0.03636766805414168
마포구청,18-19시간대,13,1507.6967213114754,1869.8196721311476,0.0,0.0,1507.6967213114754,1869.8196721311476,주거 유출·귀가형,31531.11475409836,0.047816156614491644,0.05930077914191447
마포구청,19-20시간대,14,711.3852459016393,1345.045081967213,0.0,0.0,711.3852459016393,1345.045081967213,주거 유출·귀가형,31531.11475409836,0.022561373153138352,0.042657707869094175
마포구청,20-21시간대,15,492.7336065573771,848.1188524590164,0.0,0.0,0.0,0.0,주거 유출·귀가형,31531.11475409836,0.015626900932620293,0.026897839136777724
마포구청,21-22시간대,16,449.0409836065574,723.7295081967213,0.0,0.0,0.0,0.0,주거 유출·귀가형,31531.11475409836,0.014241202288865853,0.022952867789193917
마포구청,22-23시간대,17,353.20081967213116,717.2459016393443,0.0,0.0,0.0,0.0,주거 유출·귀가형,31531.11475409836,0.011201659770884654,0.022747242120455573
마포구청,23-24시간대,18,151.47131147540983,428.00409836065575,0.0,0.0,0.0,0.0,주거 유출·귀가형,31531.11475409836,0.0048038679462077015,0.013574023681006221
마포구청,24시이후,19,35.704918032786885,161.74180327868854,0.0,0.0,0.0,0.0,주거 유출·귀가형,31531.11475409836,0.0011323709393479665,0.0051295935630587125
망원,06시이전,0,225.95491803278688,28.688524590163933,0.0,0.0,0.0,0.0,혼합형,34873.184426229505,0.006479331375967984,0.0008226528509563399
망원,06-07시간대,1,424.03688524590166,214.327868852459,0.0,0.0,0.0,0.0,혼합형,34873.184426229505,0.012159396746313958,0.006145921927658964
망원,07-08시간대,2,1170.7131147540983,426.827868852459,1170.7131147540983,426.827868852459,0.0,0.0,혼합형,34873.184426229505,0.033570582498154616,0.012239429116528424
망원,08-09시간대,3,1616.4303278688524,1468.5696721311476,1616.4303278688524,1468.5696721311476,0.0,0.0,혼합형,34873.184426229505,0.046351669756119866,0.04211171696229089
망원,09-10시간대,4,991.2540983606557,1322.5737704918033,991.2540983606557,1322.5737704918033,0.0,0.0,혼합형,34873.184426229505,0.028424536349915156,0.03792523660377407
망원,10-11시간대,5,661.8811475409836,873.2090163934427,0.0,0.0,0.0,0.0,혼합형,34873.184426229505,0.01897965896808542,0.02503955491190152
망원,11-12시간대,6,685.1598360655738,943.1598360655738,0.0,0.0,0.0,0.0,혼합형,34873.184426229505,0.019647182995718566,0.02704541760620478
망원,12-13시간대,7,848.6352459016393,961.8811475409836,0.0,0.0,0.0,0.0,혼합형,34873.184426229505,0.02433489398413949,0.027582257352371718
망원,13-14시간대,8,851.516393442623,1081.377049180328,0.0,0.0,0.0,0.0,혼합형,34873.184426229505,0.024417511834742677,0.031008841520276578
망원,14-15시간대,9,855.483606557377,970.1229508196722,0.0,0.0,0.0,0.0,혼합형,34873.184426229505,0.024531272971846353,0.027818593764267888
망원,15-16시간대,10,914.5450819672132,1169.799180327869,0.0,0.0,0.0,0.0,혼합형,34873.184426229505,0.026224880148293758,0.033544375128759865
망원,16-17시간대,11,1028.0122950819673,1214.905737704918,0.0,0.0,0.0,0.0,혼합형,34873.184426229505,0.029478589695661934,0.03483782045413493
망원,17-18시간대,12,1276.3401639344263,1497.0532786885246,0.0,0.0,1276.3401639344263,1497.0532786885246,혼합형,34873.184426229505,0.03659947277354001,0.042928493721454686
망원,18-19시간대,13,1604.6844262295083,2024.7418032786886,0.0,0.0,1604.6844262295083,2024.7418032786886,혼합형,34873.184426229505,0.04601485217457117,0.0580601352182739
망원,19-20시간대,14,1072.8401639344263,1405.6311475409836,0.0,0.0,1072.8401639344263,1405.6311475409836,혼합형,34873.184426229505,0.03076404353619914,0.04030693412912853
망원,20-21시간대,15,877.5081967213115,728.1475409836065,0.0,0.0,0.0,0.0,혼합형,34873.184426229505,0.02516283531770912,0.020879869531958712
망원,21-22시간대,16,795.6024590163935,623.438524590164,0.0,0.0,0.0,0.0,혼합형,34873.184426229505,0.02281416142822877,0.017877304147803925
망원,22-23시간대,17,622.4180327868852,535.5860655737705,0.0,0.0,0.0,0.0,혼합형,34873.184426229505,0.017848041210677047,0.01535810607450391
망원,23-24시간대,18,301.0860655737705,366.85655737704917,0.0,0.0,0.0,0.0,혼합형,34873.184426229505,0.008633741670786788,0.010519732092522122
망원,24시이후,19,68.75819672131148,123.42622950819673,0.0,0.0,0.0,0.0,혼합형,34873.184426229505,0.001971663840070645,0.003539287608485876
매봉,06시이전,0,73.36065573770492,31.901639344262296,0.0,0.0,0.0,0.0,업무 유입형,28974.60655737705,0.0025318948021755623,0.001101020622353887
매봉,06-07시간대,1,304.9139344262295,420.9303278688525,0.0,0.0,0.0,0.0,업무 유입형,28974.60655737705,0.01052348834564579,0.014527559745645
매봉,07-08시간대,2,855.0860655737705,1102.594262295082,855.0860655737705,1102.594262295082,0.0,0.0,업무 유입형,28974.60655737705,0.029511567788866565,0.03805381309015073
매봉,08-09시간대,3,983.2786885245902,3501.2663934426228,983.2786885245902,3501.2663934426228,0.0,0.0,업무 유입형,28974.60655737705,0.03393587714737212,0.12083913500289399
매봉,09-10시간대,4,647.1352459016393,1431.1311475409836,647.1352459016393,1431.1311475409836,0.0,0.0,업무 유입형,28974.60655737705,0.0223345654278393,0.049392599851424454
매봉,10-11시간대,5,572.5040983606557,682.5901639344262,0.0,0.0,0.0,0.0,업무 유입형,28974.60655737705,0.01975882216819589,0.023558220284466157
매봉,11-12시간대,6,542.266393442623,609.4877049180328,0.0,0.0,0.0,0.0,업무 유입형,28974.60655737705,0.018715228880461184,0.02103523662042116
매봉,12-13시간대,7,553.1147540983607,506.2090163934426,0.0,0.0,0.0,0.0,업무 유입형,28974.60655737705,0.019089638128581783,0.017470781368196346
매봉,13-14시간대,8,600.5450819672132,494.2581967213115,0.0,0.0,0.0,0.0,업무 유입형,28974.60655737705,0.02072660005850233,0.017058322974724618
매봉,14-15시간대,9,701.8729508196722,485.4303278688525,0.0,0.0,0.0,0.0,업무 유입형,28974.60655737705,0.024223726711518453,0.016753646918641594
매봉,15-16시간대,10,817.1680327868852,542.6639344262295,0.0,0.0,0.0,0.0,업무 유입형,28974.60655737705,0.02820290350340688,0.018728949204249508
매봉,16-17시간대,11,958.4631147540983,587.5409836065573,0.0,0.0,0.0,0.0,업무 유입형,28974.60655737705,0.03307941776037921,0.020277789879323386
매봉,17-18시간대,12,1724.2131147540983,805.0655737704918,0.0,0.0,1724.2131147540983,805.0655737704918,업무 유입형,28974.60655737705,0.05950773175607131,0.027785211584366414
매봉,18-19시간대,13,2761.1475409836066,1055.2377049180327,0.0,0.0,2761.1475409836066,1055.2377049180327,업무 유입형,28974.60655737705,0.09529542827495642,0.03641939719969606
매봉,19-20시간대,14,871.6639344262295,661.8155737704918,0.0,0.0,871.6639344262295,661.8155737704918,업무 유입형,28974.60655737705,0.030083719435503444,0.022841227281548398
매봉,20-21시간대,15,622.9795081967213,397.1967213114754,0.0,0.0,0.0,0.0,업무 유입형,28974.60655737705,0.021500878949402273,0.013708442270818258
매봉,21-22시간대,16,655.860655737705,340.5614754098361,0.0,0.0,0.0,0.0,업무 유입형,28974.60655737705,0.022635705317997502,0.011753791194211325
매봉,22-23시간대,17,386.17622950819674,325.13524590163934,0.0,0.0,0.0,0.0,업무 유입형,28974.60655737705,0.013328092263943951,0.01122138605256949
매봉,23-24시간대,18,119.43442622950819,156.26639344262296,0.0,0.0,0.0,0.0,업무 유입형,28974.60655737705,0.00412203789525141,0.005393218821907934
매봉,24시이후,19,20.561475409836067,65.57786885245902,0.0,0.0,0.0,0.0,업무 유입형,28974.60655737705,0.0007096377777941228,0.002263287638525764
먹골,06시이전,0,298.35655737704917,25.860655737704917,0.0,0.0,0.0,0.0,주거 유출·귀가형,22513.647540983606,0.013252253187046837,0.0011486657455496028
먹골,06-07시간대,1,548.9467213114754,115.80327868852459,0.0,0.0,0.0,0.0,주거 유출·귀가형,22513.647540983606,0.02438284246531703,0.005143692441560948
먹골,07-08시간대,2,1480.4631147540983,237.7377049180328,1480.4631147540983,237.7377049180328,0.0,0.0,주거 유출·귀가형,22513.647540983606,0.06575847436800629,0.01055971514545822
먹골,08-09시간대,3,1825.7622950819673,663.844262295082,1825.7622950819673,663.844262295082,0.0,0.0,주거 유출·귀가형,22513.647540983606,0.08109580163580198,0.02948630429994193
먹골,09-10시간대,4,936.655737704918,412.0327868852459,936.655737704918,412.0327868852459,0.0,0.0,주거 유출·귀가형,22513.647540983606,0.04160390874023589,0.018301467415938966
먹골,10-11시간대,5,608.483606557377,344.0696721311475,0.0,0.0,0.0,0.0,주거 유출·귀가형,22513.647540983606,0.027027322225316883,0.015282715584172078
먹골,11-12시간대,6,531.0532786885246,384.72131147540983,0.0,0.0,0.0,0.0,주거 유출·귀가형,22513.647540983606,0.02358806042964832,0.017088359883713523
먹골,12-13시간대,7,545.016393442623,417.57377049180326,0.0,0.0,0.0,0.0,주거 유출·귀가형,22513.647540983606,0.024208267116666942,0.018547584070135965
먹골,13-14시간대,8,529.3073770491803,455.1106557377049,0.0,0.0,0.0,0.0,주거 유출·귀가형,22513.647540983606,0.023510511838902817,0.020214878771164305
먹골,14-15시간대,9,481.49590163934425,489.20081967213116,0.0,0.0,0.0,0.0,주거 유출·귀가형,22513.647540983606,0.02138684550172664,0.021729078719101166
먹골,15-16시간대,10,471.5081967213115,624.1065573770492,0.0,0.0,0.0,0.0,주거 유출·귀가형,22513.647540983606,0.020943216591757643,0.027721254685227358
먹골,16-17시간대,11,523.5696721311475,800.0983606557377,0.0,0.0,0.0,0.0,주거 유출·귀가형,22513.647540983606,0.023255657315326042,0.03553837107910866
먹골,17-18시간대,12,583.3975409836065,998.5204918032787,0.0,0.0,583.3975409836065,998.5204918032787,주거 유출·귀가형,22513.647540983606,0.025913061840450145,0.044351786621229745
먹골,18-19시간대,13,683.1844262295082,1608.9631147540983,0.0,0.0,683.1844262295082,1608.9631147540983,주거 유출·귀가형,22513.647540983606,0.03034534608334107,0.07146612346245355
먹골,19-20시간대,14,411.577868852459,1275.6024590163934,0.0,0.0,411.577868852459,1275.6024590163934,주거 유출·귀가형,22513.647540983606,0.018281261092998238,0.056659075642642984
먹골,20-21시간대,15,292.76229508196724,756.2786885245902,0.0,0.0,0.0,0.0,주거 유출·귀가형,22513.647540983606,0.013003770026559483,0.03359201067476376
먹골,21-22시간대,16,239.68032786885246,621.733606557377,0.0,0.0,0.0,0.0,주거 유출·귀가형,22513.647540983606,0.010646001605583499,0.02761585413583382
먹골,22-23시간대,17,168.84426229508196,549.7745901639345,0.0,0.0,0.0,0.0,주거 유출·귀가형,22513.647540983606,0.007499640473082812,0.024419614332290254
먹골,23-24시간대,18,78.5860655737705,342.2418032786885,0.0,0.0,0.0,0.0,주거 유출·귀가형,22513.647540983606,0.0034905967782747445,0.015201526214518334
먹골,24시이후,19,21.618852459016395,130.10245901639345,0.0,0.0,0.0,0.0,주거 유출·귀가형,22513.647540983606,0.0009602554370482022,0.005778826322103352
면목,06시이전,0,512.7008196721312,30.5327868852459,0.0,0.0,0.0,0.0,주거 유출·귀가형,32755.975409836065,0.01565213104654413,0.0009321287643926312
면목,06-07시간대,1,962.1475409836065,189.01639344262296,0.0,0.0,0.0,0.0,주거 유출·귀가형,32755.975409836065,0.029373191576358613,0.005770440082387671
면목,07-08시간대,2,2390.6967213114754,350.3483606557377,2390.6967213114754,350.3483606557377,0.0,0.0,주거 유출·귀가형,32755.975409836065,0.07298505666216826,0.010695708379074373
면목,08-09시간대,3,2942.2418032786886,1127.811475409836,2942.2418032786886,1127.811475409836,0.0,0.0,주거 유출·귀가형,32755.975409836065,0.08982305568574775,0.03443070955142961
면목,09-10시간대,4,1502.8401639344263,652.3647540983607,1502.8401639344263,652.3647540983607,0.0,0.0,주거 유출·귀가형,32755.975409836065,0.04587987825522512,0.019915900715399445
면목,10-11시간대,5,862.2459016393443,516.2622950819672,0.0,0.0,0.0,0.0,주거 유출·귀가형,32755.975409836065,0.026323316306447905,0.015760858549397443
면목,11-12시간대,6,722.5245901639345,508.077868852459,0.0,0.0,0.0,0.0,주거 유출·귀가형,32755.975409836065,0.022057794986223265,0.015510997993358238
면목,12-13시간대,7,762.7131147540983,616.8729508196722,0.0,0.0,0.0,0.0,주거 유출·귀가형,32755.975409836065,0.023284701652482878,0.018832379225514857
면목,13-14시간대,8,736.5327868852459,624.9631147540983,0.0,0.0,0.0,0.0,주거 유출·귀가형,32755.975409836065,0.022485448156249303,0.019079362068590164
면목,14-15시간대,9,639.811475409836,645.6024590163935,0.0,0.0,0.0,0.0,주거 유출·귀가형,32755.975409836065,0.01953266441938137,0.019709456089728593
면목,15-16시간대,10,709.8729508196722,899.1516393442623,0.0,0.0,0.0,0.0,주거 유출·귀가형,32755.975409836065,0.021671555859286342,0.027450003490790943
면목,16-17시간대,11,852.0901639344262,1131.1680327868853,0.0,0.0,0.0,0.0,주거 유출·귀가형,32755.975409836065,0.02601327401407677,0.03453318115653533
면목,17-18시간대,12,762.3770491803278,1371.2622950819673,0.0,0.0,762.3770491803278,1371.2622950819673,주거 유출·귀가형,32755.975409836065,0.02327444198017681,0.04186296631149016
면목,18-19시간대,13,844.5819672131148,2184.094262295082,0.0,0.0,844.5819672131148,2184.094262295082,주거 유출·귀가형,32755.975409836065,0.025784057920604654,0.06667773543508143
면목,19-20시간대,14,578.5696721311475,1855.7418032786886,0.0,0.0,578.5696721311475,1855.7418032786886,주거 유출·귀가형,32755.975409836065,0.017663026818533174,0.056653535120234605
면목,20-21시간대,15,335.8196721311475,1057.7540983606557,0.0,0.0,0.0,0.0,주거 유출·귀가형,32755.975409836065,0.010252165228769422,0.03229194322947959
면목,21-22시간대,16,261.46311475409834,859.5860655737705,0.0,0.0,0.0,0.0,주거 유출·귀가형,32755.975409836065,0.007982150172074723,0.026242114753684036
면목,22-23시간대,17,178.9672131147541,836.7418032786885,0.0,0.0,0.0,0.0,주거 유출·귀가형,32755.975409836065,0.0054636508568452905,0.025544707272781415
면목,23-24시간대,18,85.99180327868852,444.0655737704918,0.0,0.0,0.0,0.0,주거 유출·귀가형,32755.975409836065,0.002625224930803515,0.013556780654962467
면목,24시이후,19,21.57377049180328,188.79508196721312,0.0,0.0,0.0,0.0,주거 유출·귀가형,32755.975409836065,0.0006586209148674914,0.0057636837128202615
명동,06시이전,0,55.59016393442623,44.90983606557377,0.0,0.0,0.0,0.0,업무 유입형,77420.90163934426,0.0007180252716945376,0.0005800737929245608
명동,06-07시간대,1,140.29098360655738,1044.110655737705,0.0,0.0,0.0,0.0,업무 유입형,77420.90163934426,0.0018120556676036357,0.013486159856437295
명동,07-08시간대,2,292.17622950819674,2360.405737704918,292.17622950819674,2360.405737704918,0.0,0.0,업무 유입형,77420.90163934426,0.003773867564462937,0.03048796497747569
명동,08-09시간대,3,574.1270491803278,5742.229508196721,574.1270491803278,5742.229508196721,0.0,0.0,업무 유입형,77420.90163934426,0.007415659557348325,0.0741689826210781
명동,09-10시간대,4,1034.2745901639344,3902.4549180327867,1034.2745901639344,3902.4549180327867,0.0,0.0,업무 유입형,77420.90163934426,0.013359113214438851,0.0504057022767817
명동,10-11시간대,5,1206.7581967213114,2330.872950819672,0.0,0.0,0.0,0.0,업무 유입형,77420.90163934426,0.015586981954083225,0.030106507434875363
명동,11-12시간대,6,1460.8688524590164,2260.8647540983607,0.0,0.0,0.0,0.0,업무 유입형,77420.90163934426,0.018869179014012187,0.029202252960451442
명동,12-13시간대,7,1498.905737704918,2428.2909836065573,0.0,0.0,0.0,0.0,업무 유입형,77420.90163934426,0.019360478965840335,0.03136479855166828
명동,13-14시간대,8,1656.610655737705,2316.27868852459,0.0,0.0,0.0,0.0,업무 유입형,77420.90163934426,0.02139746012588205,0.02991800197981017
명동,14-15시간대,9,2032.827868852459,2166.2868852459014,0.0,0.0,0.0,0.0,업무 유입형,77420.90163934426,0.026256835374020022,0.02798064656153557
명동,15-16시간대,10,2591.8360655737706,2236.9467213114754,0.0,0.0,0.0,0.0,업무 유입형,77420.90163934426,0.033477213655396576,0.028893317875991892
명동,16-17시간대,11,3207.372950819672,2354.9139344262294,0.0,0.0,0.0,0.0,업무 유입형,77420.90163934426,0.04142773957555834,0.030417030602359892
명동,17-18시간대,12,3759.1434426229507,2560.94262295082,0.0,0.0,3759.1434426229507,2560.94262295082,업무 유입형,77420.90163934426,0.04855463270286437,0.033078181327319794
명동,18-19시간대,13,5690.663934426229,2557.9836065573772,0.0,0.0,5690.663934426229,2557.9836065573772,업무 유입형,77420.90163934426,0.07350294060040126,0.0330399614625186
명동,19-20시간대,14,3136.594262295082,1977.639344262295,0.0,0.0,3136.594262295082,1977.639344262295,업무 유입형,77420.90163934426,0.04051353311417788,0.025543997840207087
명동,20-21시간대,15,2796.1680327868853,1450.7131147540983,0.0,0.0,0.0,0.0,업무 유입형,77420.90163934426,0.03611644883461174,0.018738003356148794
명동,21-22시간대,16,2755.094262295082,1016.139344262295,0.0,0.0,0.0,0.0,업무 유입형,77420.90163934426,0.03558592323206657,0.01312487096825422
명동,22-23시간대,17,2505.8934426229507,594.9713114754098,0.0,0.0,0.0,0.0,업무 유입형,77420.90163934426,0.03236714362093517,0.00768489256618336
명동,23-24시간대,18,1105.3811475409836,316.09016393442624,0.0,0.0,0.0,0.0,업무 유입형,77420.90163934426,0.014277554563885934,0.004082749712821653
명동,24시이후,19,116.72131147540983,140.55737704918033,0.0,0.0,0.0,0.0,업무 유입형,77420.90163934426,0.001507620151714865,0.0018154965141577604
명일,06시이전,0,222.38524590163934,53.372950819672134,0.0,0.0,0.0,0.0,주거 유출·귀가형,18327.68442622951,0.012133843028384677,0.0029121491607138265
명일,06-07시간대,1,560.516393442623,114.92213114754098,0.0,0.0,0.0,0.0,주거 유출·귀가형,18327.68442622951,0.0305830447757189,0.006270411933930462
명일,07-08시간대,2,1438.7540983606557,286.0081967213115,1438.7540983606557,286.0081967213115,0.0,0.0,주거 유출·귀가형,18327.68442622951,0.07850168438635897,0.015605255419609545
명일,08-09시간대,3,1312.6352459016393,516.1065573770492,1312.6352459016393,516.1065573770492,0.0,0.0,주거 유출·귀가형,18327.68442622951,0.07162035396152241,0.028159943469914163
명일,09-10시간대,4,665.2745901639345,348.59016393442624,665.2745901639345,348.59016393442624,0.0,0.0,주거 유출·귀가형,18327.68442622951,0.03629888941190151,0.01901986938598443
명일,10-11시간대,5,493.922131147541,307.6967213114754,0.0,0.0,0.0,0.0,주거 유출·귀가형,18327.68442622951,0.02694951089624113,0.016788630475932785
명일,11-12시간대,6,436.9795081967213,312.5983606557377,0.0,0.0,0.0,0.0,주거 유출·귀가형,18327.68442622951,0.023842592333777956,0.017056075027588602
명일,12-13시간대,7,444.34016393442624,296.3688524590164,0.0,0.0,0.0,0.0,주거 유출·귀가형,18327.68442622951,0.024244206392953417,0.016170556277958967
명일,13-14시간대,8,382.6311475409836,404.9303278688525,0.0,0.0,0.0,0.0,주거 유출·귀가형,18327.68442622951,0.020877222601748003,0.02209391641910529
명일,14-15시간대,9,376.8360655737705,406.10655737704917,0.0,0.0,0.0,0.0,주거 유출·귀가형,18327.68442622951,0.02056102979569338,0.022158094166868852
명일,15-16시간대,10,399.1803278688525,537.3155737704918,0.0,0.0,0.0,0.0,주거 유출·귀가형,18327.68442622951,0.021780183387355195,0.029317155472271077
명일,16-17시간대,11,501.75409836065575,677.1229508196722,0.0,0.0,0.0,0.0,주거 유출·귀가형,18327.68442622951,0.02737684077769119,0.036945362822300314
명일,17-18시간대,12,469.7745901639344,721.9508196721312,0.0,0.0,469.7745901639344,721.9508196721312,주거 유출·귀가형,18327.68442622951,0.025631966332398243,0.03939127294438338
명일,18-19시간대,13,481.91803278688525,1377.6311475409836,0.0,0.0,481.91803278688525,1377.6311475409836,주거 유출·귀가형,18327.68442622951,0.02629454008369941,0.07516667766111242
명일,19-20시간대,14,298.98770491803276,1041.4959016393443,0.0,0.0,298.98770491803276,1041.4959016393443,주거 유출·귀가형,18327.68442622951,0.016313446803467385,0.05682637683071498
명일,20-21시간대,15,222.88524590163934,548.422131147541,0.0,0.0,0.0,0.0,주거 유출·귀가형,18327.68442622951,0.012161124161580337,0.029923154414568123
명일,21-22시간대,16,237.13524590163934,413.2336065573771,0.0,0.0,0.0,0.0,주거 유출·귀가형,18327.68442622951,0.01293863645765666,0.022546962122829948
명일,22-23시간대,17,139.4139344262295,458.6516393442623,0.0,0.0,0.0,0.0,주거 유출·귀가형,18327.68442622951,0.007606740228826094,0.025025072926717733
명일,23-24시간대,18,66.65163934426229,242.70901639344262,0.0,0.0,0.0,0.0,주거 유출·귀가형,18327.68442622951,0.0036366645013198922,0.013242754008034516
명일,24시이후,19,19.07377049180328,91.40163934426229,0.0,0.0,0.0,0.0,주거 유출·귀가형,18327.68442622951,0.0010407081466606888,0.004987080594505087
모란,06시이전,0,90.56557377049181,20.74590163934426,0.0,0.0,0.0,0.0,혼합형,10226.024590163934,0.008856381379876963,0.002028735747349859
모란,06-07시간대,1,131.47540983606558,143.68852459016392,0.0,0.0,0.0,0.0,혼합형,10226.024590163934,0.012856942468388675,0.01405125944332004
모란,07-08시간대,2,407.3606557377049,217.60655737704917,407.3606557377049,217.60655737704917,0.0,0.0,혼합형,10226.024590163934,0.03983568122156985,0.021279682584213373
모란,08-09시간대,3,501.4139344262295,509.094262295082,501.4139344262295,509.094262295082,0.0,0.0,혼합형,10226.024590163934,0.04903312426106647,0.04978418131174479
모란,09-10시간대,4,274.92622950819674,269.05737704918033,274.92622950819674,269.05737704918033,0.0,0.0,혼합형,10226.024590163934,0.026884956816223476,0.026311043424243032
모란,10-11시간대,5,255.13114754098362,259.61475409836066,0.0,0.0,0.0,0.0,혼합형,10226.024590163934,0.024949201450814584,0.02538765204496724
모란,11-12시간대,6,281.5163934426229,250.75409836065575,0.0,0.0,0.0,0.0,혼합형,10226.024590163934,0.027529407049676373,0.024521171071879448
모란,12-13시간대,7,335.79918032786884,260.84016393442624,0.0,0.0,0.0,0.0,혼합형,10226.024590163934,0.0328377051479871,0.025507484519968742
모란,13-14시간대,8,342.25409836065575,247.71311475409837,0.0,0.0,0.0,0.0,혼합형,10226.024590163934,0.03346892972366391,0.024223794160671705
모란,14-15시간대,9,354.14344262295083,250.99590163934425,0.0,0.0,0.0,0.0,혼합형,10226.024590163934,0.03463158527543435,0.024544816944873055
모란,15-16시간대,10,404.92622950819674,272.9672131147541,0.0,0.0,0.0,0.0,혼합형,10226.024590163934,0.03959761938160031,0.026693385167224415
모란,16-17시간대,11,510.405737704918,293.7090163934426,0.0,0.0,0.0,0.0,혼합형,10226.024590163934,0.04991243011442198,0.028721720137065906
모란,17-18시간대,12,484.1311475409836,296.3524590163934,0.0,0.0,484.1311475409836,296.3524590163934,혼합형,10226.024590163934,0.04734304550828608,0.028980221629962128
모란,18-19시간대,13,487.1516393442623,404.844262295082,0.0,0.0,487.1516393442623,404.844262295082,혼합형,10226.024590163934,0.04763841853195199,0.039589603831432986
모란,19-20시간대,14,261.33196721311475,232.54508196721312,0.0,0.0,261.33196721311475,232.54508196721312,혼합형,10226.024590163934,0.02555557782097269,0.022740516602208286
모란,20-21시간대,15,177.97131147540983,150.75409836065575,0.0,0.0,0.0,0.0,혼합형,10226.024590163934,0.01740376330080356,0.014742199867743425
모란,21-22시간대,16,172.85655737704917,136.68852459016392,0.0,0.0,0.0,0.0,혼합형,10226.024590163934,0.016903592970362504,0.013366731459030518
모란,22-23시간대,17,136.99180327868854,120.2172131147541,0.0,0.0,0.0,0.0,혼합형,10226.024590163934,0.013396388994649622,0.01175600665290664
모란,23-24시간대,18,82.52868852459017,74.6639344262295,0.0,0.0,0.0,0.0,혼합형,10226.024590163934,0.008070456685970784,0.007301364647415987
모란,24시이후,19,35.92213114754098,84.3688524590164,0.0,0.0,0.0,0.0,혼합형,10226.024590163934,0.00351281486083001,0.008250405787227221
목동,06시이전,0,328.6475409836066,57.39754098360656,0.0,0.0,0.0,0.0,주거 유출·귀가형,38915.00819672131,0.008445264596174387,0.0014749461362940802
목동,06-07시간대,1,907.9344262295082,227.0983606557377,0.0,0.0,0.0,0.0,주거 유출·귀가형,38915.00819672131,0.023331215083901843,0.005835752610091222
목동,07-08시간대,2,2681.3934426229507,679.0122950819672,2681.3934426229507,679.0122950819672,0.0,0.0,주거 유출·귀가형,38915.00819672131,0.06890383856706639,0.01744859699500656
목동,08-09시간대,3,3141.2418032786886,1181.327868852459,3141.2418032786886,1181.327868852459,0.0,0.0,주거 유출·귀가형,38915.00819672131,0.08072057411370008,0.03035661364583726
목동,09-10시간대,4,1409.016393442623,813.7827868852459,1409.016393442623,813.7827868852459,0.0,0.0,주거 유출·귀가형,38915.00819672131,0.036207531714238114,0.020911797905102565
목동,10-11시간대,5,907.610655737705,573.2581967213115,0.0,0.0,0.0,0.0,주거 유출·귀가형,38915.00819672131,0.023322895144968093,0.014731031118467295
목동,11-12시간대,6,818.9713114754098,531.5040983606557,0.0,0.0,0.0,0.0,주거 유출·귀가형,38915.00819672131,0.02104512755940805,0.013658074943061075
목동,12-13시간대,7,800.483606557377,635.2090163934427,0.0,0.0,0.0,0.0,주거 유출·귀가형,38915.00819672131,0.020570048514722394,0.01632298297824747
목동,13-14시간대,8,727.9590163934427,797.7786885245902,0.0,0.0,0.0,0.0,주거 유출·귀가형,38915.00819672131,0.01870638219356138,0.020500540164136598
목동,14-15시간대,9,696.1434426229508,793.7377049180328,0.0,0.0,0.0,0.0,주거 유출·귀가형,38915.00819672131,0.017888816548716612,0.020396698900988726
목동,15-16시간대,10,765.9918032786885,973.6967213114754,0.0,0.0,0.0,0.0,주거 유출·귀가형,38915.00819672131,0.019683711729070772,0.025021110528598366
목동,16-17시간대,11,855.4754098360655,1273.8360655737704,0.0,0.0,0.0,0.0,주거 유출·귀가형,38915.00819672131,0.021983174345268197,0.03273379923587153
목동,17-18시간대,12,1041.1639344262296,1953.061475409836,0.0,0.0,1041.1639344262296,1953.061475409836,주거 유출·귀가형,38915.00819672131,0.026754817297300486,0.05018787264637879
목동,18-19시간대,13,1157.6762295081967,3519.3688524590166,0.0,0.0,1157.6762295081967,3519.3688524590166,주거 유출·귀가형,38915.00819672131,0.029748836840942355,0.09043731494718103
목동,19-20시간대,14,597.5819672131148,2225.0122950819673,0.0,0.0,597.5819672131148,2225.0122950819673,주거 유출·귀가형,38915.00819672131,0.015356079695325944,0.05717620008800178
목동,20-21시간대,15,511.922131147541,1217.9344262295083,0.0,0.0,0.0,0.0,주거 유출·귀가형,38915.00819672131,0.013154876611092985,0.03129729332376505
목동,21-22시간대,16,508.2172131147541,1094.47131147541,0.0,0.0,0.0,0.0,주거 유출·귀가형,38915.00819672131,0.013059671233926984,0.028124658382254225
목동,22-23시간대,17,557.3237704918033,1001.577868852459,0.0,0.0,0.0,0.0,주거 유출·귀가형,38915.00819672131,0.014321563744107325,0.02573757311804561
목동,23-24시간대,18,173.15573770491804,535.8811475409836,0.0,0.0,0.0,0.0,주거 유출·귀가형,38915.00819672131,0.004449587594318093,0.013770552092190823
목동,24시이후,19,33.30327868852459,208.8483606557377,0.0,0.0,0.0,0.0,주거 유출·귀가형,38915.00819672131,0.0008557952376669544,0.005366781875002501
몽촌토성(평화의문),06시이전,0,67.49180327868852,77.90573770491804,0.0,0.0,0.0,0.0,혼합형,16648.176229508197,0.004054005817109391,0.004679535862122445
몽촌토성(평화의문),06-07시간대,1,192.95081967213116,335.82377049180326,0.0,0.0,0.0,0.0,혼합형,16648.176229508197,0.011589907327514583,0.020171805359470527
몽촌토성(평화의문),07-08시간대,2,594.6311475409836,515.0655737704918,594.6311475409836,515.0655737704918,0.0,0.0,혼합형,16648.176229508197,0.035717494778018076,0.03093825814130677
몽촌토성(평화의문),08-09시간대,3,881.3729508196722,1408.2745901639344,881.3729508196722,1408.2745901639344,0.0,0.0,혼합형,16648.176229508197,0.052941111306683275,0.08459032213197182
몽촌토성(평화의문),09-10시간대,4,506.86475409836066,680.3360655737705,506.86475409836066,680.3360655737705,0.0,0.0,혼합형,16648.176229508197,0.030445662462412194,0.04086550119333211
몽촌토성(평화의문),10-11시간대,5,309.3483606557377,339.13524590163934,0.0,0.0,0.0,0.0,혼합형,16648.176229508197,0.01858151646109023,0.020370714559144097
몽촌토성(평화의문),11-12시간대,6,299.55737704918033,305.5655737704918,0.0,0.0,0.0,0.0,혼합형,16648.176229508197,0.01799340497839201,0.01835429716492847
몽촌토성(평화의문),12-13시간대,7,300.24590163934425,323.0245901639344,0.0,0.0,0.0,0.0,혼합형,16648.176229508197,0.01803476233673998,0.019403001608752003
몽촌토성(평화의문),13-14시간대,8,321.0163934426229,320.09016393442624,0.0,0.0,0.0,0.0,혼합형,16648.176229508197,0.01928237598023709,0.01922674048626899
몽촌토성(평화의문),14-15시간대,9,348.99590163934425,290.4754098360656,0.0,0.0,0.0,0.0,혼합형,16648.176229508197,0.020963011012627535,0.017447881727802116
몽촌토성(평화의문),15-16시간대,10,390.9016393442623,313.8196721311475,0.0,0.0,0.0,0.0,혼합형,16648.176229508197,0.023480147852556095,0.01885009311559997
몽촌토성(평화의문),16-17시간대,11,584.2172131147541,401.4795081967213,0.0,0.0,0.0,0.0,혼합형,16648.176229508197,0.03509196473300502,0.024115524887651996
몽촌토성(평화의문),17-18시간대,12,805.9795081967213,567.1967213114754,0.0,0.0,805.9795081967213,567.1967213114754,혼합형,16648.176229508197,0.04841248056758051,0.034069600987653104
몽촌토성(평화의문),18-19시간대,13,1074.1475409836066,793.4139344262295,0.0,0.0,1074.1475409836066,793.4139344262295,혼합형,16648.176229508197,0.06452043311985879,0.04765770877773005
몽촌토성(평화의문),19-20시간대,14,435.15983606557376,596.2581967213115,0.0,0.0,435.15983606557376,596.2581967213115,혼합형,16648.176229508197,0.026138589000173552,0.03581522615459036
몽촌토성(평화의문),20-21시간대,15,332.70081967213116,358.14344262295083,0.0,0.0,0.0,0.0,혼합형,16648.176229508197,0.019984220198392234,0.02151247305925057
몽촌토성(평화의문),21-22시간대,16,336.0163934426229,287.97131147540983,0.0,0.0,0.0,0.0,혼합형,16648.176229508197,0.020183375572817873,0.01729746895428658
몽촌토성(평화의문),22-23시간대,17,276.37295081967216,260.21311475409834,0.0,0.0,0.0,0.0,혼합형,16648.176229508197,0.016600794405924935,0.01563012735850798
몽촌토성(평화의문),23-24시간대,18,127.48770491803279,172.53688524590163,0.0,0.0,0.0,0.0,혼합형,16648.176229508197,0.0076577580126804615,0.01036371088744767
몽촌토성(평화의문),24시이후,19,47.454918032786885,68.5327868852459,0.0,0.0,0.0,0.0,혼합형,16648.176229508197,0.0028504574542330364,0.00411653420413549
무악재,06시이전,0,77.30327868852459,7.581967213114754,0.0,0.0,0.0,0.0,주거 유출·귀가형,9458.540983606557,0.008172854441557721,0.0008016000804199864
무악재,06-07시간대,1,239.58196721311475,53.114754098360656,0.0,0.0,0.0,0.0,주거 유출·귀가형,9458.540983606557,0.025329695946590035,0.005615533536347581
무악재,07-08시간대,2,734.172131147541,125.05737704918033,734.172131147541,125.05737704918033,0.0,0.0,주거 유출·귀가형,9458.540983606557,0.07762001903041921,0.013221635056181333
무악재,08-09시간대,3,849.6352459016393,237.24590163934425,849.6352459016393,237.24590163934425,0.0,0.0,주거 유출·귀가형,9458.540983606557,0.08982730501186369,0.025082716462352526
무악재,09-10시간대,4,457.844262295082,136.20491803278688,457.844262295082,136.20491803278688,0.0,0.0,주거 유출·귀가형,9458.540983606557,0.04840537912650723,0.014400203823069096
무악재,10-11시간대,5,284.20081967213116,126.80327868852459,0.0,0.0,0.0,0.0,주거 유출·귀가형,9458.540983606557,0.030047004095526467,0.013406219723348314
무악재,11-12시간대,6,238.09016393442624,135.65573770491804,0.0,0.0,0.0,0.0,주거 유출·귀가형,9458.540983606557,0.025171975714550647,0.014342141979406245
무악재,12-13시간대,7,217.22131147540983,152.87295081967213,0.0,0.0,0.0,0.0,주거 유출·귀가형,9458.540983606557,0.022965625655362226,0.016162424107970766
무악재,13-14시간대,8,194.1844262295082,170.3237704918033,0.0,0.0,0.0,0.0,주거 유출·귀가형,9458.540983606557,0.020530061302907774,0.018007404184959035
무악재,14-15시간대,9,185.52459016393442,193.0860655737705,0.0,0.0,0.0,0.0,주거 유출·귀가형,9458.540983606557,0.019614504021865917,0.020413937615582068
무악재,15-16시간대,10,173.6844262295082,248.62295081967213,0.0,0.0,0.0,0.0,주거 유출·귀가형,9458.540983606557,0.018362708004388436,0.026285549880323274
무악재,16-17시간대,11,199.85245901639345,321.3196721311475,0.0,0.0,0.0,0.0,주거 유출·귀가형,9458.540983606557,0.02112931152518931,0.03397137811085826
무악재,17-18시간대,12,243.05327868852459,441.4795081967213,0.0,0.0,243.05327868852459,441.4795081967213,주거 유출·귀가형,9458.540983606557,0.02569669879422016,0.04667522284482236
무악재,18-19시간대,13,272.5327868852459,702.3565573770492,0.0,0.0,272.5327868852459,702.3565573770492,주거 유출·귀가형,9458.540983606557,0.02881340656636122,0.07425633177404063
무악재,19-20시간대,14,128.19672131147541,552.2745901639345,0.0,0.0,128.19672131147541,552.2745901639345,주거 유출·귀가형,9458.540983606557,0.013553540819209285,0.058388983155132586
무악재,20-21시간대,15,90.99180327868852,333.77868852459017,0.0,0.0,0.0,0.0,주거 유출·귀가형,9458.540983606557,0.009620067559721373,0.03528860202679164
무악재,21-22시간대,16,76.68032786885246,298.5,0.0,0.0,0.0,0.0,주거 유출·귀가형,9458.540983606557,0.008106993245761052,0.031558778517464484
무악재,22-23시간대,17,52.27049180327869,250.13934426229508,0.0,0.0,0.0,0.0,주거 유출·귀가형,9458.540983606557,0.005526274284149463,0.02644586989640727
무악재,23-24시간대,18,25.118852459016395,164.9016393442623,0.0,0.0,0.0,0.0,주거 유출·귀가형,9458.540983606557,0.002655679401564377,0.017434151803123552
무악재,24시이후,19,8.282786885245901,58.799180327868854,0.0,0.0,0.0,0.0,주거 유출·귀가형,9458.540983606557,0.0008756939256912392,0.0062165169479921865
문래,06시이전,0,170.4672131147541,112.19262295081967,0.0,0.0,0.0,0.0,업무 유입형,53666.56967213115,0.003176413438686339,0.002090549547627988
문래,06-07시간대,1,648.2581967213115,453.11475409836066,0.0,0.0,0.0,0.0,업무 유입형,53666.56967213115,0.01207936711218473,0.00844314732368038
문래,07-08시간대,2,2034.327868852459,1871.5901639344263,2034.327868852459,1871.5901639344263,0.0,0.0,업무 유입형,53666.56967213115,0.03790679898642521,0.03487441391109326
문래,08-09시간대,3,2287.9221311475408,6384.401639344263,2287.9221311475408,6384.401639344263,0.0,0.0,업무 유입형,53666.56967213115,0.042632166451578704,0.11896422071224089
문래,09-10시간대,4,1141.5204918032787,2830.004098360656,1141.5204918032787,2830.004098360656,0.0,0.0,업무 유입형,53666.56967213115,0.021270606613712186,0.05273309092886305
문래,10-11시간대,5,778.2991803278688,979.9713114754098,0.0,0.0,0.0,0.0,업무 유입형,53666.56967213115,0.01450249540976413,0.01826036799934141
문래,11-12시간대,6,735.0983606557377,762.7295081967213,0.0,0.0,0.0,0.0,업무 유입형,53666.56967213115,0.013697509737378865,0.014212376771172762
문래,12-13시간대,7,876.7254098360655,826.8688524590164,0.0,0.0,0.0,0.0,업무 유입형,53666.56967213115,0.01633652784577632,0.015407521992008488
문래,13-14시간대,8,897.7049180327868,892.0,0.0,0.0,0.0,0.0,업무 유입형,53666.56967213115,0.01672745106529441,0.01662114805268078
문래,14-15시간대,9,941.8811475409836,851.4180327868852,0.0,0.0,0.0,0.0,업무 유입형,53666.56967213115,0.017550612109089193,0.015864960961516857
문래,15-16시간대,10,1038.688524590164,939.9959016393443,0.0,0.0,0.0,0.0,업무 유입형,53666.56967213115,0.019354479537930132,0.017515483239978365
문래,16-17시간대,11,1382.4795081967213,1128.4467213114754,0.0,0.0,0.0,0.0,업무 유입형,53666.56967213115,0.025760534288716386,0.02102699554313928
문래,17-18시간대,12,2827.8811475409834,1614.0368852459017,0.0,0.0,2827.8811475409834,1614.0368852459017,업무 유입형,53666.56967213115,0.05269353276755998,0.03007527582080703
문래,18-19시간대,13,5061.987704918033,2770.967213114754,0.0,0.0,5061.987704918033,2770.967213114754,업무 유입형,53666.56967213115,0.09432292274023814,0.05163302275594684
문래,19-20시간대,14,1703.5696721311476,1781.3565573770493,0.0,0.0,1703.5696721311476,1781.3565573770493,업무 유입형,53666.56967213115,0.03174359163514424,0.03319303932149964
문래,20-21시간대,15,1147.1598360655737,904.2172131147541,0.0,0.0,0.0,0.0,업무 유입형,53666.56967213115,0.021375687752617615,0.01684879839794029
문래,21-22시간대,16,1199.0122950819673,791.2254098360655,0.0,0.0,0.0,0.0,업무 유입형,53666.56967213115,0.02234188438737887,0.014743357264493578
문래,22-23시간대,17,1042.233606557377,702.2540983606557,0.0,0.0,0.0,0.0,업무 유입형,53666.56967213115,0.019420537085279833,0.013085503743782858
문래,23-24시간대,18,477.2745901639344,388.2827868852459,0.0,0.0,0.0,0.0,업무 유입형,53666.56967213115,0.008893331418046296,0.0072350960618017615
문래,24시이후,19,113.72950819672131,175.27459016393442,0.0,0.0,0.0,0.0,업무 유입형,53666.56967213115,0.002119187212663988,0.0032659920549189467
문정,06시이전,0,101.55737704918033,152.99180327868854,0.0,0.0,0.0,0.0,업무 유입형,53826.983606557376,0.0018867372875935832,0.0028422882544741107
문정,06-07시간대,1,353.1516393442623,477.9836065573771,0.0,0.0,0.0,0.0,업무 유입형,53826.983606557376,0.006560866236265193,0.008879999853812123
문정,07-08시간대,2,1237.4918032786886,2790.0819672131147,1237.4918032786886,2790.0819672131147,0.0,0.0,업무 유입형,53826.983606557376,0.022990175565549123,0.05183426193091039
문정,08-09시간대,3,1559.016393442623,8426.565573770491,1559.016393442623,8426.565573770491,0.0,0.0,업무 유입형,53826.983606557376,0.02896347313158188,0.15654909506658551
문정,09-10시간대,4,906.7909836065573,3670.782786885246,906.7909836065573,3670.782786885246,0.0,0.0,업무 유입형,53826.983606557376,0.016846401615863333,0.06819595936707959
문정,10-11시간대,5,661.75,1190.688524590164,0.0,0.0,0.0,0.0,업무 유입형,53826.983606557376,0.01229401975850981,0.02212066225544748
문정,11-12시간대,6,705.8032786885246,724.2827868852459,0.0,0.0,0.0,0.0,업무 유입형,53826.983606557376,0.013112443451179037,0.013455756543582565
문정,12-13시간대,7,801.5204918032787,738.2950819672132,0.0,0.0,0.0,0.0,업무 유입형,53826.983606557376,0.014890681923808097,0.013716077559978146
문정,13-14시간대,8,887.5655737704918,775.1352459016393,0.0,0.0,0.0,0.0,업무 유입형,53826.983606557376,0.016489231130952055,0.014400495698726277
문정,14-15시간대,9,1047.799180327869,746.1024590163935,0.0,0.0,0.0,0.0,업무 유입형,53826.983606557376,0.019466057915982174,0.013861123344193876
문정,15-16시간대,10,1175.3155737704917,716.844262295082,0.0,0.0,0.0,0.0,업무 유입형,53826.983606557376,0.021835062918653145,0.013317563316101438
문정,16-17시간대,11,1497.27868852459,867.233606557377,0.0,0.0,0.0,0.0,업무 유입형,53826.983606557376,0.02781650741324815,0.01611150297583697
문정,17-18시간대,12,4091.598360655738,1132.377049180328,0.0,0.0,4091.598360655738,1132.377049180328,업무 유입형,53826.983606557376,0.07601388906654777,0.021037349175226275
문정,18-19시간대,13,5913.848360655737,1718.9754098360656,0.0,0.0,5913.848360655737,1718.9754098360656,업무 유입형,53826.983606557376,0.10986772738153756,0.03193519856882068
문정,19-20시간대,14,1930.8196721311476,1228.4467213114754,0.0,0.0,1930.8196721311476,1228.4467213114754,업무 유입형,53826.983606557376,0.035870850320060085,0.02282213564651284
문정,20-21시간대,15,1281.032786885246,715.8360655737705,0.0,0.0,0.0,0.0,업무 유입형,53826.983606557376,0.02379908181830918,0.013298832994360193
문정,21-22시간대,16,1063.827868852459,541.3483606557377,0.0,0.0,0.0,0.0,업무 유입형,53826.983606557376,0.01976383957586024,0.010057192961297368
문정,22-23시간대,17,739.3975409836065,525.327868852459,0.0,0.0,0.0,0.0,업무 유입형,53826.983606557376,0.013736559090662676,0.009759563580457847
문정,23-24시간대,18,295.49590163934425,267.61475409836066,0.0,0.0,0.0,0.0,업무 유입형,53826.983606557376,0.005489735479127721,0.00497175832951113
문정,24시이후,19,67.41803278688525,101.59016393442623,0.0,0.0,0.0,0.0,업무 유입형,53826.983606557376,0.0012524950920465878,0.0018873464037477698
미사,06시이전,0,334.6639344262295,36.959016393442624,0.0,0.0,0.0,0.0,주거 유출·귀가형,39930.08606557377,0.008381247510377,0.0009255932064045139
미사,06-07시간대,1,996.0286885245902,314.14344262295083,0.0,0.0,0.0,0.0,주거 유출·귀가형,39930.08606557377,0.02494431609510927,0.007867336977612818
미사,07-08시간대,2,3233.2909836065573,586.4713114754098,3233.2909836065573,586.4713114754098,0.0,0.0,주거 유출·귀가형,39930.08606557377,0.08097380452165316,0.014687454229682803
미사,08-09시간대,3,2858.1762295081967,1174.204918032787,2858.1762295081967,1174.204918032787,0.0,0.0,주거 유출·귀가형,39930.08606557377,0.07157951587718739,0.029406521090500293
미사,09-10시간대,4,1293.1065573770493,885.9016393442623,1293.1065573770493,885.9016393442623,0.0,0.0,주거 유출·귀가형,39930.08606557377,0.03238426672192719,0.022186319305433546
미사,10-11시간대,5,854.6516393442623,673.0081967213115,0.0,0.0,0.0,0.0,주거 유출·귀가형,39930.08606557377,0.02140370140802454,0.016854664315425906
미사,11-12시간대,6,754.1926229508197,638.4672131147541,0.0,0.0,0.0,0.0,주거 유출·귀가형,39930.08606557377,0.018887828634084922,0.015989627772558617
미사,12-13시간대,7,821.2950819672132,707.8770491803278,0.0,0.0,0.0,0.0,주거 유출·귀가형,39930.08606557377,0.02056832736644921,0.017727911931315194
미사,13-14시간대,8,806.5245901639345,687.155737704918,0.0,0.0,0.0,0.0,주거 유출·귀가형,39930.08606557377,0.020198418526808284,0.01720897211632504
미사,14-15시간대,9,756.4467213114754,826.6762295081967,0.0,0.0,0.0,0.0,주거 유출·귀가형,39930.08606557377,0.018944279761111144,0.020703091602422716
미사,15-16시간대,10,907.9098360655738,872.5491803278688,0.0,0.0,0.0,0.0,주거 유출·귀가형,39930.08606557377,0.022737487582035035,0.021851923356612752
미사,16-17시간대,11,970.5696721311475,1226.5,0.0,0.0,0.0,0.0,주거 유출·귀가형,39930.08606557377,0.02430672627495127,0.030716187237508675
미사,17-18시간대,12,1145.6680327868853,1771.016393442623,0.0,0.0,1145.6680327868853,1771.016393442623,주거 유출·귀가형,39930.08606557377,0.028691849822348306,0.0443529320356143
미사,18-19시간대,13,1265.3032786885246,2837.4631147540986,0.0,0.0,1265.3032786885246,2837.4631147540986,주거 유출·귀가형,39930.08606557377,0.03168796772966192,0.07106078133902279
미사,19-20시간대,14,704.4713114754098,2672.9139344262294,0.0,0.0,704.4713114754098,2672.9139344262294,주거 유출·귀가형,39930.08606557377,0.01764261941029921,0.06693984906610848
미사,20-21시간대,15,622.6926229508197,1361.266393442623,0.0,0.0,0.0,0.0,주거 유출·귀가형,39930.08606557377,0.015594572521787826,0.03409124616478741
미사,21-22시간대,16,609.6762295081967,1046.9590163934427,0.0,0.0,0.0,0.0,주거 유출·귀가형,39930.08606557377,0.015268592922814577,0.026219803650663592
미사,22-23시간대,17,544.0983606557377,903.8688524590164,0.0,0.0,0.0,0.0,주거 유출·귀가형,39930.08606557377,0.013626275680002577,0.022636286107038932
미사,23-24시간대,18,262.70081967213116,590.5901639344262,0.0,0.0,0.0,0.0,주거 유출·귀가형,39930.08606557377,0.006579019620461625,0.014790605834521629
미사,24시이후,19,104.93852459016394,269.6885245901639,0.0,0.0,0.0,0.0,주거 유출·귀가형,39930.08606557377,0.0026280565591026363,0.006754018114242917
미아(서울사이버대학),06시이전,0,449.29918032786884,59.77459016393443,0.0,0.0,0.0,0.0,주거 유출·귀가형,34872.59016393443,0.0128840208947983,0.0017140851850389331
미아(서울사이버대학),06-07시간대,1,875.0081967213115,233.06967213114754,0.0,0.0,0.0,0.0,주거 유출·귀가형,34872.59016393443,0.02509157457498679,0.006683463173670147
미아(서울사이버대학),07-08시간대,2,2112.6106557377047,718.344262295082,2112.6106557377047,718.344262295082,0.0,0.0,주거 유출·귀가형,34872.59016393443,0.06058083571671677,0.020599108323132262
미아(서울사이버대학),08-09시간대,3,2163.8688524590166,1676.389344262295,2163.8688524590166,1676.389344262295,0.0,0.0,주거 유출·귀가형,34872.59016393443,0.06205070636527913,0.04807183339068496
미아(서울사이버대학),09-10시간대,4,1285.6639344262296,832.0983606557377,1285.6639344262296,832.0983606557377,0.0,0.0,주거 유출·귀가형,34872.59016393443,0.036867463196234726,0.02386109998552106
미아(서울사이버대학),10-11시간대,5,913.077868852459,625.8483606557377,0.0,0.0,0.0,0.0,주거 유출·귀가형,34872.59016393443,0.026183253511142198,0.017946712811226628
미아(서울사이버대학),11-12시간대,6,884.9795081967213,730.5286885245902,0.0,0.0,0.0,0.0,주거 유출·귀가형,34872.59016393443,0.025377510074143437,0.02094850669509803
미아(서울사이버대학),12-13시간대,7,901.5286885245902,633.8237704918033,0.0,0.0,0.0,0.0,주거 유출·귀가형,34872.59016393443,0.025852071334149417,0.018175414201016534
미아(서울사이버대학),13-14시간대,8,843.344262295082,730.8319672131148,0.0,0.0,0.0,0.0,주거 유출·귀가형,34872.59016393443,0.024183585398462222,0.020957203459149653
미아(서울사이버대학),14-15시간대,9,850.1803278688525,813.2008196721312,0.0,0.0,0.0,0.0,주거 유출·귀가형,34872.59016393443,0.024379615161139283,0.023319197566034292
미아(서울사이버대학),15-16시간대,10,891.889344262295,992.0532786885246,0.0,0.0,0.0,0.0,주거 유출·귀가형,34872.59016393443,0.025575655265914134,0.02844793787971952
미아(서울사이버대학),16-17시간대,11,1138.2377049180327,1133.4139344262296,0.0,0.0,0.0,0.0,주거 유출·귀가형,34872.59016393443,0.032639895676439004,0.032501570118482835
미아(서울사이버대학),17-18시간대,12,1169.2131147540983,1380.5737704918033,0.0,0.0,1169.2131147540983,1380.5737704918033,주거 유출·귀가형,34872.59016393443,0.033528140848089624,0.03958908024903771
미아(서울사이버대학),18-19시간대,13,1205.954918032787,1920.9262295081967,0.0,0.0,1205.954918032787,1920.9262295081967,주거 유출·귀가형,34872.59016393443,0.03458174206055956,0.05508412826457718
미아(서울사이버대학),19-20시간대,14,655.8729508196722,1595.1188524590164,0.0,0.0,655.8729508196722,1595.1188524590164,주거 유출·귀가형,34872.59016393443,0.01880769245233703,0.04574133567252781
미아(서울사이버대학),20-21시간대,15,446.3483606557377,935.9139344262295,0.0,0.0,0.0,0.0,주거 유출·귀가형,34872.59016393443,0.012799403731052804,0.026838096339461492
미아(서울사이버대학),21-22시간대,16,427.1311475409836,812.8401639344262,0.0,0.0,0.0,0.0,주거 유출·귀가형,34872.59016393443,0.012248334452160274,0.023308855468243173
미아(서울사이버대학),22-23시간대,17,324.0327868852459,720.4590163934427,0.0,0.0,0.0,0.0,주거 유출·귀가형,34872.59016393443,0.00929190476996354,0.020659750623816534
미아(서울사이버대학),23-24시간대,18,112.29508196721312,469.4836065573771,0.0,0.0,0.0,0.0,주거 유출·귀가형,34872.59016393443,0.0032201531758701933,0.013462825799585187
미아(서울사이버대학),24시이후,19,25.331967213114755,182.02868852459017,0.0,0.0,0.0,0.0,주거 유출·귀가형,34872.59016393443,0.00072641484598736,0.005219821288550169
미아사거리,06시이전,0,571.3155737704918,109.1188524590164,0.0,0.0,0.0,0.0,주거 유출·귀가형,56430.70491803279,0.010124197005873735,0.0019336787059015946
미아사거리,06-07시간대,1,1497.7090163934427,314.155737704918,0.0,0.0,0.0,0.0,주거 유출·귀가형,56430.70491803279,0.026540675303789094,0.005567106385809609
미아사거리,07-08시간대,2,3827.409836065574,829.6065573770492,3827.409836065574,829.6065573770492,0.0,0.0,주거 유출·귀가형,56430.70491803279,0.06782495171068652,0.014701332520691996
미아사거리,08-09시간대,3,3991.1393442622953,1420.6844262295083,3991.1393442622953,1420.6844262295083,0.0,0.0,주거 유출·귀가형,56430.70491803279,0.07072637759991726,0.025175734173320943
미아사거리,09-10시간대,4,2179.061475409836,1132.8811475409836,2179.061475409836,1132.8811475409836,0.0,0.0,주거 유출·귀가형,56430.70491803279,0.03861481933594459,0.02007561573413846
미아사거리,10-11시간대,5,1418.72131147541,967.5204918032787,0.0,0.0,0.0,0.0,주거 유출·귀가형,56430.70491803279,0.025140946113222283,0.017145284525660807
미아사거리,11-12시간대,6,1292.8688524590164,1017.9426229508197,0.0,0.0,0.0,0.0,주거 유출·귀가형,56430.70491803279,0.022910733692533974,0.018038807497255446
미아사거리,12-13시간대,7,1330.6065573770493,1071.377049180328,0.0,0.0,0.0,0.0,주거 유출·귀가형,56430.70491803279,0.023579477862447285,0.018985710895097513
미아사거리,13-14시간대,8,1296.889344262295,1194.405737704918,0.0,0.0,0.0,0.0,주거 유출·귀가형,56430.70491803279,0.022981980220627474,0.02116588370533075
미아사거리,14-15시간대,9,1274.483606557377,1315.2745901639344,0.0,0.0,0.0,0.0,주거 유출·귀가형,56430.70491803279,0.022584931526349012,0.023307782386812432
미아사거리,15-16시간대,10,1453.8360655737704,1706.2418032786886,0.0,0.0,0.0,0.0,주거 유출·귀가형,56430.70491803279,0.025763209367763683,0.03023605332871623
미아사거리,16-17시간대,11,1640.4180327868853,1980.9590163934427,0.0,0.0,0.0,0.0,주거 유출·귀가형,56430.70491803279,0.02906960023217217,0.03510427557605106
미아사거리,17-18시간대,12,1507.9467213114754,2578.3565573770493,0.0,0.0,1507.9467213114754,2578.3565573770493,주거 유출·귀가형,56430.70491803279,0.026722096126600068,0.04569066718415419
미아사거리,18-19시간대,13,1625.1024590163934,3933.77868852459,0.0,0.0,1625.1024590163934,3933.77868852459,주거 유출·귀가형,56430.70491803279,0.028798195262258394,0.06970989808187787
미아사거리,19-20시간대,14,1083.0081967213114,2978.0491803278687,0.0,0.0,1083.0081967213114,2978.0491803278687,주거 유출·귀가형,56430.70491803279,0.01919182470419981,0.05277355979609984
미아사거리,20-21시간대,15,986.1270491803278,1735.1926229508197,0.0,0.0,0.0,0.0,주거 유출·귀가형,56430.70491803279,0.01747500851908027,0.03074908643213365
미아사거리,21-22시간대,16,632.2295081967213,1494.8565573770493,0.0,0.0,0.0,0.0,주거 유출·귀가형,56430.70491803279,0.011203643638956004,0.026490127308322148
미아사거리,22-23시간대,17,447.1967213114754,1321.6967213114754,0.0,0.0,0.0,0.0,주거 유출·귀가형,56430.70491803279,0.007924705565189047,0.023421588003043337
미아사거리,23-24시간대,18,221.89344262295083,757.8319672131148,0.0,0.0,0.0,0.0,주거 유출·귀가형,56430.70491803279,0.003932140187602785,0.013429425847397926
미아사거리,24시이후,19,52.467213114754095,240.34426229508196,0.0,0.0,0.0,0.0,주거 유출·귀가형,56430.70491803279,0.0009297635602986747,0.004259104376672042
반포,06시이전,0,38.545081967213115,42.25819672131148,0.0,0.0,0.0,0.0,업무 유입형,14515.655737704918,0.0026554144479391953,0.0029112151379799087
반포,06-07시간대,1,131.1516393442623,579.2254098360655,0.0,0.0,0.0,0.0,업무 유입형,14515.655737704918,0.009035185300212885,0.039903495942763885
반포,07-08시간대,2,406.4385245901639,532.8319672131148,406.4385245901639,532.8319672131148,0.0,0.0,업무 유입형,14515.655737704918,0.0280000112936287,0.0367073990208424
반포,08-09시간대,3,562.0122950819672,792.9508196721312,562.0122950819672,792.9508196721312,0.0,0.0,업무 유입형,14515.655737704918,0.03871766492933012,0.05462728201884907
반포,09-10시간대,4,388.8155737704918,621.5450819672132,388.8155737704918,621.5450819672132,0.0,0.0,업무 유입형,14515.655737704918,0.026785946208446508,0.042818946191506065
반포,10-11시간대,5,267.4549180327869,389.69262295081967,0.0,0.0,0.0,0.0,업무 유입형,14515.655737704918,0.018425272882303452,0.02684636712198813
반포,11-12시간대,6,256.42622950819674,395.39344262295083,0.0,0.0,0.0,0.0,업무 유입형,14515.655737704918,0.017665494011553384,0.027239103060008697
반포,12-13시간대,7,305.2663934426229,380.7909836065574,0.0,0.0,0.0,0.0,업무 유입형,14515.655737704918,0.021030148341812965,0.02623312308361238
반포,13-14시간대,8,329.12704918032784,359.99590163934425,0.0,0.0,0.0,0.0,업무 유입형,14515.655737704918,0.02267393599900616,0.024800526283097393
반포,14-15시간대,9,374.4590163934426,336.92622950819674,0.0,0.0,0.0,0.0,업무 유입형,14515.655737704918,0.025796906675099242,0.023211230384378653
반포,15-16시간대,10,494.88524590163934,349.8606557377049,0.0,0.0,0.0,0.0,업무 유입형,14515.655737704918,0.034093206317655896,0.02410229768875889
반포,16-17시간대,11,762.5081967213115,368.155737704918,0.0,0.0,0.0,0.0,업무 유입형,14515.655737704918,0.0525300551693762,0.025362666651608495
반포,17-18시간대,12,794.9467213114754,419.87704918032784,0.0,0.0,794.9467213114754,419.87704918032784,업무 유입형,14515.655737704918,0.05476478194826388,0.028925806506259494
반포,18-19시간대,13,744.5409836065573,513.9098360655738,0.0,0.0,744.5409836065573,513.9098360655738,업무 유입형,14515.655737704918,0.05129227346392533,0.0354038319282177
반포,19-20시간대,14,487.922131147541,315.6188524590164,0.0,0.0,487.922131147541,315.6188524590164,업무 유입형,14515.655737704918,0.033613509438650185,0.021743340994178136
반포,20-21시간대,15,386.4795081967213,206.9344262295082,0.0,0.0,0.0,0.0,업무 유입형,14515.655737704918,0.026625011999480495,0.014255947507213807
반포,21-22시간대,16,357.92622950819674,178.40983606557376,0.0,0.0,0.0,0.0,업무 유입형,14515.655737704918,0.024657944220767856,0.012290856113523554
반포,22-23시간대,17,245.38524590163934,173.71311475409837,0.0,0.0,0.0,0.0,업무 유입형,14515.655737704918,0.016904868118650863,0.011967293651286627
반포,23-24시간대,18,79.58196721311475,90.97950819672131,0.0,0.0,0.0,0.0,업무 유입형,14515.655737704918,0.005482492052108803,0.0062676815874324505
반포,24시이후,19,14.471311475409836,38.24180327868852,0.0,0.0,0.0,0.0,업무 유입형,14515.655737704918,0.0009969450734368206,0.002634521234845362
발산,06시이전,0,137.4262295081967,106.23360655737704,0.0,0.0,0.0,0.0,업무 유입형,52993.08196721312,0.00259328622542132,0.0020046693382185982
발산,06-07시간대,1,469.52868852459017,634.3770491803278,0.0,0.0,0.0,0.0,업무 유입형,52993.08196721312,0.008860188369777929,0.011970940840406634
발산,07-08시간대,2,1326.1926229508197,2042.9139344262296,1326.1926229508197,2042.9139344262296,0.0,0.0,업무 유입형,52993.08196721312,0.025025768906427003,0.03855057789788831
발산,08-09시간대,3,1363.6188524590164,5728.495901639344,1363.6188524590164,5728.495901639344,0.0,0.0,업무 유입형,52993.08196721312,0.02573201636588506,0.10809893837055129
발산,09-10시간대,4,820.766393442623,2739.5409836065573,820.766393442623,2739.5409836065573,0.0,0.0,업무 유입형,52993.08196721312,0.01548818002226087,0.051696200370107075
발산,10-11시간대,5,809.5204918032787,1275.1680327868853,0.0,0.0,0.0,0.0,업무 유입형,52993.08196721312,0.015275965498744345,0.024062915109859685
발산,11-12시간대,6,936.9016393442623,1098.954918032787,0.0,0.0,0.0,0.0,업무 유입형,52993.08196721312,0.01767969713337157,0.020737705323738514
발산,12-13시간대,7,1041.8688524590164,1054.8524590163934,0.0,0.0,0.0,0.0,업무 유입형,52993.08196721312,0.019660469136398254,0.019905474825356106
발산,13-14시간대,8,1099.1311475409836,1136.4795081967213,0.0,0.0,0.0,0.0,업무 유입형,52993.08196721312,0.020741030842875253,0.021445808886900796
발산,14-15시간대,9,1257.9303278688524,1044.032786885246,0.0,0.0,0.0,0.0,업무 유입형,52993.08196721312,0.023737632935694048,0.019701303417891232
발산,15-16시간대,10,1570.282786885246,1040.6475409836066,0.0,0.0,0.0,0.0,업무 유입형,52993.08196721312,0.029631844923772913,0.019637422515404113
발산,16-17시간대,11,1915.483606557377,1133.4918032786886,0.0,0.0,0.0,0.0,업무 유입형,52993.08196721312,0.03614591821140897,0.021389429736884926
발산,17-18시간대,12,3336.0122950819673,1483.6762295081967,0.0,0.0,3336.0122950819673,1483.6762295081967,업무 유입형,52993.08196721312,0.06295184524549756,0.027997545612201774
발산,18-19시간대,13,4122.020491803279,2257.8237704918033,0.0,0.0,4122.020491803279,2257.8237704918033,업무 유입형,52993.08196721312,0.0777841246212775,0.04260600981631379
발산,19-20시간대,14,1692.6311475409836,1511.7868852459017,0.0,0.0,1692.6311475409836,1511.7868852459017,업무 유입형,52993.08196721312,0.03194060591886723,0.028528004583338745
발산,20-21시간대,15,1449.1352459016393,821.4672131147541,0.0,0.0,0.0,0.0,업무 유입형,52993.08196721312,0.027345743861401022,0.015501404761153482
발산,21-22시간대,16,1335.2295081967213,633.077868852459,0.0,0.0,0.0,0.0,업무 유입형,52993.08196721312,0.025196298434252785,0.01194642480397998
발산,22-23시간대,17,1025.377049180328,555.9467213114754,0.0,0.0,0.0,0.0,업무 유입형,52993.08196721312,0.019349262415323004,0.010490930149249298
발산,23-24시간대,18,443.19262295081967,323.094262295082,0.0,0.0,0.0,0.0,업무 유입형,52993.08196721312,0.008363216602971374,0.00609691398011123
발산,24시이후,19,75.58196721311475,143.18852459016392,0.0,0.0,0.0,0.0,업무 유입형,52993.08196721312,0.0014262610213891201,0.0027020229674272356
방배,06시이전,0,94.57786885245902,145.63934426229508,0.0,0.0,0.0,0.0,업무 유입형,40076.53278688525,0.002359931418104336,0.003634030544427598
방배,06-07시간대,1,355.9549180327869,536.561475409836,0.0,0.0,0.0,0.0,업무 유입형,40076.53278688525,0.008881879076856433,0.013388420556815779
방배,07-08시간대,2,981.8975409836065,1247.6311475409836,981.8975409836065,1247.6311475409836,0.0,0.0,업무 유입형,40076.53278688525,0.024500561119022882,0.03113121472297778
방배,08-09시간대,3,1353.52868852459,3345.688524590164,1353.52868852459,3345.688524590164,0.0,0.0,업무 유입형,40076.53278688525,0.033773597524572346,0.08348248443500622
방배,09-10시간대,4,997.1762295081967,2319.659836065574,997.1762295081967,2319.659836065574,0.0,0.0,업무 유입형,40076.53278688525,0.024881798902386967,0.05788075152111626
방배,10-11시간대,5,716.3729508196722,1207.5,0.0,0.0,0.0,0.0,업무 유입형,40076.53278688525,0.017875122946117233,0.030129851961523617
방배,11-12시간대,6,755.6967213114754,934.4303278688525,0.0,0.0,0.0,0.0,업무 유입형,40076.53278688525,0.018856339826851778,0.023316146954075776
방배,12-13시간대,7,805.811475409836,981.688524590164,0.0,0.0,0.0,0.0,업무 유입형,40076.53278688525,0.020106816118422598,0.024495345687973645
방배,13-14시간대,8,913.0245901639345,901.0327868852459,0.0,0.0,0.0,0.0,업무 유입형,40076.53278688525,0.022782025456621214,0.02248280288309028
방배,14-15시간대,9,1067.2090163934427,897.3196721311475,0.0,0.0,0.0,0.0,업무 유입형,40076.53278688525,0.026629275093944228,0.022390152284450834
방배,15-16시간대,10,1264.8319672131147,878.6680327868852,0.0,0.0,0.0,0.0,업무 유입형,40076.53278688525,0.03156041401932409,0.021924751760821558
방배,16-17시간대,11,1579.372950819672,912.6229508196722,0.0,0.0,0.0,0.0,업무 유입형,40076.53278688525,0.03940892190495357,0.02277200364793836
방배,17-18시간대,12,2094.684426229508,1248.8401639344263,0.0,0.0,2094.684426229508,1248.8401639344263,업무 유입형,40076.53278688525,0.05226710697176324,0.03116138241238025
방배,18-19시간대,13,2696.8565573770493,1499.8647540983607,0.0,0.0,2696.8565573770493,1499.8647540983607,업무 유입형,40076.53278688525,0.06729266156127099,0.03742501283916408
방배,19-20시간대,14,1204.8196721311476,1002.4672131147541,0.0,0.0,1204.8196721311476,1002.4672131147541,업무 유입형,40076.53278688525,0.030062971728068655,0.025013820892280488
방배,20-21시간대,15,940.2172131147541,637.1926229508197,0.0,0.0,0.0,0.0,업무 유입형,40076.53278688525,0.023460542809792,0.015899394948640275
방배,21-22시간대,16,905.139344262295,580.7950819672132,0.0,0.0,0.0,0.0,업무 유입형,40076.53278688525,0.02258527076370477,0.014492148935530523
방배,22-23시간대,17,699.8319672131148,590.4508196721312,0.0,0.0,0.0,0.0,업무 유입형,40076.53278688525,0.017462388049749894,0.014733081397334648
방배,23-24시간대,18,267.5327868852459,316.1475409836066,0.0,0.0,0.0,0.0,업무 유입형,40076.53278688525,0.0066755472163199225,0.0078885951203609
방배,24시이후,19,68.80327868852459,128.99180327868854,0.0,0.0,0.0,0.0,업무 유입형,40076.53278688525,0.0017167971853852577,0.003218636800858685
방이,06시이전,0,100.29918032786885,32.74180327868852,0.0,0.0,0.0,0.0,혼합형,16796.110655737706,0.005971571775374422,0.0019493681572944164
방이,06-07시간대,1,306.87704918032784,143.59016393442624,0.0,0.0,0.0,0.0,혼합형,16796.110655737706,0.0182707208514071,0.008549012737384802
방이,07-08시간대,2,869.5983606557377,371.7418032786885,869.5983606557377,371.7418032786885,0.0,0.0,혼합형,16796.110655737706,0.05177379325961245,0.02213261218017149
방이,08-09시간대,3,805.5532786885246,1053.9180327868853,805.5532786885246,1053.9180327868853,0.0,0.0,혼합형,16796.110655737706,0.0479607032365758,0.06274774287860846
방이,09-10시간대,4,475.9016393442623,460.5204918032787,475.9016393442623,460.5204918032787,0.0,0.0,혼합형,16796.110655737706,0.02833403810552355,0.027418281603542583
방이,10-11시간대,5,374.59016393442624,301.7827868852459,0.0,0.0,0.0,0.0,혼합형,16796.110655737706,0.022302196717575374,0.01796742073630922
방이,11-12시간대,6,324.13524590163934,278.155737704918,0.0,0.0,0.0,0.0,혼합형,16796.110655737706,0.01929823234350458,0.016560723098707226
방이,12-13시간대,7,340.1024590163934,368.422131147541,0.0,0.0,0.0,0.0,혼합형,16796.110655737706,0.02024888177908088,0.02193496689197416
방이,13-14시간대,8,346.1475409836066,354.0204918032787,0.0,0.0,0.0,0.0,혼합형,16796.110655737706,0.020608791408822935,0.02107752795033784
방이,14-15시간대,9,317.5245901639344,420.094262295082,0.0,0.0,0.0,0.0,혼합형,16796.110655737706,0.01890464981281039,0.025011401205050642
방이,15-16시간대,10,385.0245901639344,483.4303278688525,0.0,0.0,0.0,0.0,혼합형,16796.110655737706,0.022923437339489452,0.028782278098632808
방이,16-17시간대,11,436.35655737704917,579.2786885245902,0.0,0.0,0.0,0.0,혼합형,16796.110655737706,0.025979619110688922,0.03448885878390562
방이,17-18시간대,12,617.4426229508197,806.405737704918,0.0,0.0,617.4426229508197,806.405737704918,혼합형,16796.110655737706,0.03676104757858901,0.04801145659453264
방이,18-19시간대,13,819.2008196721312,955.3032786885246,0.0,0.0,819.2008196721312,955.3032786885246,혼합형,16796.110655737706,0.048773244976942604,0.05687645778650453
방이,19-20시간대,14,394.7090163934426,722.9590163934427,0.0,0.0,394.7090163934426,722.9590163934427,혼합형,16796.110655737706,0.023500024766662655,0.04304323966492047
방이,20-21시간대,15,339.4549180327869,391.40983606557376,0.0,0.0,0.0,0.0,혼합형,16796.110655737706,0.020210328747555968,0.023303599511108518
방이,21-22시간대,16,419.58196721311475,328.844262295082,0.0,0.0,0.0,0.0,혼합형,16796.110655737706,0.024980900388970804,0.019578595844910427
방이,22-23시간대,17,452.54918032786884,267.7172131147541,0.0,0.0,0.0,0.0,혼합형,16796.110655737706,0.026943688905340348,0.01593923847026451
방이,23-24시간대,18,97.2172131147541,175.4344262295082,0.0,0.0,0.0,0.0,혼합형,16796.110655737706,0.005788078865838134,0.010444943464907347
방이,24시이후,19,13.848360655737705,64.22540983606558,0.0,0.0,0.0,0.0,혼합형,16796.110655737706,0.0008244980602701005,0.0038238263102967586
방화,06시이전,0,210.48360655737704,0.6024590163934426,0.0,0.0,0.0,0.0,주거 유출·귀가형,15461.729508196722,0.013613199380172407,3.896452955499326e-05
방화,06-07시간대,1,510.2663934426229,139.10655737704917,0.0,0.0,0.0,0.0,주거 유출·귀가형,15461.729508196722,0.033001896273771675,0.008996830354799873
방화,07-08시간대,2,1234.327868852459,256.8975409836066,1234.327868852459,256.8975409836066,0.0,0.0,주거 유출·귀가형,15461.729508196722,0.07983116430785477,0.01661505854486832
방화,08-09시간대,3,1107.7704918032787,602.3196721311475,1107.7704918032787,602.3196721311475,0.0,0.0,주거 유출·귀가형,15461.729508196722,0.07164596245303713,0.0389555173508785
방화,09-10시간대,4,569.4918032786885,321.6106557377049,569.4918032786885,321.6106557377049,0.0,0.0,주거 유출·귀가형,15461.729508196722,0.03683234808737172,0.020800432161693784
방화,10-11시간대,5,428.12704918032784,233.7827868852459,0.0,0.0,0.0,0.0,주거 유출·귀가형,15461.729508196722,0.027689467012947354,0.015120092921125719
방화,11-12시간대,6,403.6516393442623,256.6188524590164,0.0,0.0,0.0,0.0,주거 유출·귀가형,15461.729508196722,0.026106499866672392,0.016597034136638798
방화,12-13시간대,7,411.91803278688525,282.96311475409834,0.0,0.0,0.0,0.0,주거 유출·귀가형,15461.729508196722,0.026641135622539204,0.01830087084398231
방화,13-14시간대,8,388.82377049180326,302.7049180327869,0.0,0.0,0.0,0.0,주거 유출·귀가형,15461.729508196722,0.025147495322931125,0.019577688115182332
방화,14-15시간대,9,337.6188524590164,327.36475409836066,0.0,0.0,0.0,0.0,주거 유출·귀가형,15461.729508196722,0.021835775375583608,0.021172583178668006
방화,15-16시간대,10,390.1803278688525,398.8811475409836,0.0,0.0,0.0,0.0,주거 유출·귀가형,15461.729508196722,0.02523523178063659,0.0257979644081553
방화,16-17시간대,11,426.8811475409836,479.344262295082,0.0,0.0,0.0,0.0,주거 유출·귀가형,15461.729508196722,0.02760888730556832,0.031001982154775592
방화,17-18시간대,12,444.37295081967216,606.7459016393443,0.0,0.0,444.37295081967216,606.7459016393443,주거 유출·귀가형,15461.729508196722,0.02874018398679765,0.0392417873639356
방화,18-19시간대,13,436.9016393442623,938.4959016393443,0.0,0.0,436.9016393442623,938.4959016393443,주거 유출·귀가형,15461.729508196722,0.028256970807350353,0.06069798990739165
방화,19-20시간대,14,209.7295081967213,813.3811475409836,0.0,0.0,209.7295081967213,813.3811475409836,주거 유출·귀가형,15461.729508196722,0.01356442745202194,0.05260609087164448
방화,20-21시간대,15,145.11475409836066,470.8606557377049,0.0,0.0,0.0,0.0,주거 유출·귀가형,15461.729508196722,0.009385415391042188,0.03045329796308283
방화,21-22시간대,16,107.84836065573771,409.10655737704917,0.0,0.0,0.0,0.0,주거 유출·귀가형,15461.729508196722,0.006975180919997603,0.026459301151282567
방화,22-23시간대,17,76.6311475409836,397.99590163934425,0.0,0.0,0.0,0.0,주거 유출·귀가형,15461.729508196722,0.004956182133464381,0.025740710405543883
방화,23-24시간대,18,34.782786885245905,233.1762295081967,0.0,0.0,0.0,0.0,주거 유출·귀가형,15461.729508196722,0.0022496051859403256,0.01508086332674382
방화,24시이후,19,7.860655737704918,106.98770491803279,0.0,0.0,0.0,0.0,주거 유출·귀가형,15461.729508196722,0.0005083943380032454,0.006919517306347613
버티고개,06시이전,0,35.76639344262295,11.762295081967213,0.0,0.0,0.0,0.0,혼합형,5053.680327868853,0.0070772963706047685,0.002327471133681183
버티고개,06-07시간대,1,74.49180327868852,54.872950819672134,0.0,0.0,0.0,0.0,혼합형,5053.680327868853,0.014740109869612956,0.010858017773121032
버티고개,07-08시간대,2,237.66803278688525,105.49180327868852,237.66803278688525,105.49180327868852,0.0,0.0,혼합형,5053.680327868853,0.04702870331474059,0.020874253303468173
버티고개,08-09시간대,3,330.344262295082,266.78688524590166,330.344262295082,266.78688524590166,0.0,0.0,혼합형,5053.680327868853,0.06536706733771362,0.05279061356031718
버티고개,09-10시간대,4,200.43032786885246,157.25409836065575,200.43032786885246,157.25409836065575,0.0,0.0,혼합형,5053.680327868853,0.03966027031103772,0.03111674822276899
버티고개,10-11시간대,5,124.09016393442623,99.29508196721312,0.0,0.0,0.0,0.0,혼합형,5053.680327868853,0.02455441497756058,0.019648073389138574
버티고개,11-12시간대,6,109.55327868852459,78.94672131147541,0.0,0.0,0.0,0.0,혼합형,5053.680327868853,0.021677920165307216,0.015621629424425309
버티고개,12-13시간대,7,106.59426229508196,94.02049180327869,0.0,0.0,0.0,0.0,혼합형,5053.680327868853,0.021092403036903795,0.018604360723965166
버티고개,13-14시간대,8,99.81147540983606,102.59016393442623,0.0,0.0,0.0,0.0,혼합형,5053.680327868853,0.01975025504866604,0.020300089692790027
버티고개,14-15시간대,9,100.67622950819673,112.65983606557377,0.0,0.0,0.0,0.0,혼합형,5053.680327868853,0.019921368780096958,0.022292632053575626
버티고개,15-16시간대,10,130.75,132.06967213114754,0.0,0.0,0.0,0.0,혼합형,5053.680327868853,0.02587223399924418,0.026133364906925482
버티고개,16-17시간대,11,142.86065573770492,143.74180327868854,0.0,0.0,0.0,0.0,혼합형,5053.680327868853,0.02826863720482881,0.028442994798466948
버티고개,17-18시간대,12,196.69672131147541,188.3237704918033,0.0,0.0,196.69672131147541,188.3237704918033,혼합형,5053.680327868853,0.038921480693343107,0.0372646780710049
버티고개,18-19시간대,13,294.6188524590164,283.3114754098361,0.0,0.0,294.6188524590164,283.3114754098361,혼합형,5053.680327868853,0.05829788062262691,0.05606042666519611
버티고개,19-20시간대,14,138.68032786885246,205.88524590163934,0.0,0.0,138.68032786885246,205.88524590163934,혼합형,5053.680327868853,0.027441452341987412,0.040739665460490564
버티고개,20-21시간대,15,82.98360655737704,132.74590163934425,0.0,0.0,0.0,0.0,혼합형,5053.680327868853,0.016420430492953518,0.026267174222973352
버티고개,21-22시간대,16,63.39344262295082,126.01639344262296,0.0,0.0,0.0,0.0,혼합형,5053.680327868853,0.012544015155324231,0.024935568786909067
버티고개,22-23시간대,17,50.13934426229508,112.75409836065573,0.0,0.0,0.0,0.0,혼합형,5053.680327868853,0.009921352560785923,0.022311284261267147
버티고개,23-24시간대,18,23.221311475409838,68.87295081967213,0.0,0.0,0.0,0.0,혼합형,5053.680327868853,0.004594930816528776,0.013628276098087902
버티고개,24시이후,19,7.254098360655738,26.25409836065574,0.0,0.0,0.0,0.0,혼합형,5053.680327868853,0.001435409026695364,0.00519504532486469
보라매,06시이전,0,139.70081967213116,34.122950819672134,0.0,0.0,0.0,0.0,주거 유출·귀가형,15206.319672131147,0.009187023729887974,0.0022439979926378757
보라매,06-07시간대,1,263.8606557377049,123.81557377049181,0.0,0.0,0.0,0.0,주거 유출·귀가형,15206.319672131147,0.017352039245977866,0.00814237609363234
보라매,07-08시간대,2,752.7745901639345,384.0450819672131,752.7745901639345,384.0450819672131,0.0,0.0,주거 유출·귀가형,15206.319672131147,0.0495040618897126,0.02525562333606983
보라매,08-09시간대,3,1057.8565573770493,910.5286885245902,1057.8565573770493,910.5286885245902,0.0,0.0,주거 유출·귀가형,15206.319672131147,0.06956690245804835,0.05987830771395198
보라매,09-10시간대,4,583.0368852459017,390.1639344262295,583.0368852459017,390.1639344262295,0.0,0.0,주거 유출·귀가형,15206.319672131147,0.038341748550403176,0.025658012118559424
보라매,10-11시간대,5,324.0409836065574,281.25,0.0,0.0,0.0,0.0,주거 유출·귀가형,15206.319672131147,0.021309625905105246,0.01849559959701828
보라매,11-12시간대,6,300.0204918032787,271.5655737704918,0.0,0.0,0.0,0.0,주거 유출·귀가형,15206.319672131147,0.019729987154822923,0.017858731081932613
보라매,12-13시간대,7,317.83196721311475,298.32377049180326,0.0,0.0,0.0,0.0,주거 유출·귀가형,15206.319672131147,0.020901307750067245,0.019618407144139274
보라매,13-14시간대,8,317.0327868852459,305.32377049180326,0.0,0.0,0.0,0.0,주거 유출·귀가형,15206.319672131147,0.020848751947933643,0.02007874206744284
보라매,14-15시간대,9,327.52868852459017,293.60655737704917,0.0,0.0,0.0,0.0,주거 유출·귀가형,15206.319672131147,0.02153898481595497,0.019308193153084
보라매,15-16시간대,10,354.33196721311475,349.00409836065575,0.0,0.0,0.0,0.0,주거 유출·귀가형,15206.319672131147,0.02330162556443584,0.022951253550211815
보라매,16-17시간대,11,414.10655737704917,423.2418032786885,0.0,0.0,0.0,0.0,주거 유출·귀가형,15206.319672131147,0.027232530047095388,0.027833283293022582
보라매,17-18시간대,12,517.7049180327868,633.3483606557377,0.0,0.0,517.7049180327868,633.3483606557377,주거 유출·귀가형,15206.319672131147,0.03404537910521456,0.041650338432414044
보라매,18-19시간대,13,679.2909836065573,1021.3524590163935,0.0,0.0,679.2909836065573,1021.3524590163935,주거 유출·귀가형,15206.319672131147,0.04467162326276122,0.06716631512674573
보라매,19-20시간대,14,285.8155737704918,704.3729508196722,0.0,0.0,285.8155737704918,704.3729508196722,주거 유출·귀가형,15206.319672131147,0.018795841461514872,0.04632106689895433
보라매,20-21시간대,15,259.32377049180326,415.655737704918,0.0,0.0,0.0,0.0,주거 유출·귀가형,15206.319672131147,0.017053684000019404,0.027334407448154376
보라매,21-22시간대,16,225.70491803278688,366.6106557377049,0.0,0.0,0.0,0.0,주거 유출·귀가형,15206.319672131147,0.014842836590265803,0.02410909829875521
보라매,22-23시간대,17,191.63934426229508,311.8811475409836,0.0,0.0,0.0,0.0,주거 유출·귀가형,15206.319672131147,0.012602611834704187,0.02050996916187241
보라매,23-24시간대,18,74.74180327868852,191.63524590163934,0.0,0.0,0.0,0.0,주거 유출·귀가형,15206.319672131147,0.004915180325695044,0.012602342317770169
보라매,24시이후,19,17.28688524590164,92.84016393442623,0.0,0.0,0.0,0.0,주거 유출·귀가형,15206.319672131147,0.0011368224276899542,0.006105367106320658
보문,06시이전,0,168.40983606557376,27.40983606557377,0.0,0.0,0.0,0.0,주거 유출·귀가형,17723.84836065574,0.009501877506434669,0.001546494616057507
보문,06-07시간대,1,339.9918032786885,177.04098360655738,0.0,0.0,0.0,0.0,주거 유출·귀가형,17723.84836065574,0.01918273031682097,0.009988856821837946
보문,07-08시간대,2,1056.5655737704917,419.4467213114754,1056.5655737704917,419.4467213114754,0.0,0.0,주거 유출·귀가형,17723.84836065574,0.05961265027046313,0.023665668582596524
보문,08-09시간대,3,1495.2622950819673,883.311475409836,1495.2622950819673,883.311475409836,0.0,0.0,주거 유출·귀가형,17723.84836065574,0.08436442609163952,0.04983745388900155
보문,09-10시간대,4,732.9016393442623,446.0983606557377,732.9016393442623,446.0983606557377,0.0,0.0,주거 유출·귀가형,17723.84836065574,0.04135115717708311,0.02516938486373019
보문,10-11시간대,5,390.2827868852459,289.02868852459017,0.0,0.0,0.0,0.0,주거 유출·귀가형,17723.84836065574,0.02202020571060711,0.016307332507210462
보문,11-12시간대,6,359.3114754098361,276.3524590163934,0.0,0.0,0.0,0.0,주거 유출·귀가형,17723.84836065574,0.02027276853752897,0.01559212499413243
보문,12-13시간대,7,381.6885245901639,285.29918032786884,0.0,0.0,0.0,0.0,주거 유출·귀가형,17723.84836065574,0.021535307503389313,0.016096909346233736
보문,13-14시간대,8,368.1967213114754,327.7336065573771,0.0,0.0,0.0,0.0,주거 유출·귀가형,17723.84836065574,0.0207740843759878,0.018491108696511764
보문,14-15시간대,9,354.55737704918033,286.90983606557376,0.0,0.0,0.0,0.0,주거 유출·귀가형,17723.84836065574,0.020004536815844354,0.01618778440366654
보문,15-16시간대,10,409.88524590163934,369.6885245901639,0.0,0.0,0.0,0.0,주거 유출·귀가형,17723.84836065574,0.02312619909407048,0.020858253640378493
보문,16-17시간대,11,511.1844262295082,442.4344262295082,0.0,0.0,0.0,0.0,주거 유출·귀가형,17723.84836065574,0.028841615874138273,0.02496266145063877
보문,17-18시간대,12,621.7827868852459,677.5286885245902,0.0,0.0,621.7827868852459,677.5286885245902,주거 유출·귀가형,17723.84836065574,0.035081703151190885,0.038226951322185836
보문,18-19시간대,13,741.7950819672132,1071.360655737705,0.0,0.0,741.7950819672132,1071.360655737705,주거 유출·귀가형,17723.84836065574,0.04185293548402761,0.06044740588708508
보문,19-20시간대,14,342.3811475409836,795.827868852459,0.0,0.0,342.3811475409836,795.827868852459,주거 유출·귀가형,17723.84836065574,0.019317539880391775,0.04490152774151896
보문,20-21시간대,15,271.46311475409834,478.2704918032787,0.0,0.0,0.0,0.0,주거 유출·귀가형,17723.84836065574,0.015316262542434372,0.026984573669957976
보문,21-22시간대,16,257.62295081967216,443.22131147540983,0.0,0.0,0.0,0.0,주거 유출·귀가형,17723.84836065574,0.01453538450439218,0.02500705842526243
보문,22-23시간대,17,209.72540983606558,456.90983606557376,0.0,0.0,0.0,0.0,주거 유출·귀가형,17723.84836065574,0.011832949908419679,0.02577938079631986
보문,23-24시간대,18,113.82377049180327,285.9754098360656,0.0,0.0,0.0,0.0,주거 유출·귀가형,17723.84836065574,0.006422068626161056,0.016135062996300947
보문,24시이후,19,34.045081967213115,123.12295081967213,0.0,0.0,0.0,0.0,주거 유출·귀가형,17723.84836065574,0.0019208628552018108,0.006946739123145877
복정,06시이전,0,147.96311475409837,88.89754098360656,0.0,0.0,0.0,0.0,주거 유출·귀가형,20350.61475409836,0.007270695089164343,0.004368297570259086
복정,06-07시간대,1,497.2581967213115,362.3114754098361,0.0,0.0,0.0,0.0,주거 유출·귀가형,20350.61475409836,0.02443455407759463,0.017803465879912602
복정,07-08시간대,2,1296.700819672131,446.10655737704917,1296.700819672131,446.10655737704917,0.0,0.0,주거 유출·귀가형,20350.61475409836,0.06371801713808138,0.021921035937610137
복정,08-09시간대,3,1606.700819672131,817.9795081967213,1606.700819672131,817.9795081967213,0.0,0.0,주거 유출·귀가형,20350.61475409836,0.07895097219844731,0.04019433899568024
복정,09-10시간대,4,890.061475409836,564.8729508196722,890.061475409836,564.8729508196722,0.0,0.0,주거 유출·귀가형,20350.61475409836,0.04373634340606781,0.027757046047265664
복정,10-11시간대,5,482.0204918032787,281.8483606557377,0.0,0.0,0.0,0.0,주거 유출·귀가형,20350.61475409836,0.023685795128434918,0.013849623908731158
복정,11-12시간대,6,375.7663934426229,229.8483606557377,0.0,0.0,0.0,0.0,주거 유출·귀가형,20350.61475409836,0.018464621240345983,0.011294418543766553
복정,12-13시간대,7,392.92622950819674,289.1639344262295,0.0,0.0,0.0,0.0,주거 유출·귀가형,20350.61475409836,0.019307830955281897,0.014209100703849524
복정,13-14시간대,8,391.72131147540983,299.8606557377049,0.0,0.0,0.0,0.0,주거 유출·귀가형,20350.61475409836,0.019248623012556518,0.01473472223620747
복정,14-15시간대,9,354.07377049180326,296.3524590163934,0.0,0.0,0.0,0.0,주거 유출·귀가형,20350.61475409836,0.017398676883728894,0.014562334484598887
복정,15-16시간대,10,440.63524590163934,410.45081967213116,0.0,0.0,0.0,0.0,주거 유출·귀가형,20350.61475409836,0.02165218354462245,0.02016896416308365
복정,16-17시간대,11,611.4344262295082,542.438524590164,0.0,0.0,0.0,0.0,주거 유출·귀가형,20350.61475409836,0.030045010119724908,0.02665465054223601
복정,17-18시간대,12,899.5983606557377,858.0860655737705,0.0,0.0,899.5983606557377,858.0860655737705,주거 유출·귀가형,20350.61475409836,0.04420497225886357,0.0421651176606821
복정,18-19시간대,13,1044.122950819672,1303.905737704918,0.0,0.0,1044.122950819672,1303.905737704918,주거 유출·귀가형,20350.61475409836,0.05130670318494427,0.06407205646907191
복정,19-20시간대,14,612.938524590164,891.4467213114754,0.0,0.0,612.938524590164,891.4467213114754,주거 유출·귀가형,20350.61475409836,0.030118919354351487,0.04380441240144597
복정,20-21시간대,15,347.2172131147541,532.922131147541,0.0,0.0,0.0,0.0,주거 유출·귀가형,20350.61475409836,0.017061755495363054,0.026187028627241697
복정,21-22시간대,16,262.88524590163934,476.20081967213116,0.0,0.0,0.0,0.0,주거 유출·귀가형,20350.61475409836,0.012917803667267474,0.02339982479282255
복정,22-23시간대,17,215.90983606557376,441.8032786885246,0.0,0.0,0.0,0.0,주거 유출·귀가형,20350.61475409836,0.010609499451218899,0.021709578999305215
복정,23-24시간대,18,94.23770491803279,184.79508196721312,0.0,0.0,0.0,0.0,주거 유출·귀가형,20350.61475409836,0.004630705561317478,0.009080565093494176
복정,24시이후,19,26.172131147540984,40.97950819672131,0.0,0.0,0.0,0.0,주거 유출·귀가형,20350.61475409836,0.0012860609600145,0.0020136742153437186
봉천,06시이전,0,582.3565573770492,46.26229508196721,0.0,0.0,0.0,0.0,주거 유출·귀가형,52836.56967213115,0.011021846440652171,0.0008755734024566784
봉천,06-07시간대,1,1216.8934426229507,233.22131147540983,0.0,0.0,0.0,0.0,주거 유출·귀가형,52836.56967213115,0.02303127266160895,0.004414013114829885
봉천,07-08시간대,2,3800.4918032786886,534.7950819672132,3800.4918032786886,534.7950819672132,0.0,0.0,주거 유출·귀가형,52836.56967213115,0.07192919273264768,0.010121684380454639
봉천,08-09시간대,3,5423.19262295082,1186.188524590164,5423.19262295082,1186.188524590164,0.0,0.0,주거 유출·귀가형,52836.56967213115,0.10264089165143708,0.022450142618093236
봉천,09-10시간대,4,3020.2090163934427,843.5,3020.2090163934427,843.5,0.0,0.0,주거 유출·귀가형,52836.56967213115,0.05716133797358278,0.015964321780051277
봉천,10-11시간대,5,1472.5532786885246,711.938524590164,0.0,0.0,0.0,0.0,주거 유출·귀가형,52836.56967213115,0.0278699636979883,0.013474351741757352
봉천,11-12시간대,6,1143.700819672131,791.4098360655738,0.0,0.0,0.0,0.0,주거 유출·귀가형,52836.56967213115,0.021646008186549257,0.014978448468107232
봉천,12-13시간대,7,1193.8647540983607,846.1598360655738,0.0,0.0,0.0,0.0,주거 유출·귀가형,52836.56967213115,0.022595425128972165,0.016014662596687917
봉천,13-14시간대,8,1163.2581967213114,932.1803278688525,0.0,0.0,0.0,0.0,주거 유출·귀가형,52836.56967213115,0.02201615668730433,0.017642710979409677
봉천,14-15시간대,9,1030.6639344262296,1047.4426229508197,0.0,0.0,0.0,0.0,주거 유출·귀가형,52836.56967213115,0.019506639829607587,0.01982419807815982
봉천,15-16시간대,10,1005.5901639344262,1405.6065573770493,0.0,0.0,0.0,0.0,주거 유출·귀가형,52836.56967213115,0.019032086491883454,0.026602910940269498
봉천,16-17시간대,11,1115.0901639344263,1641.0696721311476,0.0,0.0,0.0,0.0,주거 유출·귀가형,52836.56967213115,0.021104514749044824,0.031059353063882498
봉천,17-18시간대,12,1221.377049180328,2276.1393442622953,0.0,0.0,1221.377049180328,2276.1393442622953,주거 유출·귀가형,52836.56967213115,0.023116130679175183,0.04307886296151534
봉천,18-19시간대,13,1309.8319672131147,3829.9631147540986,0.0,0.0,1309.8319672131147,3829.9631147540986,주거 유출·귀가형,52836.56967213115,0.02479025370763217,0.07248697518632113
봉천,19-20시간대,14,762.061475409836,3080.30737704918,0.0,0.0,762.061475409836,3080.30737704918,주거 유출·귀가형,52836.56967213115,0.014422993016743635,0.05829877670264238
봉천,20-21시간대,15,617.6188524590164,1802.8975409836066,0.0,0.0,0.0,0.0,주거 유출·귀가형,52836.56967213115,0.011689230703120036,0.03412215350412031
봉천,21-22시간대,16,530.1803278688525,1620.7745901639344,0.0,0.0,0.0,0.0,주거 유출·귀가형,52836.56967213115,0.010034344227091225,0.03067524254926826
봉천,22-23시간대,17,400.52868852459017,1532.2377049180327,0.0,0.0,0.0,0.0,주거 유출·귀가형,52836.56967213115,0.007580520291343792,0.028999568185938032
봉천,23-24시간대,18,176.68032786885246,872.5327868852459,0.0,0.0,0.0,0.0,주거 유출·귀가형,52836.56967213115,0.0033439023192689057,0.016513804592152896
봉천,24시이후,19,46.10245901639344,369.6967213114754,0.0,0.0,0.0,0.0,주거 유출·귀가형,52836.56967213115,0.0008725482994538603,0.006996985678774551
봉화산(서울의료원),06시이전,0,240.7827868852459,34.221311475409834,0.0,0.0,0.0,0.0,주거 유출·귀가형,19149.987704918032,0.012573521748184147,0.001787014801404872
봉화산(서울의료원),06-07시간대,1,737.594262295082,109.94672131147541,0.0,0.0,0.0,0.0,주거 유출·귀가형,19149.987704918032,0.038516696389609466,0.005741346835603413
봉화산(서울의료원),07-08시간대,2,2053.2254098360654,256.9549180327869,2053.2254098360654,256.9549180327869,0.0,0.0,주거 유출·귀가형,19149.987704918032,0.10721810590555958,0.01341802000044087
봉화산(서울의료원),08-09시간대,3,1707.6065573770493,525.8483606557377,1707.6065573770493,525.8483606557377,0.0,0.0,주거 유출·귀가형,19149.987704918032,0.08917011246636507,0.027459462050761066
봉화산(서울의료원),09-10시간대,4,737.3852459016393,301.6475409836066,737.3852459016393,301.6475409836066,0.0,0.0,주거 유출·귀가형,19149.987704918032,0.03850578168842723,0.015751839929700764
봉화산(서울의료원),10-11시간대,5,492.53688524590166,248.7295081967213,0.0,0.0,0.0,0.0,주거 유출·귀가형,19149.987704918032,0.02571995830156121,0.012988494406857684
봉화산(서울의료원),11-12시간대,6,425.85655737704917,237.15573770491804,0.0,0.0,0.0,0.0,주거 유출·귀가형,19149.987704918032,0.0222379546106801,0.012384119580610099
봉화산(서울의료원),12-13시간대,7,436.44262295081967,314.172131147541,0.0,0.0,0.0,0.0,주거 유출·귀가형,19149.987704918032,0.022790752123497918,0.016405865945640082
봉화산(서울의료원),13-14시간대,8,382.0983606557377,351.46311475409834,0.0,0.0,0.0,0.0,주거 유출·귀가형,19149.987704918032,0.019952929816117248,0.01835317704479971
봉화산(서울의료원),14-15시간대,9,344.2049180327869,361.8811475409836,0.0,0.0,0.0,0.0,주거 유출·귀가형,19149.987704918032,0.017974158695902943,0.01889719999392201
봉화산(서울의료원),15-16시간대,10,347.672131147541,489.36475409836066,0.0,0.0,0.0,0.0,주거 유출·귀가형,19149.987704918032,0.018155214327278815,0.02555431166008967
봉화산(서울의료원),16-17시간대,11,414.3893442622951,568.2909836065573,0.0,0.0,0.0,0.0,주거 유출·귀가형,19149.987704918032,0.021639144141897965,0.029675788432000447
봉화산(서울의료원),17-18시간대,12,497.2909836065574,861.077868852459,0.0,0.0,497.2909836065574,861.077868852459,주거 유출·귀가형,19149.987704918032,0.025968214250019852,0.04496493063707399
봉화산(서울의료원),18-19시간대,13,433.7950819672131,1272.02868852459,0.0,0.0,433.7950819672131,1272.02868852459,주거 유출·귀가형,19149.987704918032,0.022652499241856295,0.06642451724383677
봉화산(서울의료원),19-20시간대,14,216.5204918032787,1165.5819672131147,0.0,0.0,216.5204918032787,1165.5819672131147,주거 유출·귀가형,19149.987704918032,0.011306560356050394,0.060865938149598606
봉화산(서울의료원),20-21시간대,15,148.5204918032787,650.8934426229508,0.0,0.0,0.0,0.0,주거 유출·귀가형,19149.987704918032,0.007755644238097144,0.033989235536469334
봉화산(서울의료원),21-22시간대,16,128.95901639344262,533.5081967213115,0.0,0.0,0.0,0.0,주거 유출·귀가형,19149.987704918032,0.006734156615689306,0.02785945374702762
봉화산(서울의료원),22-23시간대,17,107.04918032786885,528.327868852459,0.0,0.0,0.0,0.0,주거 유출·귀가형,19149.987704918032,0.0055900391152928445,0.027588940368707168
봉화산(서울의료원),23-24시간대,18,44.32786885245902,291.4795081967213,0.0,0.0,0.0,0.0,주거 유출·귀가형,19149.987704918032,0.0023147727056281554,0.015220871819247413
봉화산(서울의료원),24시이후,19,10.758196721311476,140.39754098360655,0.0,0.0,0.0,0.0,주거 유출·귀가형,19149.987704918032,0.0005617860902620106,0.007331468988230742
불광,06시이전,0,446.7090163934426,74.54508196721312,0.0,0.0,0.0,0.0,주거 유출·귀가형,47752.524590163935,0.009354668056345146,0.0015610710136688337
불광,06-07시간대,1,987.8524590163935,350.94262295081967,0.0,0.0,0.0,0.0,주거 유출·귀가형,47752.524590163935,0.020686915875016823,0.007349195167434285
불광,07-08시간대,2,2864.8360655737706,584.344262295082,2864.8360655737706,584.344262295082,0.0,0.0,주거 유출·귀가형,47752.524590163935,0.059993394907624835,0.012236929195057578
불광,08-09시간대,3,3336.217213114754,1616.0245901639344,3336.217213114754,1616.0245901639344,0.0,0.0,주거 유출·귀가형,47752.524590163935,0.06986472949331664,0.033841657672206156
불광,09-10시간대,4,1718.5532786885246,1231.0655737704917,1718.5532786885246,1231.0655737704917,0.0,0.0,주거 유출·귀가형,47752.524590163935,0.035988741819160536,0.025780114964310527
불광,10-11시간대,5,1169.02868852459,985.1188524590164,0.0,0.0,0.0,0.0,주거 유출·귀가형,47752.524590163935,0.024480981865519766,0.02062967059676529
불광,11-12시간대,6,1104.9262295081967,1048.9918032786886,0.0,0.0,0.0,0.0,주거 유출·귀가형,47752.524590163935,0.02313859296427208,0.021967253297739988
불광,12-13시간대,7,1159.5696721311476,1106.549180327869,0.0,0.0,0.0,0.0,주거 유출·귀가형,47752.524590163935,0.024282897754268593,0.023172579666202526
불광,13-14시간대,8,1168.7704918032787,1238.8319672131147,0.0,0.0,0.0,0.0,주거 유출·귀가형,47752.524590163935,0.024475574890212654,0.025942753348548387
불광,14-15시간대,9,1186.5409836065573,1199.299180327869,0.0,0.0,0.0,0.0,주거 유출·귀가형,47752.524590163935,0.024847712111350048,0.02511488535152549
불광,15-16시간대,10,1308.905737704918,1426.8237704918033,0.0,0.0,0.0,0.0,주거 유출·귀가형,47752.524590163935,0.02741018928189875,0.02987954632215823
불광,16-17시간대,11,1396.5081967213114,1599.02868852459,0.0,0.0,0.0,0.0,주거 유출·귀가형,47752.524590163935,0.02924469876109889,0.033485741376990105
불광,17-18시간대,12,1479.1352459016393,2005.1639344262296,0.0,0.0,1479.1352459016393,2005.1639344262296,주거 유출·귀가형,47752.524590163935,0.030975016684380945,0.04199074188507414
불광,18-19시간대,13,1556.139344262295,3130.80737704918,0.0,0.0,1556.139344262295,3130.80737704918,주거 유출·귀가형,47752.524590163935,0.0325875827009747,0.06556318024898863
불광,19-20시간대,14,829.655737704918,2311.7622950819673,0.0,0.0,829.655737704918,2311.7622950819673,주거 유출·귀가형,47752.524590163935,0.017374070686847213,0.04841131049976244
불광,20-21시간대,15,683.9918032786885,1336.5696721311476,0.0,0.0,0.0,0.0,주거 유출·귀가형,47752.524590163935,0.01432367836358493,0.027989508064804058
불광,21-22시간대,16,528.905737704918,1143.327868852459,0.0,0.0,0.0,0.0,주거 유출·귀가형,47752.524590163935,0.011075974354115342,0.02394277325994952
불광,22-23시간대,17,343.0450819672131,1045.8196721311476,0.0,0.0,0.0,0.0,주거 유출·귀가형,47752.524590163935,0.007183810383040429,0.021900824743966846
불광,23-24시간대,18,162.922131147541,602.860655737705,0.0,0.0,0.0,0.0,주거 유출·귀가형,47752.524590163935,0.003411801418790321,0.012624686567082198
불광,24시이후,19,41.278688524590166,241.15573770491804,0.0,0.0,0.0,0.0,주거 유출·귀가형,47752.524590163935,0.0008644294490995927,0.005050114936846529
불암산,06시이전,0,339.8155737704918,2.557377049180328,0.0,0.0,0.0,0.0,주거 유출·귀가형,19943.036885245903,0.017039309295059844,0.00012823408309856288
불암산,06-07시간대,1,780.9672131147541,175.51639344262296,0.0,0.0,0.0,0.0,주거 유출·귀가형,19943.036885245903,0.03915989413290024,0.008800885965992074
불암산,07-08시간대,2,2040.0901639344263,295.8975409836066,2040.0901639344263,295.8975409836066,0.0,0.0,주거 유출·귀가형,19943.036885245903,0.10229586274514235,0.014837135521847985
불암산,08-09시간대,3,1525.3237704918033,398.11475409836066,1525.3237704918033,398.11475409836066,0.0,0.0,주거 유출·귀가형,19943.036885245903,0.0764840269447757,0.019962594282362817
불암산,09-10시간대,4,848.6229508196722,315.8975409836066,848.6229508196722,315.8975409836066,0.0,0.0,주거 유출·귀가형,19943.036885245903,0.04255234324153979,0.015839991812747003
불암산,10-11시간대,5,591.9098360655738,325.62295081967216,0.0,0.0,0.0,0.0,주거 유출·귀가형,19943.036885245903,0.02968002513716834,0.01632765123453048
불암산,11-12시간대,6,528.172131147541,339.1639344262295,0.0,0.0,0.0,0.0,주거 유출·귀가형,19943.036885245903,0.026484037219942618,0.017006634264270303
불암산,12-13시간대,7,501.8975409836066,351.27868852459017,0.0,0.0,0.0,0.0,주거 유출·귀가형,19943.036885245903,0.025166555318107863,0.017614102132282088
불암산,13-14시간대,8,475.8811475409836,373.25409836065575,0.0,0.0,0.0,0.0,주거 유출·귀가형,19943.036885245903,0.023862020126585944,0.01871601103224121
불암산,14-15시간대,9,432.4344262295082,417.77868852459017,0.0,0.0,0.0,0.0,주거 유출·귀가형,19943.036885245903,0.021683479237278466,0.02094859929952132
불암산,15-16시간대,10,419.0204918032787,520.9713114754098,0.0,0.0,0.0,0.0,주거 유출·귀가형,19943.036885245903,0.02101086681102591,0.026122967854551312
불암산,16-17시간대,11,455.4016393442623,630.0860655737705,0.0,0.0,0.0,0.0,주거 유출·귀가형,19943.036885245903,0.02283511994510595,0.03159428873342333
불암산,17-18시간대,12,464.7090163934426,743.9303278688525,0.0,0.0,464.7090163934426,743.9303278688525,주거 유출·귀가형,19943.036885245903,0.023301818026382926,0.037302760464692365
불암산,18-19시간대,13,477.9672131147541,1084.2622950819673,0.0,0.0,477.9672131147541,1084.2622950819673,주거 유출·귀가형,19943.036885245903,0.023966621325780126,0.054367963180377885
불암산,19-20시간대,14,288.1516393442623,1011.1188524590164,0.0,0.0,288.1516393442623,1011.1188524590164,주거 유출·귀가형,19943.036885245903,0.014448734212462915,0.050700345101756
불암산,20-21시간대,15,193.7295081967213,644.6352459016393,0.0,0.0,0.0,0.0,주거 유출·귀가형,19943.036885245903,0.009714142801392735,0.0323238255843847
불암산,21-22시간대,16,157.8360655737705,563.3934426229508,0.0,0.0,0.0,0.0,주거 유출·귀가형,19943.036885245903,0.00791434456457028,0.028250132909284045
불암산,22-23시간대,17,106.56967213114754,531.8155737704918,0.0,0.0,0.0,0.0,주거 유출·귀가형,19943.036885245903,0.00534370330578835,0.02666672968769041
불암산,23-24시간대,18,60.614754098360656,341.58196721311475,0.0,0.0,0.0,0.0,주거 유출·귀가형,19943.036885245903,0.0030393943734418993,0.0171278812338667
불암산,24시이후,19,16.668032786885245,170.37704918032787,0.0,0.0,0.0,0.0,주거 유출·귀가형,19943.036885245903,0.0008357820768619474,0.008543184779765154
사가정,06시이전,0,474.9836065573771,46.01639344262295,0.0,0.0,0.0,0.0,주거 유출·귀가형,35533.13114754098,0.013367344537838388,0.0012950278221064524
사가정,06-07시간대,1,973.827868852459,278.4303278688525,0.0,0.0,0.0,0.0,주거 유출·귀가형,35533.13114754098,0.027406193527075403,0.007835794901179735
사가정,07-08시간대,2,2380.80737704918,469.70081967213116,2380.80737704918,469.70081967213116,0.0,0.0,주거 유출·귀가형,35533.13114754098,0.06700246502802049,0.013218672391178679
사가정,08-09시간대,3,2968.05737704918,1066.2090163934427,2968.05737704918,1066.2090163934427,0.0,0.0,주거 유출·귀가형,35533.13114754098,0.08352929452586619,0.030006052997871763
사가정,09-10시간대,4,1596.6147540983607,661.2827868852459,1596.6147540983607,661.2827868852459,0.0,0.0,주거 유출·귀가형,35533.13114754098,0.04493312867556993,0.018610315655534594
사가정,10-11시간대,5,920.094262295082,554.3319672131148,0.0,0.0,0.0,0.0,주거 유출·귀가형,35533.13114754098,0.025893982111361322,0.015600425555277206
사가정,11-12시간대,6,757.1188524590164,574.0204918032787,0.0,0.0,0.0,0.0,주거 유출·귀가형,35533.13114754098,0.02130740601821159,0.016154514765946905
사가정,12-13시간대,7,820.7868852459017,650.6434426229508,0.0,0.0,0.0,0.0,주거 유출·귀가형,35533.13114754098,0.023099199500258592,0.018310895257762208
사가정,13-14시간대,8,733.8073770491803,683.188524590164,0.0,0.0,0.0,0.0,주거 유출·귀가형,35533.13114754098,0.020651357011073943,0.01922680333892959
사가정,14-15시간대,9,686.8852459016393,752.9344262295082,0.0,0.0,0.0,0.0,주거 유출·귀가형,35533.13114754098,0.019330839239850503,0.021189644760073834
사가정,15-16시간대,10,716.2172131147541,1015.2377049180328,0.0,0.0,0.0,0.0,주거 유출·귀가형,35533.13114754098,0.020156321438177534,0.02857158016000768
사가정,16-17시간대,11,802.8319672131148,1215.7704918032787,0.0,0.0,0.0,0.0,주거 유출·귀가형,35533.13114754098,0.022593898744233624,0.03421512409799029
사가정,17-18시간대,12,903.1024590163935,1630.2254098360656,0.0,0.0,903.1024590163935,1630.2254098360656,주거 유출·귀가형,35533.13114754098,0.0254157860523612,0.045879024932169055
사가정,18-19시간대,13,945.3688524590164,2664.8032786885246,0.0,0.0,945.3688524590164,2664.8032786885246,주거 유출·귀가형,35533.13114754098,0.02660527856477515,0.07499489047626298
사가정,19-20시간대,14,653.2172131147541,2078.032786885246,0.0,0.0,653.2172131147541,2078.032786885246,주거 유출·귀가형,35533.13114754098,0.018383328235343513,0.05848155565736157
사가정,20-21시간대,15,438.75409836065575,1140.75,0.0,0.0,0.0,0.0,주거 유출·귀가형,35533.13114754098,0.012347746573158923,0.03210384120845888
사가정,21-22시간대,16,357.4549180327869,979.5245901639345,0.0,0.0,0.0,0.0,주거 유출·귀가형,35533.13114754098,0.010059764126852751,0.027566514926498985
사가정,22-23시간대,17,268.4467213114754,850.8811475409836,0.0,0.0,0.0,0.0,주거 유출·귀가형,35533.13114754098,0.007554828765211502,0.023946134777932948
사가정,23-24시간대,18,147.51639344262296,457.6188524590164,0.0,0.0,0.0,0.0,주거 유출·귀가형,35533.13114754098,0.00415151687111682,0.012878652617437156
사가정,24시이후,19,33.40163934426229,184.23360655737704,0.0,0.0,0.0,0.0,주거 유출·귀가형,35533.13114754098,0.0009400139606490548,0.005184840193013124
사당,06시이전,0,941.9959016393443,205.36475409836066,0.0,0.0,0.0,0.0,주거 유출·귀가형,148913.63524590165,0.0063257867560873315,0.001379086298976189
사당,06-07시간대,1,2480.6762295081967,1752.3401639344263,0.0,0.0,0.0,0.0,주거 유출·귀가형,148913.63524590165,0.016658489502400814,0.011767493023998644
사당,07-08시간대,2,6738.823770491803,3165.6065573770493,6738.823770491803,3165.6065573770493,0.0,0.0,주거 유출·귀가형,148913.63524590165,0.04525323526864385,0.021258003353082283
사당,08-09시간대,3,8048.774590163935,4890.86475409836,8048.774590163935,4890.86475409836,0.0,0.0,주거 유출·귀가형,148913.63524590165,0.05404995034116898,0.03284363279441843
사당,09-10시간대,4,5555.512295081967,3103.2336065573772,5555.512295081967,3103.2336065573772,0.0,0.0,주거 유출·귀가형,148913.63524590165,0.037306941610203315,0.02083915016534917
사당,10-11시간대,5,3310.9508196721313,2395.8852459016393,0.0,0.0,0.0,0.0,주거 유출·귀가형,148913.63524590165,0.02223403393654816,0.016089092459164702
사당,11-12시간대,6,2689.1393442622953,2937.5163934426228,0.0,0.0,0.0,0.0,주거 유출·귀가형,148913.63524590165,0.018058382228207038,0.019726309068957257
사당,12-13시간대,7,2933.090163934426,2873.9877049180327,0.0,0.0,0.0,0.0,주거 유출·귀가형,148913.63524590165,0.019696585602057212,0.0192996947537558
사당,13-14시간대,8,3042.6803278688526,2586.9877049180327,0.0,0.0,0.0,0.0,주거 유출·귀가형,148913.63524590165,0.020432516625119405,0.017372403142574083
사당,14-15시간대,9,3181.0819672131147,2681.6352459016393,0.0,0.0,0.0,0.0,주거 유출·귀가형,148913.63524590165,0.02136192540031799,0.018007989943120018
사당,15-16시간대,10,3257.6393442622953,3327.282786885246,0.0,0.0,0.0,0.0,주거 유출·귀가형,148913.63524590165,0.0218760312907743,0.022343708025063597
사당,16-17시간대,11,3607.184426229508,4610.323770491803,0.0,0.0,0.0,0.0,주거 유출·귀가형,148913.63524590165,0.024223332002290796,0.030959715427527894
사당,17-18시간대,12,4876.639344262295,7541.491803278688,0.0,0.0,4876.639344262295,7541.491803278688,주거 유출·귀가형,148913.63524590165,0.03274810487440913,0.05064339333886648
사당,18-19시간대,13,6089.036885245901,11510.073770491803,0.0,0.0,6089.036885245901,11510.073770491803,주거 유출·귀가형,148913.63524590165,0.040889720240803014,0.07729361889181723
사당,19-20시간대,14,3799.3196721311474,7304.4057377049185,0.0,0.0,3799.3196721311474,7304.4057377049185,주거 유출·귀가형,148913.63524590165,0.02551357816131019,0.04905128886043998
사당,20-21시간대,15,3483.6024590163934,4058.9467213114754,0.0,0.0,0.0,0.0,주거 유출·귀가형,148913.63524590165,0.023393441797750134,0.02725705214709802
사당,21-22시간대,16,3877.905737704918,3647.0368852459014,0.0,0.0,0.0,0.0,주거 유출·귀가형,148913.63524590165,0.02604130730742902,0.02449095329130563
사당,22-23시간대,17,3612.0163934426228,3453.7991803278687,0.0,0.0,0.0,0.0,주거 유출·귀가형,148913.63524590165,0.024255780120323343,0.023193303787289843
사당,23-24시간대,18,1999.7581967213114,2061.8278688524592,0.0,0.0,0.0,0.0,주거 유출·귀가형,148913.63524590165,0.013428979780253857,0.013845796360069749
사당,24시이후,19,426.2172131147541,852.9795081967213,0.0,0.0,0.0,0.0,주거 유출·귀가형,148913.63524590165,0.002862177210373919,0.005728014810653121
산성,06시이전,0,207.78688524590163,40.44672131147541,0.0,0.0,0.0,0.0,주거 유출·귀가형,13959.840163934427,0.01488461778973114,0.0028973627804113732
산성,06-07시간대,1,490.4549180327869,110.23360655737704,0.0,0.0,0.0,0.0,주거 유출·귀가형,13959.840163934427,0.03513327604565908,0.007896480565885572
산성,07-08시간대,2,1340.1065573770493,145.05737704918033,1340.1065573770493,145.05737704918033,0.0,0.0,주거 유출·귀가형,13959.840163934427,0.09599727085982301,0.010391048561138934
산성,08-09시간대,3,1356.872950819672,339.4918032786885,1356.872950819672,339.4918032786885,0.0,0.0,주거 유출·귀가형,13959.840163934427,0.0971983156601739,0.02431917552722226
산성,09-10시간대,4,628.9303278688525,158.75409836065575,628.9303278688525,158.75409836065575,0.0,0.0,주거 유출·귀가형,13959.840163934427,0.045052831585687396,0.011372200290000502
산성,10-11시간대,5,363.8114754098361,159.25,0.0,0.0,0.0,0.0,주거 유출·귀가형,13959.840163934427,0.02606129233125115,0.011407723736796507
산성,11-12시간대,6,277.4139344262295,144.80737704918033,0.0,0.0,0.0,0.0,주거 유출·귀가형,13959.840163934427,0.019872285869213236,0.010373140046638469
산성,12-13시간대,7,273.67622950819674,174.66803278688525,0.0,0.0,0.0,0.0,주거 유출·귀가형,13959.840163934427,0.019604538898321033,0.012512179991726853
산성,13-14시간대,8,249.18852459016392,210.62295081967213,0.0,0.0,0.0,0.0,주거 유출·귀가형,13959.840163934427,0.01785038522389019,0.0150877766755397
산성,14-15시간대,9,219.58196721311475,238.34016393442624,0.0,0.0,0.0,0.0,주거 유출·귀가형,13959.840163934427,0.015729547375507198,0.017073273127451962
산성,15-16시간대,10,243.5122950819672,352.2254098360656,0.0,0.0,0.0,0.0,주거 유출·귀가형,13959.840163934427,0.01744377387006815,0.0252313354379263
산성,16-17시간대,11,308.4344262295082,447.57377049180326,0.0,0.0,0.0,0.0,주거 유출·귀가형,13959.840163934427,0.022094409578295584,0.03206152543552186
산성,17-18시간대,12,321.71311475409834,664.4877049180328,0.0,0.0,321.71311475409834,664.4877049180328,주거 유출·귀가형,13959.840163934427,0.023045615922254733,0.04759995079562246
산성,18-19시간대,13,249.72540983606558,1159.4303278688524,0.0,0.0,249.72540983606558,1159.4303278688524,주거 유출·귀가형,13959.840163934427,0.017888844492735454,0.08305469935567512
산성,19-20시간대,14,121.32377049180327,946.2418032786885,0.0,0.0,121.32377049180327,946.2418032786885,주거 유출·귀가형,13959.840163934427,0.008690914012414416,0.06778314021985196
산성,20-21시간대,15,94.62704918032787,537.5368852459017,0.0,0.0,0.0,0.0,주거 유출·귀가형,13959.840163934427,0.006778519529528645,0.0385059484158451
산성,21-22시간대,16,73.17622950819673,464.75409836065575,0.0,0.0,0.0,0.0,주거 유출·귀가형,13959.840163934427,0.005241910268947722,0.03329222203857024
산성,22-23시간대,17,53.92213114754098,396.9672131147541,0.0,0.0,0.0,0.0,주거 유출·귀가형,13959.840163934427,0.0038626610702069547,0.028436372369099766
산성,23-24시간대,18,26.737704918032787,236.09426229508196,0.0,0.0,0.0,0.0,주거 유출·귀가형,13959.840163934427,0.0019153303049350286,0.016912390079152698
산성,24시이후,19,9.430327868852459,122.43032786885246,0.0,0.0,0.0,0.0,주거 유출·귀가형,13959.840163934427,0.0006755326535339517,0.008770181207744346
삼각지(전쟁기념관),06시이전,0,82.97540983606558,43.15983606557377,0.0,0.0,0.0,0.0,업무 유입형,31164.553278688523,0.00266249315669823,0.0013849014834134673
삼각지(전쟁기념관),06-07시간대,1,211.29918032786884,461.32377049180326,0.0,0.0,0.0,0.0,업무 유입형,31164.553278688523,0.006780112599026505,0.01480283597734974
삼각지(전쟁기념관),07-08시간대,2,681.155737704918,1205.9795081967213,681.155737704918,1205.9795081967213,0.0,0.0,업무 유입형,31164.553278688523,0.02185674640074875,0.03869715369934132
삼각지(전쟁기념관),08-09시간대,3,1070.5409836065573,2306.348360655738,1070.5409836065573,2306.348360655738,0.0,0.0,업무 유입형,31164.553278688523,0.03435123789624903,0.07400550041681182
삼각지(전쟁기념관),09-10시간대,4,672.594262295082,1066.4426229508197,672.594262295082,1066.4426229508197,0.0,0.0,업무 유입형,31164.553278688523,0.021582028026534455,0.03421973077599327
삼각지(전쟁기념관),10-11시간대,5,464.4344262295082,668.733606557377,0.0,0.0,0.0,0.0,업무 유입형,31164.553278688523,0.014902649881623866,0.021458148319253523
삼각지(전쟁기념관),11-12시간대,6,537.9549180327868,650.8155737704918,0.0,0.0,0.0,0.0,업무 유입형,31164.553278688523,0.017261756111892044,0.020883199189495317
삼각지(전쟁기념관),12-13시간대,7,580.7827868852459,657.4426229508197,0.0,0.0,0.0,0.0,업무 유입형,31164.553278688523,0.018636005518564792,0.021095846202948892
삼각지(전쟁기념관),13-14시간대,8,640.7868852459017,683.5696721311475,0.0,0.0,0.0,0.0,업무 유입형,31164.553278688523,0.02056140126622946,0.021934204094579395
삼각지(전쟁기념관),14-15시간대,9,673.5286885245902,585.983606557377,0.0,0.0,0.0,0.0,업무 유입형,31164.553278688523,0.02161201164995277,0.01880288805416936
삼각지(전쟁기념관),15-16시간대,10,818.0860655737705,632.5573770491803,0.0,0.0,0.0,0.0,업무 유입형,31164.553278688523,0.026250530795614135,0.02029733496875588
삼각지(전쟁기념관),16-17시간대,11,1013.3934426229508,783.9549180327868,0.0,0.0,0.0,0.0,업무 유입형,31164.553278688523,0.03251750261140264,0.025155339498124117
삼각지(전쟁기념관),17-18시간대,12,1526.3155737704917,1149.233606557377,0.0,0.0,1526.3155737704917,1149.233606557377,업무 유입형,31164.553278688523,0.04897601323277247,0.03687630611227999
삼각지(전쟁기념관),18-19시간대,13,2282.094262295082,1784.4631147540983,0.0,0.0,2282.094262295082,1784.4631147540983,업무 유입형,31164.553278688523,0.0732272412791382,0.05725938372344263
삼각지(전쟁기념관),19-20시간대,14,969.3360655737705,1068.6147540983607,0.0,0.0,969.3360655737705,1068.6147540983607,업무 유입형,31164.553278688523,0.031103801068653163,0.03428942954972883
삼각지(전쟁기념관),20-21시간대,15,871.4303278688525,564.233606557377,0.0,0.0,0.0,0.0,업무 유입형,31164.553278688523,0.02796222747286318,0.018104979766972014
삼각지(전쟁기념관),21-22시간대,16,982.1270491803278,474.72131147540983,0.0,0.0,0.0,0.0,업무 유입형,31164.553278688523,0.03151423479097141,0.015232732753465837
삼각지(전쟁기념관),22-23시간대,17,856.0655737704918,451.02868852459017,0.0,0.0,0.0,0.0,업무 유입형,31164.553278688523,0.027469207279024313,0.014472490091267257
삼각지(전쟁기념관),23-24시간대,18,478.67622950819674,280.5983606557377,0.0,0.0,0.0,0.0,업무 유입형,31164.553278688523,0.015359637124512653,0.009003766495431244
삼각지(전쟁기념관),24시이후,19,101.59016393442623,130.18032786885246,0.0,0.0,0.0,0.0,업무 유입형,31164.553278688523,0.003259798496899917,0.0041771921678041375
삼성(무역센터),06시이전,0,186.077868852459,265.71311475409834,0.0,0.0,0.0,0.0,업무 유입형,123724.88524590163,0.0015039647721849295,0.002147612537493948
삼성(무역센터),06-07시간대,1,269.1639344262295,2118.745901639344,0.0,0.0,0.0,0.0,업무 유입형,123724.88524590163,0.002175503609409454,0.017124654409081598
삼성(무역센터),07-08시간대,2,597.9303278688525,6528.061475409836,597.9303278688525,6528.061475409836,0.0,0.0,업무 유입형,123724.88524590163,0.004832741017948601,0.052762719985032895
삼성(무역센터),08-09시간대,3,849.6311475409836,14755.368852459016,849.6311475409836,14755.368852459016,0.0,0.0,업무 유입형,123724.88524590163,0.006867099903567117,0.11925950727804603
삼성(무역센터),09-10시간대,4,830.7909836065573,10910.594262295082,830.7909836065573,10910.594262295082,0.0,0.0,업무 유입형,123724.88524590163,0.006714825250840773,0.08818431506814829
삼성(무역센터),10-11시간대,5,939.9508196721312,4732.69262295082,0.0,0.0,0.0,0.0,업무 유입형,123724.88524590163,0.007597103992491009,0.03825174388761528
삼성(무역센터),11-12시간대,6,1438.2377049180327,2915.811475409836,0.0,0.0,0.0,0.0,업무 유입형,123724.88524590163,0.011624482027682253,0.023566895775370474
삼성(무역센터),12-13시간대,7,1810.8155737704917,2556.5450819672133,0.0,0.0,0.0,0.0,업무 유입형,123724.88524590163,0.01463582342526743,0.020663143690827536
삼성(무역센터),13-14시간대,8,2235.2418032786886,2754.1639344262294,0.0,0.0,0.0,0.0,업무 유입형,123724.88524590163,0.018066226522143656,0.022260387867423466
삼성(무역센터),14-15시간대,9,2911.0122950819673,2356.3688524590166,0.0,0.0,0.0,0.0,업무 유입형,123724.88524590163,0.023528106648039053,0.019045229646208712
삼성(무역센터),15-16시간대,10,3809.651639344262,2097.0860655737706,0.0,0.0,0.0,0.0,업무 유입형,123724.88524590163,0.03079131277246795,0.016949589901868477
삼성(무역센터),16-17시간대,11,5077.569672131148,2028.532786885246,0.0,0.0,0.0,0.0,업무 유입형,123724.88524590163,0.04103919483974095,0.01639551156465866
삼성(무역센터),17-18시간대,12,9701.618852459016,2367.151639344262,0.0,0.0,9701.618852459016,2367.151639344262,업무 유입형,123724.88524590163,0.07841283370905677,0.01913238096474754
삼성(무역센터),18-19시간대,13,12677.426229508197,2478.2418032786886,0.0,0.0,12677.426229508197,2478.2418032786886,업무 유입형,123724.88524590163,0.10246464326325277,0.02003026148178044
삼성(무역센터),19-20시간대,14,6348.979508196721,1348.405737704918,0.0,0.0,6348.979508196721,1348.405737704918,업무 유입형,123724.88524590163,0.05131529922681444,0.01089841978858965
삼성(무역센터),20-21시간대,15,4631.262295081967,699.1516393442623,0.0,0.0,0.0,0.0,업무 유입형,123724.88524590163,0.03743193849707269,0.005650857044277773
삼성(무역센터),21-22시간대,16,3831.7131147540986,556.4139344262295,0.0,0.0,0.0,0.0,업무 유입형,123724.88524590163,0.030969623508953898,0.004497186910461577
삼성(무역센터),22-23시간대,17,2492.032786885246,433.92622950819674,0.0,0.0,0.0,0.0,업무 유입형,123724.88524590163,0.02014172639507697,0.003507186356615113
삼성(무역센터),23-24시간대,18,695.1762295081967,231.87704918032787,0.0,0.0,0.0,0.0,업무 유입형,123724.88524590163,0.005618725999434493,0.001874134283652599
삼성(무역센터),24시이후,19,110.98360655737704,144.76639344262296,0.0,0.0,0.0,0.0,업무 유입형,123724.88524590163,0.0008970192725319449,0.0011700669041228172
상계,06시이전,0,600.0573770491803,10.368852459016393,0.0,0.0,0.0,0.0,주거 유출·귀가형,41892.94262295082,0.014323591027010888,0.000247508334574136
상계,06-07시간대,1,1746.438524590164,274.5532786885246,0.0,0.0,0.0,0.0,주거 유출·귀가형,41892.94262295082,0.04168813206340362,0.006553688079626856
상계,07-08시간대,2,3850.8032786885246,729.5901639344262,3850.8032786885246,729.5901639344262,0.0,0.0,주거 유출·귀가형,41892.94262295082,0.0919200953092964,0.01741558645094375
상계,08-09시간대,3,3021.9631147540986,843.9918032786885,3021.9631147540986,843.9918032786885,0.0,0.0,주거 유출·귀가형,41892.94262295082,0.07213537473251003,0.020146395799284633
상계,09-10시간대,4,1667.0983606557377,620.2745901639345,1667.0983606557377,620.2745901639345,0.0,0.0,주거 유출·귀가형,41892.94262295082,0.03979425307169583,0.014806183364739827
상계,10-11시간대,5,1104.0737704918033,552.188524590164,0.0,0.0,0.0,0.0,주거 유출·귀가형,41892.94262295082,0.026354648333701502,0.013180943853957171
상계,11-12시간대,6,966.811475409836,614.6967213114754,0.0,0.0,0.0,0.0,주거 유출·귀가형,41892.94262295082,0.023078146696722462,0.014673037576852316
상계,12-13시간대,7,1043.0368852459017,749.8401639344262,0.0,0.0,0.0,0.0,주거 유출·귀가형,41892.94262295082,0.024897675358676753,0.017898961423722725
상계,13-14시간대,8,962.0573770491803,773.9631147540983,0.0,0.0,0.0,0.0,주거 유출·귀가형,41892.94262295082,0.02296466461446713,0.018474785161787296
상계,14-15시간대,9,807.4754098360655,841.5409836065573,0.0,0.0,0.0,0.0,주거 유출·귀가형,41892.94262295082,0.019274736012306153,0.020087893829294382
상계,15-16시간대,10,873.2295081967213,1075.2459016393443,0.0,0.0,0.0,0.0,주거 유출·귀가형,41892.94262295082,0.020844310605154945,0.02566651646595665
상계,16-17시간대,11,957.7008196721312,1383.8155737704917,0.0,0.0,0.0,0.0,주거 유출·귀가형,41892.94262295082,0.02286067198219349,0.03303218840999667
상계,17-18시간대,12,994.3811475409836,1795.0696721311476,0.0,0.0,994.3811475409836,1795.0696721311476,주거 유출·귀가형,41892.94262295082,0.02373624494442215,0.04284897550137069
상계,18-19시간대,13,924.311475409836,2766.0491803278687,0.0,0.0,924.311475409836,2766.0491803278687,주거 유출·귀가형,41892.94262295082,0.02206365601311227,0.06602661467882907
상계,19-20시간대,14,584.233606557377,2485.598360655738,0.0,0.0,584.233606557377,2485.598360655738,주거 유출·귀가형,41892.94262295082,0.01394587178598688,0.05933215011957686
상계,20-21시간대,15,450.9385245901639,1458.8934426229507,0.0,0.0,0.0,0.0,주거 유출·귀가형,41892.94262295082,0.010764068990062296,0.03482432484519968
상계,21-22시간대,16,417.09016393442624,1225.3565573770493,0.0,0.0,0.0,0.0,주거 유출·귀가형,41892.94262295082,0.009956096130280562,0.029249713213168858
상계,22-23시간대,17,421.01229508196724,1108.122950819672,0.0,0.0,0.0,0.0,주거 유출·귀가형,41892.94262295082,0.010049718848141214,0.026451303762381043
상계,23-24시간대,18,138.0983606557377,709.6188524590164,0.0,0.0,0.0,0.0,주거 유출·귀가형,41892.94262295082,0.003296458830754975,0.016938863876090088
상계,24시이후,19,34.0655737704918,309.28688524590166,0.0,0.0,0.0,0.0,주거 유출·귀가형,41892.94262295082,0.0008131578169882286,0.007382792085759584
상도,06시이전,0,203.45901639344262,68.88524590163935,0.0,0.0,0.0,0.0,주거 유출·귀가형,27371.557377049183,0.007433227623505313,0.0025166725061614155
상도,06-07시간대,1,545.6024590163935,226.83196721311475,0.0,0.0,0.0,0.0,주거 유출·귀가형,27371.557377049183,0.019933190190846665,0.008287141432562819
상도,07-08시간대,2,1575.25,343.8155737704918,1575.25,343.8155737704918,0.0,0.0,주거 유출·귀가형,27371.557377049183,0.05755061644102259,0.01256105266625341
상도,08-09시간대,3,1946.110655737705,1034.905737704918,1946.110655737705,1034.905737704918,0.0,0.0,주거 유출·귀가형,27371.557377049183,0.0710997415649247,0.037809530654352816
상도,09-10시간대,4,1130.9344262295083,731.4672131147541,1130.9344262295083,731.4672131147541,0.0,0.0,주거 유출·귀가형,27371.557377049183,0.04131786915339305,0.026723624200064085
상도,10-11시간대,5,649.1639344262295,679.7950819672132,0.0,0.0,0.0,0.0,주거 유출·귀가형,27371.557377049183,0.023716733596260326,0.024835820359173845
상도,11-12시간대,6,566.172131147541,584.0696721311475,0.0,0.0,0.0,0.0,주거 유출·귀가형,27371.557377049183,0.020684688245845722,0.021338561927093158
상도,12-13시간대,7,595.6434426229508,605.2991803278688,0.0,0.0,0.0,0.0,주거 유출·귀가형,27371.557377049183,0.02176140123917073,0.022114166614260942
상도,13-14시간대,8,627.7049180327868,562.266393442623,0.0,0.0,0.0,0.0,주거 유출·귀가형,27371.557377049183,0.02293274399355559,0.020541994951083
상도,14-15시간대,9,595.8237704918033,627.9139344262295,0.0,0.0,0.0,0.0,주거 유출·귀가형,27371.557377049183,0.02176798938709262,0.022940380255919598
상도,15-16시간대,10,671.5286885245902,652.7254098360655,0.0,0.0,0.0,0.0,주거 유출·귀가형,27371.557377049183,0.02453381366920909,0.023846849517717622
상도,16-17시간대,11,822.1188524590164,763.4016393442623,0.0,0.0,0.0,0.0,주거 유출·귀가형,27371.557377049183,0.030035516106524357,0.027890325304776704
상도,17-18시간대,12,966.233606557377,1114.3196721311476,0.0,0.0,966.233606557377,1114.3196721311476,주거 유출·귀가형,27371.557377049183,0.035300644141189996,0.04071086116077177
상도,18-19시간대,13,940.2704918032787,1833.9631147540983,0.0,0.0,940.2704918032787,1833.9631147540983,주거 유출·귀가형,27371.557377049183,0.03435210057107264,0.06700251248004839
상도,19-20시간대,14,511.9385245901639,1202.97131147541,0.0,0.0,511.9385245901639,1202.97131147541,주거 유출·귀가형,27371.557377049183,0.01870330275833775,0.04394968451755292
상도,20-21시간대,15,436.10655737704917,752.3852459016393,0.0,0.0,0.0,0.0,주거 유출·귀가형,27371.557377049183,0.015932836826549036,0.027487849359003152
상도,21-22시간대,16,442.63524590163934,650.1926229508197,0.0,0.0,0.0,0.0,주거 유출·귀가형,27371.557377049183,0.016171357727448318,0.023754315985542007
상도,22-23시간대,17,331.38524590163934,612.7581967213115,0.0,0.0,0.0,0.0,주거 유출·귀가형,27371.557377049183,0.012106919651546866,0.022386676369211787
상도,23-24시간대,18,181.0655737704918,378.09016393442624,0.0,0.0,0.0,0.0,주거 유출·귀가형,27371.557377049183,0.0066150994361144294,0.013813249963315994
상도,24시이후,19,51.64754098360656,154.70491803278688,0.0,0.0,0.0,0.0,주거 유출·귀가형,27371.557377049183,0.0018869054570827082,0.0056520319944419984
상봉,06시이전,0,410.12295081967216,57.807377049180324,0.0,0.0,0.0,0.0,주거 유출·귀가형,37806.75819672131,0.010847874041081866,0.0015290223178720864
상봉,06-07시간대,1,839.688524590164,267.5655737704918,0.0,0.0,0.0,0.0,주거 유출·귀가형,37806.75819672131,0.022210011242460446,0.007077189014150801
상봉,07-08시간대,2,2356.995901639344,518.9016393442623,2356.995901639344,518.9016393442623,0.0,0.0,주거 유출·귀가형,37806.75819672131,0.06234324269156058,0.013725102708998273
상봉,08-09시간대,3,3245.184426229508,1178.454918032787,3245.184426229508,1178.454918032787,0.0,0.0,주거 유출·귀가형,37806.75819672131,0.08583609336044416,0.031170483115766992
상봉,09-10시간대,4,1497.377049180328,774.6516393442623,1497.377049180328,774.6516393442623,0.0,0.0,주거 유출·귀가형,37806.75819672131,0.03960606834865265,0.02048976628235324
상봉,10-11시간대,5,832.733606557377,575.9672131147541,0.0,0.0,0.0,0.0,주거 유출·귀가형,37806.75819672131,0.02202605159173879,0.015234504109498162
상봉,11-12시간대,6,741.8852459016393,589.5245901639345,0.0,0.0,0.0,0.0,주거 유출·귀가형,37806.75819672131,0.019623085429365836,0.015593100765118216
상봉,12-13시간대,7,810.8770491803278,650.6147540983607,0.0,0.0,0.0,0.0,주거 유출·귀가형,37806.75819672131,0.021447939147838626,0.017208953772576658
상봉,13-14시간대,8,774.561475409836,713.9590163934427,0.0,0.0,0.0,0.0,주거 유출·귀가형,37806.75819672131,0.02048738141946822,0.018884428352160563
상봉,14-15시간대,9,748.3524590163935,724.0286885245902,0.0,0.0,0.0,0.0,주거 유출·귀가형,37806.75819672131,0.019794145139936707,0.019150774175273763
상봉,15-16시간대,10,803.4959016393443,842.3319672131148,0.0,0.0,0.0,0.0,주거 유출·귀가형,37806.75819672131,0.02125270559984234,0.022279931086134852
상봉,16-17시간대,11,960.4139344262295,1078.7622950819673,0.0,0.0,0.0,0.0,주거 유출·귀가형,37806.75819672131,0.025403234242641803,0.028533583584945402
상봉,17-18시간대,12,1114.4918032786886,1574.5696721311476,0.0,0.0,1114.4918032786886,1574.5696721311476,주거 유출·귀가형,37806.75819672131,0.029478639704563186,0.04164783618680371
상봉,18-19시간대,13,1229.2581967213114,2782.5737704918033,0.0,0.0,1229.2581967213114,2782.5737704918033,주거 유출·귀가형,37806.75819672131,0.0325142449486165,0.0735999039117063
상봉,19-20시간대,14,810.672131147541,2295.745901639344,0.0,0.0,810.672131147541,2295.745901639344,주거 유출·귀가형,37806.75819672131,0.02144251900491813,0.06072316197262415
상봉,20-21시간대,15,613.8073770491803,1235.766393442623,0.0,0.0,0.0,0.0,주거 유출·귀가형,37806.75819672131,0.01623538770119706,0.032686388687771475
상봉,21-22시간대,16,596.2745901639345,941.827868852459,0.0,0.0,0.0,0.0,주거 유출·귀가형,37806.75819672131,0.015771640272919375,0.02491162727975276
상봉,22-23시간대,17,459.7254098360656,955.3565573770492,0.0,0.0,0.0,0.0,주거 유출·귀가형,37806.75819672131,0.012159873836417269,0.02526946511536395
상봉,23-24시간대,18,253.5983606557377,571.311475409836,0.0,0.0,0.0,0.0,주거 유출·귀가형,37806.75819672131,0.0067077520726897535,0.015111358462344477
상봉,24시이후,19,68.79918032786885,308.72131147540983,0.0,0.0,0.0,0.0,주거 유출·귀가형,37806.75819672131,0.0018197587841275234,0.008165770518303335
상수,06시이전,0,130.4262295081967,52.557377049180324,0.0,0.0,0.0,0.0,혼합형,23144.745901639344,0.0056352413659014776,0.0022708124458371212
상수,06-07시간대,1,211.85655737704917,163.9016393442623,0.0,0.0,0.0,0.0,혼합형,23144.745901639344,0.009153548640257197,0.007081591651116512
상수,07-08시간대,2,431.3811475409836,264.92622950819674,431.3811475409836,264.92622950819674,0.0,0.0,혼합형,23144.745901639344,0.018638404991537575,0.011446495486884218
상수,08-09시간대,3,581.5737704918033,1008.5122950819672,581.5737704918033,1008.5122950819672,0.0,0.0,혼합형,23144.745901639344,0.025127680077516444,0.04357413554540403
상수,09-10시간대,4,386.23770491803276,1297.545081967213,386.23770491803276,1297.545081967213,0.0,0.0,혼합형,23144.745901639344,0.016687921593931843,0.056062187395857645
상수,10-11시간대,5,286.5245901639344,727.0860655737705,0.0,0.0,0.0,0.0,혼합형,23144.745901639344,0.012379681824186277,0.03141473527787881
상수,11-12시간대,6,303.3155737704918,576.5491803278688,0.0,0.0,0.0,0.0,혼합형,23144.745901639344,0.013105158944475946,0.02491058587456913
상수,12-13시간대,7,412.9139344262295,619.655737704918,0.0,0.0,0.0,0.0,혼합형,23144.745901639344,0.017840504111863366,0.02677306289463423
상수,13-14시간대,8,468.0081967213115,720.7950819672132,0.0,0.0,0.0,0.0,혼합형,23144.745901639344,0.020220926110412058,0.031142924836178875
상수,14-15시간대,9,481.12295081967216,591.1229508196722,0.0,0.0,0.0,0.0,혼합형,23144.745901639344,0.020787566770633426,0.025540265308240124
상수,15-16시간대,10,563.8073770491803,559.7377049180328,0.0,0.0,0.0,0.0,혼합형,23144.745901639344,0.024360059058122812,0.024184223378247872
상수,16-17시간대,11,789.0696721311475,686.2540983606557,0.0,0.0,0.0,0.0,혼합형,23144.745901639344,0.03409282069825004,0.02965053499732085
상수,17-18시간대,12,926.110655737705,879.5983606557377,0.0,0.0,926.110655737705,879.5983606557377,혼합형,23144.745901639344,0.04001386144715067,0.03800423493063433
상수,18-19시간대,13,1151.9590163934427,1334.3688524590164,0.0,0.0,1151.9590163934427,1334.3688524590164,혼합형,23144.745901639344,0.04977194484178153,0.057653208124635445
상수,19-20시간대,14,785.7295081967213,889.6188524590164,0.0,0.0,785.7295081967213,889.6188524590164,혼합형,23144.745901639344,0.03394850440509991,0.038437183810084714
상수,20-21시간대,15,701.610655737705,545.4139344262295,0.0,0.0,0.0,0.0,혼합형,23144.745901639344,0.03031403579539881,0.023565345532162347
상수,21-22시간대,16,799.9713114754098,426.01229508196724,0.0,0.0,0.0,0.0,혼합형,23144.745901639344,0.034563840747059045,0.018406436471259457
상수,22-23시간대,17,805.5,413.1639344262295,0.0,0.0,0.0,0.0,혼합형,23144.745901639344,0.03480271520038362,0.017851305699448837
상수,23-24시간대,18,542.6475409836065,315.4795081967213,0.0,0.0,0.0,0.0,혼합형,23144.745901639344,0.023445819767896902,0.013630718156831262
상수,24시이후,19,150.44672131147541,162.23360655737704,0.0,0.0,0.0,0.0,혼합형,23144.745901639344,0.006500253748770656,0.007009522042144607
상왕십리,06시이전,0,232.6762295081967,32.14754098360656,0.0,0.0,0.0,0.0,주거 유출·귀가형,31942.68852459016,0.007284178015544233,0.0010064131251462662
상왕십리,06-07시간대,1,606.016393442623,242.40983606557376,0.0,0.0,0.0,0.0,주거 유출·귀가형,31942.68852459016,0.018971990819623672,0.00758889897069752
상왕십리,07-08시간대,2,1899.5409836065573,501.7704918032787,1899.5409836065573,501.7704918032787,0.0,0.0,주거 유출·귀가형,31942.68852459016,0.05946716044719436,0.015708461465821985
상왕십리,08-09시간대,3,2936.2254098360654,1316.122950819672,2936.2254098360654,1316.122950819672,0.0,0.0,주거 유출·귀가형,31942.68852459016,0.09192167426908028,0.041202635457766576
상왕십리,09-10시간대,4,1521.8524590163934,708.0450819672132,1521.8524590163934,708.0450819672132,0.0,0.0,주거 유출·귀가형,31942.68852459016,0.04764321756588644,0.02216610794743044
상왕십리,10-11시간대,5,818.8155737704918,492.46311475409834,0.0,0.0,0.0,0.0,주거 유출·귀가형,31942.68852459016,0.02563389656885488,0.01541708408091541
상왕십리,11-12시간대,6,659.266393442623,476.6844262295082,0.0,0.0,0.0,0.0,주거 유출·귀가형,31942.68852459016,0.020639038975542263,0.014923115374666925
상왕십리,12-13시간대,7,686.0245901639345,513.2540983606557,0.0,0.0,0.0,0.0,주거 유출·귀가형,31942.68852459016,0.02147673291920366,0.01606796804112283
상왕십리,13-14시간대,8,659.0,598.311475409836,0.0,0.0,0.0,0.0,주거 유출·귀가형,31942.68852459016,0.02063069924413807,0.01873078012670233
상왕십리,14-15시간대,9,591.5450819672132,625.4426229508197,0.0,0.0,0.0,0.0,주거 유출·귀가형,31942.68852459016,0.018518950949035776,0.0195801496943296
상왕십리,15-16시간대,10,652.0368852459017,786.4713114754098,0.0,0.0,0.0,0.0,주거 유출·귀가형,31942.68852459016,0.020412711495588414,0.024621324872825513
상왕십리,16-17시간대,11,774.0327868852459,987.5204918032787,0.0,0.0,0.0,0.0,주거 유출·귀가형,31942.68852459016,0.024231923568029626,0.030915384315351676
상왕십리,17-18시간대,12,960.2254098360655,1420.438524590164,0.0,0.0,960.2254098360655,1420.438524590164,주거 유출·귀가형,31942.68852459016,0.030060882605321828,0.04446834597208936
상왕십리,18-19시간대,13,1080.8524590163934,2379.094262295082,0.0,0.0,1080.8524590163934,2379.094262295082,주거 유출·귀가형,31942.68852459016,0.03383724128870148,0.07448008831390647
상왕십리,19-20시간대,14,723.483606557377,1519.483606557377,0.0,0.0,723.483606557377,1519.483606557377,주거 유출·귀가형,31942.68852459016,0.02264942745819357,0.047569058108169145
상왕십리,20-21시간대,15,464.75409836065575,940.0409836065573,0.0,0.0,0.0,0.0,주거 유출·귀가형,31942.68852459016,0.014549623711319045,0.02942898757200396
상왕십리,21-22시간대,16,400.7663934426229,847.3975409836065,0.0,0.0,0.0,0.0,주거 유출·귀가형,31942.68852459016,0.012546420228031352,0.02652868559674499
상왕십리,22-23시간대,17,271.73770491803276,809.7540983606557,0.0,0.0,0.0,0.0,주거 유출·귀가형,31942.68852459016,0.00850703924651938,0.025350217397552173
상왕십리,23-24시간대,18,111.51229508196721,460.172131147541,0.0,0.0,0.0,0.0,주거 유출·귀가형,31942.68852459016,0.0034910115657961188,0.014406180331166887
상왕십리,24시이후,19,26.618852459016395,208.68032786885246,0.0,0.0,0.0,0.0,주거 유출·귀가형,31942.68852459016,0.0008333316226191992,0.006532960671366341
상월곡(한국과학기술연구원),06시이전,0,213.29918032786884,17.71311475409836,0.0,0.0,0.0,0.0,주거 유출·귀가형,14472.536885245901,0.014738202570782026,0.0012239122204038796
상월곡(한국과학기술연구원),06-07시간대,1,380.1311475409836,75.61475409836065,0.0,0.0,0.0,0.0,주거 유출·귀가형,14472.536885245901,0.0262656886318604,0.005224706262483012
상월곡(한국과학기술연구원),07-08시간대,2,1071.7090163934427,156.077868852459,1071.7090163934427,156.077868852459,0.0,0.0,주거 유출·귀가형,14472.536885245901,0.07405122024501466,0.010784416725969678
상월곡(한국과학기술연구원),08-09시간대,3,1221.5122950819673,626.7295081967213,1221.5122950819673,626.7295081967213,0.0,0.0,주거 유출·귀가형,14472.536885245901,0.08440208546486719,0.043304744231513675
상월곡(한국과학기술연구원),09-10시간대,4,594.2622950819672,372.5,594.2622950819672,372.5,0.0,0.0,주거 유출·귀가형,14472.536885245901,0.0410613771306253,0.025738403913120923
상월곡(한국과학기술연구원),10-11시간대,5,362.2090163934426,361.0983606557377,0.0,0.0,0.0,0.0,주거 유출·귀가형,14472.536885245901,0.02502733413398299,0.024950591836035405
상월곡(한국과학기술연구원),11-12시간대,6,329.4549180327869,291.58196721311475,0.0,0.0,0.0,0.0,주거 유출·귀가형,14472.536885245901,0.022764144299307423,0.020147260257485984
상월곡(한국과학기술연구원),12-13시간대,7,336.25,253.72540983606558,0.0,0.0,0.0,0.0,주거 유출·귀가형,14472.536885245901,0.02323365990815278,0.017531508943309532
상월곡(한국과학기술연구원),13-14시간대,8,339.5614754098361,296.07377049180326,0.0,0.0,0.0,0.0,주거 유출·귀가형,14472.536885245901,0.0234624708924393,0.02045762763221126
상월곡(한국과학기술연구원),14-15시간대,9,345.4303278688525,262.27868852459017,0.0,0.0,0.0,0.0,주거 유출·귀가형,14472.536885245901,0.02386798738934313,0.01812250959207929
상월곡(한국과학기술연구원),15-16시간대,10,321.54918032786884,346.98770491803276,0.0,0.0,0.0,0.0,주거 유출·귀가형,14472.536885245901,0.022217886392514482,0.02397559651561649
상월곡(한국과학기술연구원),16-17시간대,11,398.5409836065574,403.13524590163934,0.0,0.0,0.0,0.0,주거 유출·귀가형,14472.536885245901,0.02753774177717605,0.027855188699682468
상월곡(한국과학기술연구원),17-18시간대,12,416.1639344262295,556.655737704918,0.0,0.0,416.1639344262295,556.655737704918,주거 유출·귀가형,14472.536885245901,0.028755423995532523,0.03846289991303484
상월곡(한국과학기술연구원),18-19시간대,13,430.9549180327869,834.6967213114754,0.0,0.0,430.9549180327869,834.6967213114754,주거 유출·귀가형,14472.536885245901,0.029777427513218227,0.05767452713576505
상월곡(한국과학기술연구원),19-20시간대,14,260.57377049180326,689.6926229508197,0.0,0.0,260.57377049180326,689.6926229508197,주거 유출·귀가형,14472.536885245901,0.01800470591700108,0.047655267933981234
상월곡(한국과학기술연구원),20-21시간대,15,146.22540983606558,385.7827868852459,0.0,0.0,0.0,0.0,주거 유출·귀가형,14472.536885245901,0.010103647411335036,0.02665619648746821
상월곡(한국과학기술연구원),21-22시간대,16,186.69262295081967,362.6844262295082,0.0,0.0,0.0,0.0,주거 유출·귀가형,14472.536885245901,0.012899785602974995,0.02506018323568749
상월곡(한국과학기술연구원),22-23시간대,17,106.61475409836065,340.8114754098361,0.0,0.0,0.0,0.0,주거 유출·귀가형,14472.536885245901,0.007366694239145425,0.023548841375369237
상월곡(한국과학기술연구원),23-24시간대,18,48.717213114754095,219.54508196721312,0.0,0.0,0.0,0.0,주거 유출·귀가형,14472.536885245901,0.0033661833789775377,0.015169771803520462
상월곡(한국과학기술연구원),24시이후,19,11.114754098360656,98.18442622950819,0.0,0.0,0.0,0.0,주거 유출·귀가형,14472.536885245901,0.000767989343298316,0.006784189047713037
상일동,06시이전,0,421.49590163934425,53.10245901639344,0.0,0.0,0.0,0.0,주거 유출·귀가형,32552.094262295082,0.012948349751111428,0.0016313069932923404
상일동,06-07시간대,1,1445.8852459016393,244.77459016393442,0.0,0.0,0.0,0.0,주거 유출·귀가형,32552.094262295082,0.04441757984144205,0.0075194728852654965
상일동,07-08시간대,2,3411.9754098360654,521.905737704918,3411.9754098360654,521.905737704918,0.0,0.0,주거 유출·귀가형,32552.094262295082,0.10481584939953122,0.016032938879432978
상일동,08-09시간대,3,2546.3319672131147,831.155737704918,2546.3319672131147,831.155737704918,0.0,0.0,주거 유출·귀가형,32552.094262295082,0.07822329177027844,0.025533095689872134
상일동,09-10시간대,4,1323.3196721311476,402.9303278688525,1323.3196721311476,402.9303278688525,0.0,0.0,주거 유출·귀가형,32552.094262295082,0.04065236667933657,0.012378015516364627
상일동,10-11시간대,5,861.2459016393443,337.46311475409834,0.0,0.0,0.0,0.0,주거 유출·귀가형,32552.094262295082,0.02645746521559201,0.010366863404698974
상일동,11-12시간대,6,663.4713114754098,344.672131147541,0.0,0.0,0.0,0.0,주거 유출·귀가형,32552.094262295082,0.020381831845575144,0.010588324313952756
상일동,12-13시간대,7,664.1024590163935,542.0860655737705,0.0,0.0,0.0,0.0,주거 유출·귀가형,32552.094262295082,0.020401220691524596,0.016652878343427074
상일동,13-14시간대,8,599.0409836065573,613.4795081967213,0.0,0.0,0.0,0.0,주거 유출·귀가형,32552.094262295082,0.0184025328379693,0.018846084164462235
상일동,14-15시간대,9,547.7295081967213,585.8319672131148,0.0,0.0,0.0,0.0,주거 유출·귀가형,32552.094262295082,0.016826244842598453,0.017996751990598678
상일동,15-16시간대,10,652.1475409836065,831.0,0.0,0.0,0.0,0.0,주거 유출·귀가형,32552.094262295082,0.020033965732858715,0.02552831142918331
상일동,16-17시간대,11,685.9426229508197,908.0860655737705,0.0,0.0,0.0,0.0,주거 유출·귀가형,32552.094262295082,0.021072150302333798,0.027896394568554743
상일동,17-18시간대,12,824.2622950819672,1477.827868852459,0.0,0.0,824.2622950819672,1477.827868852459,주거 유출·귀가형,32552.094262295082,0.02532132920359308,0.045398856889039524
상일동,18-19시간대,13,877.6762295081967,2407.1393442622953,0.0,0.0,877.6762295081967,2407.1393442622953,주거 유출·귀가형,32552.094262295082,0.02696220471826307,0.07394729582884232
상일동,19-20시간대,14,429.0450819672131,2075.6106557377047,0.0,0.0,429.0450819672131,2075.6106557377047,주거 유출·귀가형,32552.094262295082,0.013180260492922377,0.06376273793670699
상일동,20-21시간대,15,311.25,1057.4877049180327,0.0,0.0,0.0,0.0,주거 유출·귀가형,32552.094262295082,0.009561596789811439,0.03248601138830306
상일동,21-22시간대,16,211.8155737704918,985.5040983606557,0.0,0.0,0.0,0.0,주거 유출·귀가형,32552.094262295082,0.006506972241593582,0.030274675737289192
상일동,22-23시간대,17,152.30737704918033,852.3155737704918,0.0,0.0,0.0,0.0,주거 유출·귀가형,32552.094262295082,0.004678881052074034,0.026183125635567
상일동,23-24시간대,18,69.87704918032787,479.46311475409834,0.0,0.0,0.0,0.0,주거 유출·귀가형,32552.094262295082,0.0021466222301176514,0.01472910194013102
상일동,24시이후,19,24.987704918032787,276.3483606557377,0.0,0.0,0.0,0.0,주거 유출·귀가형,32552.094262295082,0.0007676220373623061,0.00848941878912628
새절(신사),06시이전,0,444.9918032786885,26.18032786885246,0.0,0.0,0.0,0.0,주거 유출·귀가형,27441.72131147541,0.016215885229204065,0.0009540337346806496
새절(신사),06-07시간대,1,905.561475409836,186.39754098360655,0.0,0.0,0.0,0.0,주거 유출·귀가형,27441.72131147541,0.03299944143923486,0.006792487208361087
새절(신사),07-08시간대,2,2430.2131147540986,323.8606557377049,2430.2131147540986,323.8606557377049,0.0,0.0,주거 유출·귀가형,27441.72131147541,0.0885590625737405,0.01180176170662716
새절(신사),08-09시간대,3,2696.0081967213114,616.3196721311475,2696.0081967213114,616.3196721311475,0.0,0.0,주거 유출·귀가형,27441.72131147541,0.09824486467596008,0.022459220583710936
새절(신사),09-10시간대,4,1226.7868852459017,491.21311475409834,1226.7868852459017,491.21311475409834,0.0,0.0,주거 유출·귀가형,27441.72131147541,0.04470517251164166,0.01790022969691358
새절(신사),10-11시간대,5,702.2704918032787,340.3524590163934,0.0,0.0,0.0,0.0,주거 유출·귀가형,27441.72131147541,0.02559134260683595,0.012402737246444775
새절(신사),11-12시간대,6,590.0204918032787,385.12704918032784,0.0,0.0,0.0,0.0,주거 유출·귀가형,27441.72131147541,0.02150085576288349,0.014034361941401898
새절(신사),12-13시간대,7,617.5737704918033,450.1885245901639,0.0,0.0,0.0,0.0,주거 유출·귀가형,27441.72131147541,0.022504921009949552,0.016405258237277807
새절(신사),13-14시간대,8,562.3975409836065,538.9549180327868,0.0,0.0,0.0,0.0,주거 유출·귀가형,27441.72131147541,0.020494251603248612,0.019639982197742458
새절(신사),14-15시간대,9,493.47131147540983,513.5081967213115,0.0,0.0,0.0,0.0,주거 유출·귀가형,27441.72131147541,0.01798252033370272,0.018712681718933418
새절(신사),15-16시간대,10,555.1188524590164,741.9098360655738,0.0,0.0,0.0,0.0,주거 유출·귀가형,27441.72131147541,0.020229009913706842,0.027035834510691813
새절(신사),16-17시간대,11,711.7459016393443,826.594262295082,0.0,0.0,0.0,0.0,주거 유출·귀가형,27441.72131147541,0.02593663471619438,0.03012180806418371
새절(신사),17-18시간대,12,649.9016393442623,1224.0737704918033,0.0,0.0,649.9016393442623,1224.0737704918033,주거 유출·귀가형,27441.72131147541,0.02368297644187832,0.04460630426925616
새절(신사),18-19시간대,13,577.233606557377,2034.4590163934427,0.0,0.0,577.233606557377,2034.4590163934427,주거 유출·귀가형,27441.72131147541,0.021034890632607404,0.07413744179169567
새절(신사),19-20시간대,14,348.8360655737705,1589.172131147541,0.0,0.0,348.8360655737705,1589.172131147541,주거 유출·귀가형,27441.72131147541,0.01271188718864718,0.05791080352102369
새절(신사),20-21시간대,15,227.29918032786884,901.1352459016393,0.0,0.0,0.0,0.0,주거 유출·귀가형,27441.72131147541,0.008282978234051896,0.03283814581721622
새절(신사),21-22시간대,16,197.65983606557376,760.905737704918,0.0,0.0,0.0,0.0,주거 유출·귀가형,27441.72131147541,0.0072028949577196385,0.02772806155518849
새절(신사),22-23시간대,17,149.00819672131146,696.2172131147541,0.0,0.0,0.0,0.0,주거 유출·귀가형,27441.72131147541,0.005429987245698036,0.025370755908945636
새절(신사),23-24시간대,18,65.64344262295081,440.87704918032784,0.0,0.0,0.0,0.0,주거 유출·귀가형,27441.72131147541,0.0023921036832153983,0.016065940039845992
새절(신사),24시이후,19,16.17622950819672,186.35655737704917,0.0,0.0,0.0,0.0,주거 유출·귀가형,27441.72131147541,0.0005894757593588797,0.006790993730379433
서대문,06시이전,0,113.97131147540983,38.35245901639344,0.0,0.0,0.0,0.0,업무 유입형,46942.71721311475,0.002427880579600722,0.0008170055184977365
서대문,06-07시간대,1,267.67622950819674,781.438524590164,0.0,0.0,0.0,0.0,업무 유입형,46942.71721311475,0.005702188654588873,0.016646640224137844
서대문,07-08시간대,2,875.8237704918033,3185.7377049180327,875.8237704918033,3185.7377049180327,0.0,0.0,업무 유입형,46942.71721311475,0.018657287487549135,0.06786436521037194
서대문,08-09시간대,3,1037.7909836065573,7966.5901639344265,1037.7909836065573,7966.5901639344265,0.0,0.0,업무 유입형,46942.71721311475,0.022107603590459005,0.16970875647796413
서대문,09-10시간대,4,723.5245901639345,2176.0696721311474,723.5245901639345,2176.0696721311474,0.0,0.0,업무 유입형,46942.71721311475,0.015412925222867111,0.04635585243717426
서대문,10-11시간대,5,702.25,942.9344262295082,0.0,0.0,0.0,0.0,업무 유입형,46942.71721311475,0.014959722012082568,0.020086916186566064
서대문,11-12시간대,6,805.4877049180328,822.8073770491803,0.0,0.0,0.0,0.0,업무 유입형,46942.71721311475,0.017158949305409985,0.01752790264171811
서대문,12-13시간대,7,814.0040983606557,754.360655737705,0.0,0.0,0.0,0.0,업무 유입형,46942.71721311475,0.017340370278634852,0.016069812327074953
서대문,13-14시간대,8,792.2049180327868,928.0409836065573,0.0,0.0,0.0,0.0,업무 유입형,46942.71721311475,0.01687599195496639,0.019769647747346065
서대문,14-15시간대,9,945.4549180327868,726.0040983606557,0.0,0.0,0.0,0.0,업무 유입형,46942.71721311475,0.02014060911175052,0.015465745092357505
서대문,15-16시간대,10,1279.1844262295083,632.5368852459017,0.0,0.0,0.0,0.0,업무 유입형,46942.71721311475,0.027249901628449674,0.013474654276493072
서대문,16-17시간대,11,1771.1188524590164,637.8565573770492,0.0,0.0,0.0,0.0,업무 유입형,46942.71721311475,0.03772936373534434,0.01358797690558156
서대문,17-18시간대,12,3252.19262295082,838.889344262295,0.0,0.0,3252.19262295082,838.889344262295,업무 유입형,46942.71721311475,0.06928002501828398,0.01787048969606574
서대문,18-19시간대,13,5481.4098360655735,1169.6475409836066,0.0,0.0,5481.4098360655735,1169.6475409836066,업무 유입형,46942.71721311475,0.11676805607951023,0.024916485674945827
서대문,19-20시간대,14,1433.9344262295083,628.4508196721312,0.0,0.0,1433.9344262295083,628.4508196721312,업무 유입형,46942.71721311475,0.03054647262363626,0.013387610623795674
서대문,20-21시간대,15,1135.3196721311476,393.37704918032784,0.0,0.0,0.0,0.0,업무 유입형,46942.71721311475,0.024185214225604403,0.008379937773828462
서대문,21-22시간대,16,1003.860655737705,398.6967213114754,0.0,0.0,0.0,0.0,업무 유입형,46942.71721311475,0.021384800781349925,0.008493260402916949
서대문,22-23시간대,17,664.3770491803278,312.88524590163934,0.0,0.0,0.0,0.0,업무 유입형,46942.71721311475,0.014152931245205287,0.006665256390702201
서대문,23-24시간대,18,238.4139344262295,177.14344262295083,0.0,0.0,0.0,0.0,업무 유입형,46942.71721311475,0.005078826889032788,0.0037736086264188577
서대문,24시이후,19,27.672131147540984,65.22540983606558,0.0,0.0,0.0,0.0,업무 유입형,46942.71721311475,0.0005894872046267063,0.0013894681370903482
서울대입구(관악구청),06시이전,0,1286.327868852459,100.8811475409836,0.0,0.0,0.0,0.0,주거 유출·귀가형,100987.90163934426,0.01273744525801013,0.0009989429021038392
서울대입구(관악구청),06-07시간대,1,1847.045081967213,529.2991803278688,0.0,0.0,0.0,0.0,주거 유출·귀가형,100987.90163934426,0.018289765922293564,0.005241213766557331
서울대입구(관악구청),07-08시간대,2,5662.356557377049,1133.200819672131,5662.356557377049,1133.200819672131,0.0,0.0,주거 유출·귀가형,100987.90163934426,0.05606965255698541,0.011221154230128523
서울대입구(관악구청),08-09시간대,3,7716.418032786885,3017.5204918032787,7716.418032786885,3017.5204918032787,0.0,0.0,주거 유출·귀가형,100987.90163934426,0.07640933129142884,0.029880019713447253
서울대입구(관악구청),09-10시간대,4,4762.889344262295,2552.0450819672133,4762.889344262295,2552.0450819672133,0.0,0.0,주거 유출·귀가형,100987.90163934426,0.047162969691873495,0.025270800170512232
서울대입구(관악구청),10-11시간대,5,2424.3565573770493,1964.22131147541,0.0,0.0,0.0,0.0,주거 유출·귀가형,100987.90163934426,0.024006405896372592,0.019450065597859313
서울대입구(관악구청),11-12시간대,6,1907.389344262295,1598.3073770491803,0.0,0.0,0.0,0.0,주거 유출·귀가형,100987.90163934426,0.018887305442528257,0.015826721331008323
서울대입구(관악구청),12-13시간대,7,2144.372950819672,1671.688524590164,0.0,0.0,0.0,0.0,주거 유출·귀가형,100987.90163934426,0.02123395888032035,0.016553354386550444
서울대입구(관악구청),13-14시간대,8,2222.5,1824.8688524590164,0.0,0.0,0.0,0.0,주거 유출·귀가형,100987.90163934426,0.022007586690306356,0.018070172989395582
서울대입구(관악구청),14-15시간대,9,1982.6352459016393,1899.2090163934427,0.0,0.0,0.0,0.0,주거 유출·귀가형,100987.90163934426,0.01963240362179401,0.01880630239428128
서울대입구(관악구청),15-16시간대,10,2217.7377049180327,2281.94262295082,0.0,0.0,0.0,0.0,주거 유출·귀가형,100987.90163934426,0.02196042960510446,0.0225961980188505
서울대입구(관악구청),16-17시간대,11,2529.934426229508,2698.4467213114754,0.0,0.0,0.0,0.0,주거 유출·귀가형,100987.90163934426,0.025051856560646284,0.026720495004920245
서울대입구(관악구청),17-18시간대,12,3078.0450819672133,3986.532786885246,0.0,0.0,3078.0450819672133,3986.532786885246,주거 유출·귀가형,100987.90163934426,0.030479344872020055,0.03947535023672695
서울대입구(관악구청),18-19시간대,13,3643.6475409836066,6933.389344262295,0.0,0.0,3643.6475409836066,6933.389344262295,주거 유출·귀가형,100987.90163934426,0.03608004010219046,0.06865564321777223
서울대입구(관악구청),19-20시간대,14,2068.627049180328,5573.63524590164,0.0,0.0,2068.627049180328,5573.63524590164,주거 유출·귀가형,100987.90163934426,0.020483909612935294,0.05519111849463546
서울대입구(관악구청),20-21시간대,15,1725.3975409836066,3278.061475409836,0.0,0.0,0.0,0.0,주거 유출·귀가형,100987.90163934426,0.0170851905324806,0.03245994245049967
서울대입구(관악구청),21-22시간대,16,1746.0696721311476,2972.3606557377047,0.0,0.0,0.0,0.0,주거 유출·귀가형,100987.90163934426,0.01728988961833117,0.029432839057819293
서울대입구(관악구청),22-23시간대,17,1476.954918032787,3004.8360655737706,0.0,0.0,0.0,0.0,주거 유출·귀가형,100987.90163934426,0.01462506789483954,0.029754416289437043
서울대입구(관악구청),23-24시간대,18,811.8196721311475,1718.372950819672,0.0,0.0,0.0,0.0,주거 유출·귀가형,100987.90163934426,0.008038781467411613,0.017015631802673327
서울대입구(관악구청),24시이후,19,195.827868852459,798.7295081967213,0.0,0.0,0.0,0.0,주거 유출·귀가형,100987.90163934426,0.0019391220698080699,0.007909160357140654
서울역,06시이전,0,594.4016393442623,384.12704918032784,0.0,0.0,0.0,0.0,업무 유입형,189242.45901639343,0.0031409528413112162,0.0020298142984236547
서울역,06-07시간대,1,1411.5368852459017,2802.1147540983607,0.0,0.0,0.0,0.0,업무 유입형,189242.45901639343,0.0074588804889901845,0.014807008790007441
서울역,07-08시간대,2,4557.520491803279,7146.688524590164,4557.520491803279,7146.688524590164,0.0,0.0,업무 유입형,189242.45901639343,0.024082970151050914,0.03776472025218754
서울역,08-09시간대,3,6986.303278688524,15140.790983606557,6986.303278688524,15140.790983606557,0.0,0.0,업무 유입형,189242.45901639343,0.036917208299873785,0.08000736759764342
서울역,09-10시간대,4,4687.4672131147545,9178.918032786885,4687.4672131147545,9178.918032786885,0.0,0.0,업무 유입형,189242.45901639343,0.02476963804781619,0.048503481092431515
서울역,10-11시간대,5,3616.4918032786886,4522.122950819672,0.0,0.0,0.0,0.0,업무 유입형,189242.45901639343,0.01911036150172517,0.023895921530104065
서울역,11-12시간대,6,4059.094262295082,4133.454918032787,0.0,0.0,0.0,0.0,업무 유입형,189242.45901639343,0.021449173105193356,0.02184211164617513
서울역,12-13시간대,7,4467.315573770492,4413.647540983607,0.0,0.0,0.0,0.0,업무 유입형,189242.45901639343,0.02360630694078808,0.02332271290451403
서울역,13-14시간대,8,4260.4098360655735,4358.008196721312,0.0,0.0,0.0,0.0,업무 유입형,189242.45901639343,0.022512970177038908,0.023028702012077493
서울역,14-15시간대,9,3876.6065573770493,4020.1106557377047,0.0,0.0,0.0,0.0,업무 유입형,189242.45901639343,0.020484866755199116,0.021243174901830336
서울역,15-16시간대,10,4864.147540983607,4683.889344262295,0.0,0.0,0.0,0.0,업무 유입형,189242.45901639343,0.025703256902629035,0.024750731778731248
서울역,16-17시간대,11,5893.75,5299.602459016393,0.0,0.0,0.0,0.0,업무 유입형,189242.45901639343,0.03114390940930145,0.028004299281258582
서울역,17-18시간대,12,10624.901639344262,6630.401639344263,0.0,0.0,10624.901639344262,6630.401639344263,업무 유입형,189242.45901639343,0.056144385855945056,0.035036543457564635
서울역,18-19시간대,13,13276.139344262296,8239.967213114754,0.0,0.0,13276.139344262296,8239.967213114754,업무 유입형,189242.45901639343,0.07015412615787363,0.04354185237257435
서울역,19-20시간대,14,6094.25,5184.065573770492,0.0,0.0,6094.25,5184.065573770492,업무 유입형,189242.45901639343,0.03220339680468893,0.027393776220807898
서울역,20-21시간대,15,4203.63524590164,3513.55737704918,0.0,0.0,0.0,0.0,업무 유입형,189242.45901639343,0.022212960388226052,0.018566432688051325
서울역,21-22시간대,16,4167.274590163935,3318.5819672131147,0.0,0.0,0.0,0.0,업무 유입형,189242.45901639343,0.022020822450858863,0.017536138477917566
서울역,22-23시간대,17,2687.504098360656,2567.3032786885246,0.0,0.0,0.0,0.0,업무 유입형,189242.45901639343,0.014201380135986536,0.013566211790062017
서울역,23-24시간대,18,1414.2377049180327,1295.782786885246,0.0,0.0,0.0,0.0,업무 유입형,189242.45901639343,0.007473152231632765,0.006847209625261722
서울역,24시이후,19,229.52868852459017,436.80737704918033,0.0,0.0,0.0,0.0,업무 유입형,189242.45901639343,0.0012128815579631994,0.0023081890782836486
서초,06시이전,0,68.38934426229508,192.55737704918033,0.0,0.0,0.0,0.0,업무 유입형,48497.12295081967,0.0014101732247425865,0.003970490728789218
서초,06-07시간대,1,392.6885245901639,918.6639344262295,0.0,0.0,0.0,0.0,업무 유입형,48497.12295081967,0.008097150937971816,0.018942648110442245
서초,07-08시간대,2,800.1024590163935,2275.9303278688526,800.1024590163935,2275.9303278688526,0.0,0.0,업무 유입형,48497.12295081967,0.016497936585388114,0.04692918238009387
서초,08-09시간대,3,1206.954918032787,5261.012295081967,1206.954918032787,5261.012295081967,0.0,0.0,업무 유입형,48497.12295081967,0.024887144733446248,0.10848091546414194
서초,09-10시간대,4,1021.6188524590164,3575.934426229508,1021.6188524590164,3575.934426229508,0.0,0.0,업무 유입형,48497.12295081967,0.021065555857716082,0.07373498072980161
서초,10-11시간대,5,785.9590163934427,1755.532786885246,0.0,0.0,0.0,0.0,업무 유입형,48497.12295081967,0.016206301911774725,0.036198699635553847
서초,11-12시간대,6,876.3852459016393,1071.704918032787,0.0,0.0,0.0,0.0,업무 유입형,48497.12295081967,0.018070870859501723,0.02209831950484134
서초,12-13시간대,7,901.7213114754098,929.5655737704918,0.0,0.0,0.0,0.0,업무 유입형,48497.12295081967,0.01859329495462719,0.019167437514038776
서초,13-14시간대,8,1075.282786885246,976.6844262295082,0.0,0.0,0.0,0.0,업무 유입형,48497.12295081967,0.022172094373014185,0.020139017879884376
서초,14-15시간대,9,1303.7622950819673,847.8319672131148,0.0,0.0,0.0,0.0,업무 유입형,48497.12295081967,0.026883291538842342,0.017482108538126904
서초,15-16시간대,10,1689.5860655737704,791.7049180327868,0.0,0.0,0.0,0.0,업무 유입형,48497.12295081967,0.03483889275838401,0.016324781138783117
서초,16-17시간대,11,1934.282786885246,843.3319672131148,0.0,0.0,0.0,0.0,업무 유입형,48497.12295081967,0.039884485288885656,0.017389319528672398
서초,17-18시간대,12,3217.4836065573772,1047.766393442623,0.0,0.0,3217.4836065573772,1047.766393442623,업무 유입형,48497.12295081967,0.06634380373079425,0.021604712397169414
서초,18-19시간대,13,4124.483606557377,1169.2868852459017,0.0,0.0,4124.483606557377,1169.2868852459017,업무 유입형,48497.12295081967,0.08504594408084712,0.02411043818891403
서초,19-20시간대,14,1685.7254098360656,803.9672131147541,0.0,0.0,1685.7254098360656,803.9672131147541,업무 유입형,48497.12295081967,0.034759286886884795,0.016577626964181923
서초,20-21시간대,15,1208.4139344262296,465.54918032786884,0.0,0.0,0.0,0.0,업무 유입형,48497.12295081967,0.024917229330318567,0.009599521621106812
서초,21-22시간대,16,1189.4426229508197,418.12295081967216,0.0,0.0,0.0,0.0,업무 유입형,48497.12295081967,0.024526045063683853,0.008621603208167327
서초,22-23시간대,17,682.2459016393443,410.1024590163934,0.0,0.0,0.0,0.0,업무 유입형,48497.12295081967,0.014067760315002632,0.008456222432664164
서초,23-24시간대,18,236.23360655737704,214.9344262295082,0.0,0.0,0.0,0.0,업무 유입형,48497.12295081967,0.004871084967183283,0.004431900557224199
서초,24시이후,19,51.549180327868854,74.62704918032787,0.0,0.0,0.0,0.0,업무 유입형,48497.12295081967,0.0010629327512921588,0.0015387933271012021
석계,06시이전,0,390.62295081967216,75.37704918032787,0.0,0.0,0.0,0.0,주거 유출·귀가형,28077.930327868853,0.013912099156110445,0.00268456571763454
석계,06-07시간대,1,839.0040983606557,237.40983606557376,0.0,0.0,0.0,0.0,주거 유출·귀가형,28077.930327868853,0.029881265768648878,0.008455389456890694
석계,07-08시간대,2,2181.4795081967213,351.577868852459,2181.4795081967213,351.577868852459,0.0,0.0,주거 유출·귀가형,28077.930327868853,0.0776937431898777,0.012521502288347055
석계,08-09시간대,3,2314.2049180327867,638.5204918032787,2314.2049180327867,638.5204918032787,0.0,0.0,주거 유출·귀가형,28077.930327868853,0.08242077998661511,0.022741009908750748
석계,09-10시간대,4,1129.795081967213,440.6106557377049,1129.795081967213,440.6106557377049,0.0,0.0,주거 유출·귀가형,28077.930327868853,0.040237833372135365,0.015692419298454316
석계,10-11시간대,5,715.1434426229508,388.7663934426229,0.0,0.0,0.0,0.0,주거 유출·귀가형,28077.930327868853,0.025469948613453627,0.013845977566827688
석계,11-12시간대,6,600.7254098360655,478.8155737704918,0.0,0.0,0.0,0.0,주거 유출·귀가형,28077.930327868853,0.021394931991828944,0.017053093592701227
석계,12-13시간대,7,631.8647540983607,504.4672131147541,0.0,0.0,0.0,0.0,주거 유출·귀가형,28077.930327868853,0.022503964740990933,0.017966680849479968
석계,13-14시간대,8,611.8852459016393,542.1475409836065,0.0,0.0,0.0,0.0,주거 유출·귀가형,28077.930327868853,0.02179239134639174,0.019308671780750734
석계,14-15시간대,9,549.4713114754098,558.5040983606557,0.0,0.0,0.0,0.0,주거 유출·귀가형,28077.930327868853,0.01956950904355048,0.01989121319979594
석계,15-16시간대,10,557.938524590164,723.1311475409836,0.0,0.0,0.0,0.0,주거 유출·귀가형,28077.930327868853,0.01987107019908729,0.025754432007520055
석계,16-17시간대,11,616.6065573770492,980.8852459016393,0.0,0.0,0.0,0.0,주거 유출·귀가형,28077.930327868853,0.021960541613177023,0.03493438563482929
석계,17-18시간대,12,699.6639344262295,1249.9795081967213,0.0,0.0,699.6639344262295,1249.9795081967213,주거 유출·귀가형,28077.930327868853,0.02491864344188416,0.04451822102272437
석계,18-19시간대,13,624.9303278688525,2184.25,0.0,0.0,624.9303278688525,2184.25,주거 유출·귀가형,28077.930327868853,0.022256994036650043,0.07779241470059546
석계,19-20시간대,14,434.47131147540983,1690.8155737704917,0.0,0.0,434.47131147540983,1690.8155737704917,주거 유출·귀가형,28077.930327868853,0.015473765566124143,0.060218668328707495
석계,20-21시간대,15,301.3975409836066,938.1598360655738,0.0,0.0,0.0,0.0,주거 유출·귀가형,28077.930327868853,0.010734321848660381,0.0334127132986864
석계,21-22시간대,16,292.23770491803276,800.3934426229508,0.0,0.0,0.0,0.0,주거 유출·귀가형,28077.930327868853,0.010408092815444133,0.02850614106085011
석계,22-23시간대,17,243.94262295081967,754.8319672131148,0.0,0.0,0.0,0.0,주거 유출·귀가형,28077.930327868853,0.008688055711452975,0.026883461793617443
석계,23-24시간대,18,136.68032786885246,451.50409836065575,0.0,0.0,0.0,0.0,주거 유출·귀가형,28077.930327868853,0.004867891837924745,0.016080391007755785
석계,24시이후,19,37.15983606557377,178.55737704918033,0.0,0.0,0.0,0.0,주거 유출·귀가형,28077.930327868853,0.0013234535320678761,0.006359349673004657
석촌,06시이전,0,98.10245901639344,34.290983606557376,0.0,0.0,0.0,0.0,혼합형,20647.22131147541,0.0047513637567235065,0.0016608037996618447
석촌,06-07시간대,1,243.36475409836066,178.4672131147541,0.0,0.0,0.0,0.0,혼합형,20647.22131147541,0.011786804162509861,0.008643643152871363
석촌,07-08시간대,2,732.5573770491803,415.86475409836066,732.5573770491803,415.86475409836066,0.0,0.0,혼합형,20647.22131147541,0.03547970770488309,0.020141439268015662
석촌,08-09시간대,3,1057.3852459016393,1048.3565573770493,1057.3852459016393,1048.3565573770493,0.0,0.0,혼합형,20647.22131147541,0.05121198779973172,0.05077470433246089
석촌,09-10시간대,4,554.1967213114754,815.7745901639345,554.1967213114754,815.7745901639345,0.0,0.0,혼합형,20647.22131147541,0.02684122541000039,0.0395101392994969
석촌,10-11시간대,5,401.49590163934425,509.6516393442623,0.0,0.0,0.0,0.0,혼합형,20647.22131147541,0.01944551741769722,0.024683788276198007
석촌,11-12시간대,6,414.3155737704918,509.344262295082,0.0,0.0,0.0,0.0,혼합형,20647.22131147541,0.02006640833264191,0.02466890118584607
석촌,12-13시간대,7,454.3975409836066,494.1639344262295,0.0,0.0,0.0,0.0,혼합형,20647.22131147541,0.02200768491453421,0.023933677416998516
석촌,13-14시간대,8,438.4672131147541,565.7090163934427,0.0,0.0,0.0,0.0,혼합형,20647.22131147541,0.021236136645227933,0.02739879656731486
석촌,14-15시간대,9,463.2049180327869,522.3155737704918,0.0,0.0,0.0,0.0,혼합형,20647.22131147541,0.022434249676751648,0.02529713639869772
석촌,15-16시간대,10,518.2418032786885,588.7704918032787,0.0,0.0,0.0,0.0,혼합형,20647.22131147541,0.025099832827900074,0.02851572533278602
석촌,16-17시간대,11,566.7377049180328,652.1926229508197,0.0,0.0,0.0,0.0,혼합형,20647.22131147541,0.027448618696359336,0.03158742830873523
석촌,17-18시간대,12,767.0532786885246,928.8852459016393,0.0,0.0,767.0532786885246,928.8852459016393,혼합형,20647.22131147541,0.037150436231446225,0.044988390054470875
석촌,18-19시간대,13,934.7459016393443,1314.8319672131147,0.0,0.0,934.7459016393443,1314.8319672131147,혼합형,20647.22131147541,0.04527223724384777,0.06368081919489821
석촌,19-20시간대,14,502.6311475409836,875.6598360655738,0.0,0.0,502.6311475409836,875.6598360655738,혼합형,20647.22131147541,0.024343767132559813,0.04241054148912985
석촌,20-21시간대,15,445.97131147540983,482.4795081967213,0.0,0.0,0.0,0.0,혼합형,20647.22131147541,0.02159958014435317,0.023367769489086972
석촌,21-22시간대,16,478.0245901639344,396.23770491803276,0.0,0.0,0.0,0.0,혼합형,20647.22131147541,0.02315200592625293,0.01919084892541012
석촌,22-23시간대,17,398.77868852459017,344.8606557377049,0.0,0.0,0.0,0.0,혼합형,20647.22131147541,0.019313915538986114,0.01670252139671873
석촌,23-24시간대,18,159.79918032786884,198.94672131147541,0.0,0.0,0.0,0.0,혼합형,20647.22131147541,0.007739500532163856,0.009635520359386272
석촌,24시이후,19,47.467213114754095,93.47950819672131,0.0,0.0,0.0,0.0,혼합형,20647.22131147541,0.0022989637394147827,0.004527461917830407
선릉,06시이전,0,171.5983606557377,268.32377049180326,0.0,0.0,0.0,0.0,업무 유입형,125904.29918032787,0.0013629269355605086,0.002131172424124243
선릉,06-07시간대,1,445.1516393442623,1922.7581967213114,0.0,0.0,0.0,0.0,업무 유입형,125904.29918032787,0.003535634940524857,0.015271584919967022
선릉,07-08시간대,2,980.2377049180328,5908.184426229508,980.2377049180328,5908.184426229508,0.0,0.0,업무 유입형,125904.29918032787,0.007785577707033468,0.0469259943043521
선릉,08-09시간대,3,1556.0655737704917,13348.08606557377,1556.0655737704917,13348.08606557377,0.0,0.0,업무 유입형,125904.29918032787,0.012359113897626315,0.10601771466481714
선릉,09-10시간대,4,1443.0860655737704,9632.323770491803,1443.0860655737704,9632.323770491803,0.0,0.0,업무 유입형,125904.29918032787,0.01146176957394357,0.07650512201093147
선릉,10-11시간대,5,1550.3155737704917,4241.290983606557,0.0,0.0,0.0,0.0,업무 유입형,125904.29918032787,0.012313444289539585,0.03368662556575546
선릉,11-12시간대,6,1947.938524590164,2685.032786885246,0.0,0.0,0.0,0.0,업무 유입형,125904.29918032787,0.015471580694795869,0.02132598175253394
선릉,12-13시간대,7,2279.348360655738,2450.25,0.0,0.0,0.0,0.0,업무 유입형,125904.29918032787,0.018103816752048436,0.01946120995034968
선릉,13-14시간대,8,2618.5696721311474,2781.8852459016393,0.0,0.0,0.0,0.0,업무 유입형,125904.29918032787,0.020798095769396015,0.022095236334362597
선릉,14-15시간대,9,3075.55737704918,2200.098360655738,0.0,0.0,0.0,0.0,업무 유입형,125904.29918032787,0.024427739140537034,0.017474370414505242
선릉,15-16시간대,10,4204.008196721312,2004.6803278688524,0.0,0.0,0.0,0.0,업무 유입형,125904.29918032787,0.03339050551959368,0.015922254767469265
선릉,16-17시간대,11,5574.352459016393,1992.5122950819673,0.0,0.0,0.0,0.0,업무 유입형,125904.29918032787,0.04427452037227469,0.015825609673806047
선릉,17-18시간대,12,9535.75,2337.594262295082,0.0,0.0,9535.75,2337.594262295082,업무 유입형,125904.29918032787,0.07573808092400652,0.01856643718692271
선릉,18-19시간대,13,13243.459016393443,2536.8852459016393,0.0,0.0,13243.459016393443,2536.8852459016393,업무 유입형,125904.29918032787,0.10518671008545424,0.02014931390284105
선릉,19-20시간대,14,6438.356557377049,1567.4262295081967,0.0,0.0,6438.356557377049,1567.4262295081967,업무 유입형,125904.29918032787,0.05113690794748509,0.012449346366347924
선릉,20-21시간대,15,4097.741803278688,928.6229508196722,0.0,0.0,0.0,0.0,업무 유입형,125904.29918032787,0.0325464803819737,0.007375625430309105
선릉,21-22시간대,16,3650.8360655737706,793.5901639344262,0.0,0.0,0.0,0.0,업무 유입형,125904.29918032787,0.028996913444113762,0.006303122046672906
선릉,22-23시간대,17,2890.0204918032787,701.311475409836,0.0,0.0,0.0,0.0,업무 유입형,125904.29918032787,0.022954104908395653,0.005570194822381519
선릉,23-24시간대,18,1066.2540983606557,408.03688524590166,0.0,0.0,0.0,0.0,업무 유입형,125904.29918032787,0.008468766398782785,0.003240849501584423
선릉,24시이후,19,204.50819672131146,222.25,0.0,0.0,0.0,0.0,업무 유입형,125904.29918032787,0.001624314642571516,0.0017652296343088323
성수,06시이전,0,196.53688524590163,211.90983606557376,0.0,0.0,0.0,0.0,업무 유입형,112087.83606557378,0.0017534184987827168,0.0018905694275478918
성수,06-07시간대,1,333.87295081967216,1495.8032786885246,0.0,0.0,0.0,0.0,업무 유입형,112087.83606557378,0.00297867246383764,0.013344920655024937
성수,07-08시간대,2,907.9139344262295,3460.2049180327867,907.9139344262295,3460.2049180327867,0.0,0.0,업무 유입형,112087.83606557378,0.008100021967549453,0.030870476578818893
성수,08-09시간대,3,1177.8155737704917,11774.852459016394,1177.8155737704917,11774.852459016394,0.0,0.0,업무 유입형,112087.83606557378,0.010507969598783622,0.10505022554033298
성수,09-10시간대,4,925.4344262295082,7361.622950819672,925.4344262295082,7361.622950819672,0.0,0.0,업무 유입형,112087.83606557378,0.008256332343574813,0.0656772689100088
성수,10-11시간대,5,839.6352459016393,3961.2663934426228,0.0,0.0,0.0,0.0,업무 유입형,112087.83606557378,0.007490868548933666,0.035340733950160276
성수,11-12시간대,6,1037.0737704918033,3220.032786885246,0.0,0.0,0.0,0.0,업무 유입형,112087.83606557378,0.009252331090459209,0.02872776297511407
성수,12-13시간대,7,1387.72131147541,3181.4918032786886,0.0,0.0,0.0,0.0,업무 유입형,112087.83606557378,0.012380659313144055,0.02838391671168893
성수,13-14시간대,8,1870.700819672131,3283.098360655738,0.0,0.0,0.0,0.0,업무 유입형,112087.83606557378,0.016689597063661136,0.029290407201144068
성수,14-15시간대,9,2349.1311475409834,3098.6762295081967,0.0,0.0,0.0,0.0,업무 유입형,112087.83606557378,0.0209579489621576,0.027645071385760403
성수,15-16시간대,10,3038.44262295082,3049.7418032786886,0.0,0.0,0.0,0.0,업무 유입형,112087.83606557378,0.02710769276670901,0.027208499247808875
성수,16-17시간대,11,4096.795081967213,2983.5368852459014,0.0,0.0,0.0,0.0,업무 유입형,112087.83606557378,0.0365498632658989,0.026617847127501586
성수,17-18시간대,12,6834.368852459016,3076.3319672131147,0.0,0.0,6834.368852459016,3076.3319672131147,업무 유입형,112087.83606557378,0.06097333209698833,0.027445725381060927
성수,18-19시간대,13,11591.819672131147,3334.5532786885246,0.0,0.0,11591.819672131147,3334.5532786885246,업무 유입형,112087.83606557378,0.10341728486353939,0.02974946609494486
성수,19-20시간대,14,5883.016393442623,1929.7581967213114,0.0,0.0,5883.016393442623,1929.7581967213114,업무 유입형,112087.83606557378,0.05248577008838794,0.01721648186331621
성수,20-21시간대,15,4360.680327868852,926.9672131147541,0.0,0.0,0.0,0.0,업무 유입형,112087.83606557378,0.03890413519374003,0.008270007216237617
성수,21-22시간대,16,3671.3565573770493,656.7131147540983,0.0,0.0,0.0,0.0,업무 유입형,112087.83606557378,0.03275428169769668,0.005858915095567615
성수,22-23시간대,17,2408.3565573770493,537.0040983606557,0.0,0.0,0.0,0.0,업무 유입형,112087.83606557378,0.021486332878869294,0.00479092216613493
성수,23-24시간대,18,885.6311475409836,327.7336065573771,0.0,0.0,0.0,0.0,업무 유입형,112087.83606557378,0.007901224420309716,0.0029238998455251284
성수,24시이후,19,168.44262295081967,251.79098360655738,0.0,0.0,0.0,0.0,업무 유입형,112087.83606557378,0.0015027734396824035,0.0022463720635953243
성신여대입구(돈암),06시이전,0,232.14344262295083,63.36065573770492,0.0,0.0,0.0,0.0,주거 유출·귀가형,48326.36885245902,0.00480365995077527,0.001311099038521718
성신여대입구(돈암),06-07시간대,1,810.061475409836,271.4590163934426,0.0,0.0,0.0,0.0,주거 유출·귀가형,48326.36885245902,0.016762307921022648,0.005617202840590201
성신여대입구(돈암),07-08시간대,2,2126.598360655738,726.405737704918,2126.598360655738,726.405737704918,0.0,0.0,주거 유출·귀가형,48326.36885245902,0.044004927561354094,0.015031250121908464
성신여대입구(돈암),08-09시간대,3,2359.5122950819673,1789.327868852459,2359.5122950819673,1789.327868852459,0.0,0.0,주거 유출·귀가형,48326.36885245902,0.048824531019195476,0.037025911760829755
성신여대입구(돈암),09-10시간대,4,1480.4139344262296,1174.282786885246,1480.4139344262296,1174.282786885246,0.0,0.0,주거 유출·귀가형,48326.36885245902,0.03063366790387151,0.02429900724530629
성신여대입구(돈암),10-11시간대,5,1077.049180327869,878.9918032786885,0.0,0.0,0.0,0.0,주거 유출·귀가형,48326.36885245902,0.022286987537096216,0.01818865816221908
성신여대입구(돈암),11-12시간대,6,1069.4754098360656,1192.5737704918033,0.0,0.0,0.0,0.0,주거 유출·귀가형,48326.36885245902,0.022130266254871887,0.024677495926349137
성신여대입구(돈암),12-13시간대,7,1195.3483606557377,1008.0655737704918,0.0,0.0,0.0,0.0,주거 유출·귀가형,48326.36885245902,0.024734909512964868,0.020859534819347342
성신여대입구(돈암),13-14시간대,8,1206.1516393442623,1075.6926229508197,0.0,0.0,0.0,0.0,주거 유출·귀가형,48326.36885245902,0.02495845783544503,0.02225891678795322
성신여대입구(돈암),14-15시간대,9,1259.9590163934427,1188.6188524590164,0.0,0.0,0.0,0.0,주거 유출·귀가형,48326.36885245902,0.026071874347524695,0.024595658243802342
성신여대입구(돈암),15-16시간대,10,1346.7581967213114,1195.52868852459,0.0,0.0,0.0,0.0,주거 유출·귀가형,48326.36885245902,0.027867978263233065,0.024738640972065445
성신여대입구(돈암),16-17시간대,11,1565.7540983606557,1488.295081967213,0.0,0.0,0.0,0.0,주거 유출·귀가형,48326.36885245902,0.03239958092322065,0.03079674962774455
성신여대입구(돈암),17-18시간대,12,1899.5204918032787,1957.8237704918033,0.0,0.0,1899.5204918032787,1957.8237704918033,주거 유출·귀가형,48326.36885245902,0.03930608768894964,0.04051253626087784
성신여대입구(돈암),18-19시간대,13,1971.2622950819673,2770.7090163934427,0.0,0.0,1971.2622950819673,2770.7090163934427,주거 유출·귀가형,48326.36885245902,0.04079061476975965,0.057333275439180015
성신여대입구(돈암),19-20시간대,14,1204.7254098360656,2172.0,0.0,0.0,1204.7254098360656,2172.0,주거 유출·귀가형,48326.36885245902,0.024928945386194994,0.04494440719581357
성신여대입구(돈암),20-21시간대,15,1080.688524590164,1366.0040983606557,0.0,0.0,0.0,0.0,주거 유출·귀가형,48326.36885245902,0.022362295166217,0.028266226716331253
성신여대입구(돈암),21-22시간대,16,1130.5573770491803,1218.4262295081967,0.0,0.0,0.0,0.0,주거 유출·귀가형,48326.36885245902,0.023394213219304464,0.025212451471950365
성신여대입구(돈암),22-23시간대,17,990.4590163934427,1133.077868852459,0.0,0.0,0.0,0.0,주거 유출·귀가형,48326.36885245902,0.020495208721708968,0.023446368840823927
성신여대입구(돈암),23-24시간대,18,478.844262295082,744.8934426229508,0.0,0.0,0.0,0.0,주거 유출·귀가형,48326.36885245902,0.009908550418033667,0.01541380948560649
성신여대입구(돈암),24시이후,19,115.10245901639344,310.4467213114754,0.0,0.0,0.0,0.0,주거 유출·귀가형,48326.36885245902,0.0023817733827220214,0.0064239612593131705
송정,06시이전,0,142.78688524590163,41.635245901639344,0.0,0.0,0.0,0.0,주거 유출·귀가형,13622.192622950819,0.010481931154411421,0.0030564276290948804
송정,06-07시간대,1,304.47131147540983,158.0122950819672,0.0,0.0,0.0,0.0,주거 유출·귀가형,13622.192622950819,0.02235112363353556,0.011599622722684626
송정,07-08시간대,2,785.2581967213115,292.2704918032787,785.2581967213115,292.2704918032787,0.0,0.0,주거 유출·귀가형,13622.192622950819,0.05764550674450895,0.021455466083401153
송정,08-09시간대,3,950.0040983606557,469.3155737704918,950.0040983606557,469.3155737704918,0.0,0.0,주거 유출·귀가형,13622.192622950819,0.0697394409737004,0.03445227848120308
송정,09-10시간대,4,554.0532786885246,265.04918032786884,554.0532786885246,265.04918032786884,0.0,0.0,주거 유출·귀가형,13622.192622950819,0.04067284129832738,0.019457159920151994
송정,10-11시간대,5,389.5983606557377,219.41803278688525,0.0,0.0,0.0,0.0,주거 유출·귀가형,13622.192622950819,0.028600268065460923,0.016107394665467244
송정,11-12시간대,6,327.2909836065574,255.422131147541,0.0,0.0,0.0,0.0,주거 유출·귀가형,13622.192622950819,0.02402630711998111,0.018750441886807783
송정,12-13시간대,7,347.26229508196724,294.3893442622951,0.0,0.0,0.0,0.0,주거 유출·귀가형,13622.192622950819,0.02549239352972413,0.02161101023973958
송정,13-14시간대,8,314.5655737704918,286.7950819672131,0.0,0.0,0.0,0.0,주거 유출·귀가형,13622.192622950819,0.023092139604641054,0.021053518321567235
송정,14-15시간대,9,323.2909836065574,302.96311475409834,0.0,0.0,0.0,0.0,주거 유출·귀가형,13622.192622950819,0.023732668635288067,0.02224040748356933
송정,15-16시간대,10,326.61475409836066,342.0081967213115,0.0,0.0,0.0,0.0,주거 유출·귀가형,13622.192622950819,0.023976665367958207,0.025106692159461343
송정,16-17시간대,11,397.844262295082,420.4795081967213,0.0,0.0,0.0,0.0,주거 유출·귀가형,13622.192622950819,0.029205596581037156,0.03086724140784009
송정,17-18시간대,12,453.594262295082,518.094262295082,0.0,0.0,453.594262295082,518.094262295082,주거 유출·귀가형,13622.192622950819,0.03329818296144641,0.0380331035271217
송정,18-19시간대,13,494.327868852459,783.655737704918,0.0,0.0,494.327868852459,783.655737704918,주거 유출·귀가형,13622.192622950819,0.03628842158784409,0.05752787083516983
송정,19-20시간대,14,287.64344262295083,614.4672131147541,0.0,0.0,287.64344262295083,614.4672131147541,주거 유출·귀가형,13622.192622950819,0.021115796155923242,0.04510780533814307
송정,20-21시간대,15,206.04918032786884,389.5245901639344,0.0,0.0,0.0,0.0,주거 유출·귀가형,13622.192622950819,0.01512599227092964,0.028594852601603882
송정,21-22시간대,16,174.50409836065575,355.594262295082,0.0,0.0,0.0,0.0,주거 유출·귀가형,13622.192622950819,0.012810279753837084,0.02610404008646691
송정,22-23시간대,17,132.577868852459,327.27868852459017,0.0,0.0,0.0,0.0,주거 유출·귀가형,13622.192622950819,0.009732491128417195,0.0240254045426716
송정,23-24시간대,18,77.06557377049181,191.6516393442623,0.0,0.0,0.0,0.0,주거 유출·귀가형,13622.192622950819,0.0056573545759917455,0.014069074241496594
송정,24시이후,19,13.995901639344263,91.3688524590164,0.0,0.0,0.0,0.0,주거 유출·귀가형,13622.192622950819,0.0010274338373224745,0.006707352846051902
송파,06시이전,0,123.81147540983606,30.709016393442624,0.0,0.0,0.0,0.0,주거 유출·귀가형,21806.47950819672,0.005677737911032234,0.0014082519088833012
송파,06-07시간대,1,462.75409836065575,220.58196721311475,0.0,0.0,0.0,0.0,주거 유출·귀가형,21806.47950819672,0.02122094481994279,0.0101154323021376
송파,07-08시간대,2,1419.454918032787,474.22131147540983,1419.454918032787,474.22131147540983,0.0,0.0,주거 유출·귀가형,21806.47950819672,0.06509326356412715,0.021746807470557426
송파,08-09시간대,3,1615.5819672131147,893.016393442623,1615.5819672131147,893.016393442623,0.0,0.0,주거 유출·귀가형,21806.47950819672,0.07408724395911051,0.04095188281569943
송파,09-10시간대,4,943.3647540983607,469.5450819672131,943.3647540983607,469.5450819672131,0.0,0.0,주거 유출·귀가형,21806.47950819672,0.043260754389252254,0.021532365267429725
송파,10-11시간대,5,610.3196721311475,335.594262295082,0.0,0.0,0.0,0.0,주거 유출·귀가형,21806.47950819672,0.027987996499010202,0.015389658022008425
송파,11-12시간대,6,532.6434426229508,336.3975409836066,0.0,0.0,0.0,0.0,주거 유출·귀가형,21806.47950819672,0.024425925442148437,0.015426494719478214
송파,12-13시간대,7,517.2131147540983,398.9918032786885,0.0,0.0,0.0,0.0,주거 유출·귀가형,21806.47950819672,0.02371832255452724,0.01829693798711129
송파,13-14시간대,8,503.2295081967213,483.57377049180326,0.0,0.0,0.0,0.0,주거 유출·귀가형,21806.47950819672,0.02307706331081847,0.02217569187681282
송파,14-15시간대,9,443.7336065573771,496.0655737704918,0.0,0.0,0.0,0.0,주거 유출·귀가형,21806.47950819672,0.02034870444771172,0.022748540110934842
송파,15-16시간대,10,555.5368852459017,625.2131147540983,0.0,0.0,0.0,0.0,주거 유출·귀가형,21806.47950819672,0.025475771320037418,0.02867097894087353
송파,16-17시간대,11,601.7295081967213,706.0983606557377,0.0,0.0,0.0,0.0,주거 유출·귀가형,21806.47950819672,0.0275940693668843,0.03238020884528042
송파,17-18시간대,12,651.3524590163935,956.5286885245902,0.0,0.0,651.3524590163935,956.5286885245902,주거 유출·귀가형,21806.47950819672,0.029869675147313902,0.04386442516615512
송파,18-19시간대,13,774.1967213114754,1447.0204918032787,0.0,0.0,774.1967213114754,1447.0204918032787,주거 유출·귀가형,21806.47950819672,0.035503058667515165,0.0663573637028098
송파,19-20시간대,14,413.672131147541,1039.9590163934427,0.0,0.0,413.672131147541,1039.9590163934427,주거 유출·귀가형,21806.47950819672,0.018970147427605083,0.04769036725999436
송파,20-21시간대,15,297.49590163934425,591.3811475409836,0.0,0.0,0.0,0.0,주거 유출·귀가형,21806.47950819672,0.013642546084869872,0.027119514973459727
송파,21-22시간대,16,230.71311475409837,550.1762295081967,0.0,0.0,0.0,0.0,주거 유출·귀가형,21806.47950819672,0.01058002575185861,0.025229942747126782
송파,22-23시간대,17,192.43032786885246,466.1516393442623,0.0,0.0,0.0,0.0,주거 유출·귀가형,21806.47950819672,0.008824456409688729,0.021376749014853272
송파,23-24시간대,18,74.81967213114754,214.74180327868854,0.0,0.0,0.0,0.0,주거 유출·귀가형,21806.47950819672,0.0034310752500431797,0.009847614476145515
송파,24시이후,19,14.737704918032787,91.72131147540983,0.0,0.0,0.0,0.0,주거 유출·귀가형,21806.47950819672,0.0006758406331702056,0.0042061494355809794
수락산,06시이전,0,402.2663934426229,29.700819672131146,0.0,0.0,0.0,0.0,주거 유출·귀가형,27245.155737704918,0.014764694219968115,0.0010901321305727683
수락산,06-07시간대,1,898.5655737704918,207.86885245901638,0.0,0.0,0.0,0.0,주거 유출·귀가형,27245.155737704918,0.03298074646447902,0.007629571086332387
수락산,07-08시간대,2,2049.4795081967213,318.36475409836066,2049.4795081967213,318.36475409836066,0.0,0.0,주거 유출·귀가형,27245.155737704918,0.07522362976844432,0.011685187530705564
수락산,08-09시간대,3,1960.4098360655737,664.844262295082,1960.4098360655737,664.844262295082,0.0,0.0,주거 유출·귀가형,27245.155737704918,0.07195443677910557,0.024402292601873276
수락산,09-10시간대,4,1099.0983606557377,487.96311475409834,1099.0983606557377,487.96311475409834,0.0,0.0,주거 유출·귀가형,27245.155737704918,0.04034105626838761,0.017910087189510905
수락산,10-11시간대,5,723.4467213114754,464.0983606557377,0.0,0.0,0.0,0.0,주거 유출·귀가형,27245.155737704918,0.026553223930017338,0.017034160682497624
수락산,11-12시간대,6,648.7540983606557,526.6516393442623,0.0,0.0,0.0,0.0,주거 유출·귀가형,27245.155737704918,0.023811722884110244,0.019330101997377187
수락산,12-13시간대,7,684.7377049180328,597.5040983606557,0.0,0.0,0.0,0.0,주거 유출·귀가형,27245.155737704918,0.02513245699566384,0.021930654539579753
수락산,13-14시간대,8,671.6475409836065,532.094262295082,0.0,0.0,0.0,0.0,주거 유출·귀가형,27245.155737704918,0.024651998595629422,0.019529866792382104
수락산,14-15시간대,9,642.3237704918033,564.1926229508197,0.0,0.0,0.0,0.0,주거 유출·귀가형,27245.155737704918,0.023575705592421455,0.020707997721959297
수락산,15-16시간대,10,672.3729508196722,708.7295081967213,0.0,0.0,0.0,0.0,주거 유출·귀가형,27245.155737704918,0.024678623873276916,0.026013046686897866
수락산,16-17시간대,11,673.6147540983607,908.5450819672132,0.0,0.0,0.0,0.0,주거 유출·귀가형,27245.155737704918,0.024724202738402284,0.033347032063753855
수락산,17-18시간대,12,688.0,1156.360655737705,0.0,0.0,688.0,1156.360655737705,주거 유출·귀가형,27245.155737704918,0.025252195532428835,0.04244279852426767
수락산,18-19시간대,13,696.983606557377,1785.639344262295,0.0,0.0,696.983606557377,1785.639344262295,주거 유출·귀가형,27245.155737704918,0.025581927784424904,0.06553970039492657
수락산,19-20시간대,14,404.1516393442623,1675.5122950819673,0.0,0.0,404.1516393442623,1675.5122950819673,주거 유출·귀가형,27245.155737704918,0.014833889856792109,0.061497622227323315
수락산,20-21시간대,15,273.62704918032784,977.2172131147541,0.0,0.0,0.0,0.0,주거 유출·귀가형,27245.155737704918,0.010043144983812733,0.0358675583477165
수락산,21-22시간대,16,223.50819672131146,734.9139344262295,0.0,0.0,0.0,0.0,주거 유출·귀가형,27245.155737704918,0.008203594021376638,0.026974113912264144
수락산,22-23시간대,17,146.62295081967213,661.6844262295082,0.0,0.0,0.0,0.0,주거 유출·귀가형,27245.155737704918,0.005381615441337293,0.024286314697544366
수락산,23-24시간대,18,78.91803278688525,412.0245901639344,0.0,0.0,0.0,0.0,주거 유출·귀가형,27245.155737704918,0.0028965895275713024,0.015122856853180999
수락산,24시이후,19,15.59016393442623,177.12704918032787,0.0,0.0,0.0,0.0,주거 유출·귀가형,27245.155737704918,0.000572217831474929,0.00650123093020898
수서,06시이전,0,186.94672131147541,100.09426229508196,0.0,0.0,0.0,0.0,혼합형,41473.13524590164,0.0045076582757255955,0.00241347228034739
수서,06-07시간대,1,590.1803278688525,659.1024590163935,0.0,0.0,0.0,0.0,혼합형,41473.13524590164,0.01423042469226326,0.015892274724552582
수서,07-08시간대,2,1735.77868852459,1543.4590163934427,1735.77868852459,1543.4590163934427,0.0,0.0,혼합형,41473.13524590164,0.04185308581646523,0.03721587498128603
수서,08-09시간대,3,1938.0204918032787,2567.745901639344,1938.0204918032787,2567.745901639344,0.0,0.0,혼합형,41473.13524590164,0.04672953902116173,0.06191347450378948
수서,09-10시간대,4,1172.5901639344263,1415.327868852459,1172.5901639344263,1415.327868852459,0.0,0.0,혼합형,41473.13524590164,0.02827348733057989,0.03412637748414068
수서,10-11시간대,5,1225.25,874.577868852459,0.0,0.0,0.0,0.0,혼합형,41473.13524590164,0.029543220996803676,0.021087816574920856
수서,11-12시간대,6,927.2213114754098,752.5081967213115,0.0,0.0,0.0,0.0,혼합형,41473.13524590164,0.02235715496254982,0.01814447333821173
수서,12-13시간대,7,1113.532786885246,888.733606557377,0.0,0.0,0.0,0.0,혼합형,41473.13524590164,0.026849496192725985,0.021429139641551485
수서,13-14시간대,8,1006.9672131147541,773.1680327868852,0.0,0.0,0.0,0.0,혼합형,41473.13524590164,0.02427998768707177,0.01864262318733883
수서,14-15시간대,9,849.6639344262295,833.8729508196722,0.0,0.0,0.0,0.0,혼합형,41473.13524590164,0.020487091930436897,0.020106339823972558
수서,15-16시간대,10,1249.6434426229507,1024.045081967213,0.0,0.0,0.0,0.0,혼합형,41473.13524590164,0.03013139554590197,0.0246917691632298
수서,16-17시간대,11,1389.295081967213,1121.3524590163934,0.0,0.0,0.0,0.0,혼합형,41473.13524590164,0.033498675075559974,0.027038044082457087
수서,17-18시간대,12,1950.3688524590164,1458.3319672131147,0.0,0.0,1950.3688524590164,1458.3319672131147,혼합형,41473.13524590164,0.047027282622713,0.03516329205801306
수서,18-19시간대,13,2201.3606557377047,2095.905737704918,0.0,0.0,2201.3606557377047,2095.905737704918,혼합형,41473.13524590164,0.053079195548767735,0.05053646716791286
수서,19-20시간대,14,962.6475409836065,1517.467213114754,0.0,0.0,962.6475409836065,1517.467213114754,혼합형,41473.13524590164,0.02321135200596475,0.03658916076919238
수서,20-21시간대,15,869.4590163934427,973.9549180327868,0.0,0.0,0.0,0.0,혼합형,41473.13524590164,0.020964390833687025,0.02348399541674469
수서,21-22시간대,16,598.5860655737705,787.7049180327868,0.0,0.0,0.0,0.0,혼합형,41473.13524590164,0.01443310379175933,0.01899313648129912
수서,22-23시간대,17,526.4139344262295,808.2295081967213,0.0,0.0,0.0,0.0,혼합형,41473.13524590164,0.012692889778046126,0.019488025282018925
수서,23-24시간대,18,259.7090163934426,327.26229508196724,0.0,0.0,0.0,0.0,혼합형,41473.13524590164,0.0062621023188524656,0.007890946588473972
수서,24시이후,19,37.33196721311475,159.3237704918033,0.0,0.0,0.0,0.0,혼합형,41473.13524590164,0.0009001481800632345,0.003841613843446948
수유(강북구청),06시이전,0,860.2131147540983,123.73770491803279,0.0,0.0,0.0,0.0,주거 유출·귀가형,74535.23360655738,0.011541026614269837,0.0016601236613974567
수유(강북구청),06-07시간대,1,1875.1639344262296,404.64344262295083,0.0,0.0,0.0,0.0,주거 유출·귀가형,74535.23360655738,0.025158087574052475,0.005428888098196711
수유(강북구청),07-08시간대,2,4797.852459016393,859.2049180327868,4797.852459016393,859.2049180327868,0.0,0.0,주거 유출·귀가형,74535.23360655738,0.06437026124238636,0.01152750016949295
수유(강북구청),08-09시간대,3,4983.676229508197,2350.7377049180327,4983.676229508197,2350.7377049180327,0.0,0.0,주거 유출·귀가형,74535.23360655738,0.06686336096851984,0.03153861054929628
수유(강북구청),09-10시간대,4,2930.2377049180327,1539.7622950819673,2930.2377049180327,1539.7622950819673,0.0,0.0,주거 유출·귀가형,74535.23360655738,0.03931345704751692,0.020658180307178965
수유(강북구청),10-11시간대,5,1905.1024590163934,1088.3032786885246,0.0,0.0,0.0,0.0,주거 유출·귀가형,74535.23360655738,0.02555975700126857,0.014601192295622982
수유(강북구청),11-12시간대,6,1754.3524590163934,1168.967213114754,0.0,0.0,0.0,0.0,주거 유출·귀가형,74535.23360655738,0.023537223593836712,0.01568341784886969
수유(강북구청),12-13시간대,7,1820.4426229508197,1232.0245901639344,0.0,0.0,0.0,0.0,주거 유출·귀가형,74535.23360655738,0.02442392053884517,0.01652942548845174
수유(강북구청),13-14시간대,8,1742.967213114754,1436.6311475409836,0.0,0.0,0.0,0.0,주거 유출·귀가형,74535.23360655738,0.02338447374184406,0.019274523980489587
수유(강북구청),14-15시간대,9,1637.1434426229507,1527.9303278688524,0.0,0.0,0.0,0.0,주거 유출·귀가형,74535.23360655738,0.02196469191020178,0.020499437030468096
수유(강북구청),15-16시간대,10,1679.8196721311476,1955.610655737705,0.0,0.0,0.0,0.0,주거 유출·귀가형,74535.23360655738,0.022537256420208797,0.02623739889326189
수유(강북구청),16-17시간대,11,1889.4426229508197,2525.9467213114754,0.0,0.0,0.0,0.0,주거 유출·귀가형,74535.23360655738,0.025349657222843835,0.03388929770643733
수유(강북구청),17-18시간대,12,2095.0245901639346,3242.6680327868853,0.0,0.0,2095.0245901639346,3242.6680327868853,주거 유출·귀가형,74535.23360655738,0.02810784227527558,0.04350517031855932
수유(강북구청),18-19시간대,13,2485.2131147540986,4986.151639344263,0.0,0.0,2485.2131147540986,4986.151639344263,주거 유출·귀가형,74535.23360655738,0.03334279634612237,0.06689657223943546
수유(강북구청),19-20시간대,14,1372.0081967213114,4277.38524590164,0.0,0.0,1372.0081967213114,4277.38524590164,주거 유출·귀가형,74535.23360655738,0.01840751186161985,0.05738742657573597
수유(강북구청),20-21시간대,15,1056.0368852459017,2601.8565573770493,0.0,0.0,0.0,0.0,주거 유출·귀가형,74535.23360655738,0.01416829107721472,0.03490774002415076
수유(강북구청),21-22시간대,16,921.0450819672132,2242.7336065573772,0.0,0.0,0.0,0.0,주거 유출·귀가형,74535.23360655738,0.012357177101356566,0.030089576406185283
수유(강북구청),22-23시간대,17,724.0204918032787,2076.69262295082,0.0,0.0,0.0,0.0,주거 유출·귀가형,74535.23360655738,0.00971380187288474,0.027861891919637307
수유(강북구청),23-24시간대,18,406.41803278688525,1370.8360655737704,0.0,0.0,0.0,0.0,주거 유출·귀가형,74535.23360655738,0.005452696840425947,0.018391785994928023
수유(강북구청),24시이후,19,91.6639344262295,495.5655737704918,0.0,0.0,0.0,0.0,주거 유출·귀가형,74535.23360655738,0.0012298067637392526,0.006648742477770855
수진,06시이전,0,148.1639344262295,21.08606557377049,0.0,0.0,0.0,0.0,주거 유출·귀가형,11796.758196721312,0.01255971614874745,0.0017874457729947341
수진,06-07시간대,1,290.34016393442624,90.39754098360656,0.0,0.0,0.0,0.0,주거 유출·귀가형,11796.758196721312,0.024611860232510392,0.007662913783274024
수진,07-08시간대,2,748.2090163934427,201.70901639344262,748.2090163934427,201.70901639344262,0.0,0.0,주거 유출·귀가형,11796.758196721312,0.06342496844611034,0.01709868194547752
수진,08-09시간대,3,946.3811475409836,533.6516393442623,946.3811475409836,533.6516393442623,0.0,0.0,주거 유출·귀가형,11796.758196721312,0.08022383198496114,0.045237143157904246
수진,09-10시간대,4,467.38524590163934,252.10655737704917,467.38524590163934,252.10655737704917,0.0,0.0,주거 유출·귀가형,11796.758196721312,0.03961980385692235,0.021370833679299917
수진,10-11시간대,5,300.61475409836066,207.9672131147541,0.0,0.0,0.0,0.0,주거 유출·귀가형,11796.758196721312,0.025482827492548835,0.017629183343993157
수진,11-12시간대,6,280.844262295082,212.02868852459017,0.0,0.0,0.0,0.0,주거 유출·귀가형,11796.758196721312,0.02380690165991004,0.017973470761104483
수진,12-13시간대,7,314.1639344262295,235.8360655737705,0.0,0.0,0.0,0.0,주거 유출·귀가형,11796.758196721312,0.02663137865397169,0.01999159952598814
수진,13-14시간대,8,294.2295081967213,260.3524590163934,0.0,0.0,0.0,0.0,주거 유출·귀가형,11796.758196721312,0.024941556255556455,0.022069830937854903
수진,14-15시간대,9,260.0245901639344,277.64344262295083,0.0,0.0,0.0,0.0,주거 유출·귀가형,11796.758196721312,0.022042037806302022,0.02353557121312503
수진,15-16시간대,10,325.2336065573771,321.53688524590166,0.0,0.0,0.0,0.0,주거 유출·귀가형,11796.758196721312,0.027569744258025875,0.02725637669976713
수진,16-17시간대,11,450.6639344262295,377.0532786885246,0.0,0.0,0.0,0.0,주거 유출·귀가형,11796.758196721312,0.038202354147725354,0.0319624486999589
수진,17-18시간대,12,365.84016393442624,418.8975409836066,0.0,0.0,365.84016393442624,418.8975409836066,주거 유출·귀가형,11796.758196721312,0.03101192360085033,0.03550954711439549
수진,18-19시간대,13,311.094262295082,669.8811475409836,0.0,0.0,311.094262295082,669.8811475409836,주거 유출·귀가형,11796.758196721312,0.026371165459807833,0.05678518931812679
수진,19-20시간대,14,178.02459016393442,542.4139344262295,0.0,0.0,178.02459016393442,542.4139344262295,주거 유출·귀가형,11796.758196721312,0.015090975604926192,0.04597991459865502
수진,20-21시간대,15,149.7827868852459,320.4836065573771,0.0,0.0,0.0,0.0,주거 유출·귀가형,11796.758196721312,0.012696944735789806,0.027167091264653494
수진,21-22시간대,16,135.5737704918033,276.89344262295083,0.0,0.0,0.0,0.0,주거 유출·귀가형,11796.758196721312,0.011492459897116775,0.02347199442469781
수진,22-23시간대,17,92.47540983606558,244.18032786885246,0.0,0.0,0.0,0.0,주거 유출·귀가형,11796.758196721312,0.007839052754490415,0.02069893472400899
수진,23-24시간대,18,34.74180327868852,157.5,0.0,0.0,0.0,0.0,주거 유출·귀가형,11796.758196721312,0.002945029702172276,0.01335112556971577
수진,24시이후,19,12.647540983606557,68.70491803278688,0.0,0.0,0.0,0.0,주거 유출·귀가형,11796.758196721312,0.0010721200496524295,0.005824050716906457
숙대입구(갈월),06시이전,0,120.6311475409836,40.950819672131146,0.0,0.0,0.0,0.0,업무 유입형,33508.020491803276,0.00360006785749974,0.00122211993042527
숙대입구(갈월),06-07시간대,1,318.49590163934425,397.1803278688525,0.0,0.0,0.0,0.0,업무 유입형,33508.020491803276,0.00950506466704754,0.011853291302779604
숙대입구(갈월),07-08시간대,2,816.3729508196722,1049.594262295082,816.3729508196722,1049.594262295082,0.0,0.0,업무 유입형,33508.020491803276,0.024363508761115062,0.03132367256823881
숙대입구(갈월),08-09시간대,3,1203.8565573770493,2346.594262295082,1203.8565573770493,2346.594262295082,0.0,0.0,업무 유입형,33508.020491803276,0.03592741498028917,0.07003082330300905
숙대입구(갈월),09-10시간대,4,798.4672131147541,1359.266393442623,798.4672131147541,1359.266393442623,0.0,0.0,업무 유입형,33508.020491803276,0.023829137066156296,0.04056540414779579
숙대입구(갈월),10-11시간대,5,590.6188524590164,909.3360655737705,0.0,0.0,0.0,0.0,업무 유입형,33508.020491803276,0.01762619348413892,0.027137862882595887
숙대입구(갈월),11-12시간대,6,603.4508196721312,779.9877049180328,0.0,0.0,0.0,0.0,업무 유입형,33508.020491803276,0.0180091455960446,0.023277641993469392
숙대입구(갈월),12-13시간대,7,690.0573770491803,650.9467213114754,0.0,0.0,0.0,0.0,업무 유입형,33508.020491803276,0.020593797154265858,0.019426594342411535
숙대입구(갈월),13-14시간대,8,755.8073770491803,718.0696721311475,0.0,0.0,0.0,0.0,업무 유입형,33508.020491803276,0.022556013932069362,0.021429784916921654
숙대입구(갈월),14-15시간대,9,787.766393442623,665.389344262295,0.0,0.0,0.0,0.0,업무 유입형,33508.020491803276,0.023509786071526553,0.01985761422179691
숙대입구(갈월),15-16시간대,10,972.6762295081967,704.8196721311475,0.0,0.0,0.0,0.0,업무 유입형,33508.020491803276,0.029028161473941216,0.02103435720124262
숙대입구(갈월),16-17시간대,11,1355.454918032787,853.405737704918,0.0,0.0,0.0,0.0,업무 유입형,33508.020491803276,0.0404516559957446,0.025468700483625345
숙대입구(갈월),17-18시간대,12,1671.3688524590164,1204.4795081967213,0.0,0.0,1671.3688524590164,1204.4795081967213,업무 유입형,33508.020491803276,0.049879665463015525,0.03594600607610828
숙대입구(갈월),18-19시간대,13,2145.5,1664.4959016393443,0.0,0.0,2145.5,1664.4959016393443,업무 유입형,33508.020491803276,0.06402944633882003,0.04967455185980064
숙대입구(갈월),19-20시간대,14,1040.1762295081967,1054.9016393442623,0.0,0.0,1040.1762295081967,1054.9016393442623,업무 유입형,33508.020491803276,0.031042604553815537,0.03148206381222406
숙대입구(갈월),20-21시간대,15,885.6311475409836,629.4303278688525,0.0,0.0,0.0,0.0,업무 유입형,33508.020491803276,0.026430422762742028,0.01878446767760643
숙대입구(갈월),21-22시간대,16,953.7213114754098,573.4303278688525,0.0,0.0,0.0,0.0,업무 유입형,33508.020491803276,0.028462478459708142,0.017113226011340327
숙대입구(갈월),22-23시간대,17,769.7172131147541,538.1762295081967,0.0,0.0,0.0,0.0,업무 유입형,33508.020491803276,0.022971133532135753,0.016061116759787265
숙대입구(갈월),23-24시간대,18,386.86475409836066,331.1967213114754,0.0,0.0,0.0,0.0,업무 유입형,33508.020491803276,0.011545437433195894,0.009884102864043929
숙대입구(갈월),24시이후,19,65.69262295081967,104.04098360655738,0.0,0.0,0.0,0.0,업무 유입형,33508.020491803276,0.00196050444003069,0.0031049576214747707
숭실대입구(살피재),06시이전,0,228.63114754098362,33.33606557377049,0.0,0.0,0.0,0.0,주거 유출·귀가형,31858.262295081968,0.007176510301262663,0.001046386813725137
숭실대입구(살피재),06-07시간대,1,565.8196721311475,136.79918032786884,0.0,0.0,0.0,0.0,주거 유출·귀가형,31858.262295081968,0.017760531534656062,0.0042939937860009035
숭실대입구(살피재),07-08시간대,2,1676.2090163934427,315.45081967213116,1676.2090163934427,315.45081967213116,0.0,0.0,주거 유출·귀가형,31858.262295081968,0.052614577683736466,0.00990169572810718
숭실대입구(살피재),08-09시간대,3,2101.5778688524592,1253.889344262295,2101.5778688524592,1253.889344262295,0.0,0.0,주거 유출·귀가형,31858.262295081968,0.06596649400984073,0.0393583721751158
숭실대입구(살피재),09-10시간대,4,1259.127049180328,872.3934426229508,1259.127049180328,872.3934426229508,0.0,0.0,주거 유출·귀가형,31858.262295081968,0.03952277865998681,0.027383585286056993
숭실대입구(살피재),10-11시간대,5,726.5122950819672,1066.1762295081967,0.0,0.0,0.0,0.0,주거 유출·귀가형,31858.262295081968,0.02280451734475551,0.033466239295568384
숭실대입구(살피재),11-12시간대,6,658.1434426229508,796.733606557377,0.0,0.0,0.0,0.0,주거 유출·귀가형,31858.262295081968,0.02065848527854421,0.02500869630545953
숭실대입구(살피재),12-13시간대,7,663.1024590163935,648.5368852459017,0.0,0.0,0.0,0.0,주거 유출·귀가형,31858.262295081968,0.020814144000526925,0.020356944746042153
숭실대입구(살피재),13-14시간대,8,747.7131147540983,786.6926229508197,0.0,0.0,0.0,0.0,주거 유출·귀가형,31858.262295081968,0.023469990542124595,0.0246935195543375
숭실대입구(살피재),14-15시간대,9,787.75,741.5368852459017,0.0,0.0,0.0,0.0,주거 유출·귀가형,31858.262295081968,0.024726709595884227,0.023276124679291577
숭실대입구(살피재),15-16시간대,10,782.6844262295082,765.905737704918,0.0,0.0,0.0,0.0,주거 유출·귀가형,31858.262295081968,0.02456770614103246,0.024041039357728958
숭실대입구(살피재),16-17시간대,11,1092.389344262295,925.2213114754098,0.0,0.0,0.0,0.0,주거 유출·귀가형,31858.262295081968,0.034289043581354706,0.029041800927674524
숭실대입구(살피재),17-18시간대,12,1291.0819672131147,1281.5860655737704,0.0,0.0,1291.0819672131147,1281.5860655737704,주거 유출·귀가형,31858.262295081968,0.04052581258998618,0.04022774543392506
숭실대입구(살피재),18-19시간대,13,912.6475409836065,2001.25,0.0,0.0,912.6475409836065,2001.25,주거 유출·귀가형,31858.262295081968,0.02864712244912661,0.06281729937005816
숭실대입구(살피재),19-20시간대,14,586.3237704918033,1376.3975409836066,0.0,0.0,586.3237704918033,1376.3975409836066,주거 유출·귀가형,31858.262295081968,0.018404135324804435,0.04320378582594834
숭실대입구(살피재),20-21시간대,15,531.9139344262295,841.6680327868852,0.0,0.0,0.0,0.0,주거 유출·귀가형,31858.262295081968,0.016696263264438696,0.02641914442762358
숭실대입구(살피재),21-22시간대,16,543.2459016393443,731.438524590164,0.0,0.0,0.0,0.0,주거 유출·귀가형,31858.262295081968,0.017051962740704987,0.022959146918163136
숭실대입구(살피재),22-23시간대,17,438.21311475409834,731.9590163934427,0.0,0.0,0.0,0.0,주거 유출·귀가형,31858.262295081968,0.013755085280396675,0.022975484651792725
숭실대입구(살피재),23-24시간대,18,255.3360655737705,454.0614754098361,0.0,0.0,0.0,0.0,주거 유출·귀가형,31858.262295081968,0.008014751815675373,0.014252549972881935
숭실대입구(살피재),24시이후,19,61.32786885245902,187.4795081967213,0.0,0.0,0.0,0.0,주거 유출·귀가형,31858.262295081968,0.0019250224097102228,0.005884800195949888
시청,06시이전,0,116.70491803278688,320.3975409836066,0.0,0.0,0.0,0.0,업무 유입형,121003.93032786885,0.0009644721267860186,0.00264782755498492
시청,06-07시간대,1,223.6639344262295,2005.2868852459017,0.0,0.0,0.0,0.0,업무 유입형,121003.93032786885,0.001848402228094542,0.01657208059120421
시청,07-08시간대,2,489.4016393442623,7000.389344262295,489.4016393442623,7000.389344262295,0.0,0.0,업무 유입형,121003.93032786885,0.004044510273494368,0.05785257822034571
시청,08-09시간대,3,730.7254098360655,20391.094262295082,730.7254098360655,20391.094262295082,0.0,0.0,업무 유입형,121003.93032786885,0.006038856819411671,0.16851596644046146
시청,09-10시간대,4,999.2049180327868,8163.713114754099,999.2049180327868,8163.713114754099,0.0,0.0,업무 유입형,121003.93032786885,0.008257623660036243,0.06746651197720546
시청,10-11시간대,5,1310.827868852459,2924.9795081967213,0.0,0.0,0.0,0.0,업무 유입형,121003.93032786885,0.010832936296372164,0.024172599189722838
시청,11-12시간대,6,1780.8360655737704,2455.2581967213114,0.0,0.0,0.0,0.0,업무 유입형,121003.93032786885,0.01471717539048911,0.020290730971040467
시청,12-13시간대,7,1773.0040983606557,2215.0819672131147,0.0,0.0,0.0,0.0,업무 유입형,121003.93032786885,0.014652450491125154,0.018305867926861473
시청,13-14시간대,8,2203.8360655737706,2316.6639344262294,0.0,0.0,0.0,0.0,업무 유입형,121003.93032786885,0.018212929609826047,0.019145361048596207
시청,14-15시간대,9,2741.8688524590166,1871.422131147541,0.0,0.0,0.0,0.0,업무 유입형,121003.93032786885,0.022659337139130323,0.015465796243781407
시청,15-16시간대,10,3530.9262295081967,1677.172131147541,0.0,0.0,0.0,0.0,업무 유입형,121003.93032786885,0.029180260673689676,0.013860476487029162
시청,16-17시간대,11,4532.63524590164,1622.27868852459,0.0,0.0,0.0,0.0,업무 유입형,121003.93032786885,0.037458578689304876,0.01340682640744734
시청,17-18시간대,12,8886.315573770491,1918.922131147541,0.0,0.0,8886.315573770491,1918.922131147541,업무 유입형,121003.93032786885,0.07343823915216953,0.015858345476449265
시청,18-19시간대,13,15219.590163934427,1961.6065573770493,0.0,0.0,15219.590163934427,1961.6065573770493,업무 유입형,121003.93032786885,0.12577765137624747,0.016211097871465293
시청,19-20시간대,14,5248.770491803279,1011.5737704918033,0.0,0.0,5248.770491803279,1011.5737704918033,업무 유입형,121003.93032786885,0.04337685955804376,0.008359842260915587
시청,20-21시간대,15,4261.286885245901,632.6926229508197,0.0,0.0,0.0,0.0,업무 유입형,121003.93032786885,0.035216103094334525,0.005228694813767565
시청,21-22시간대,16,3827.651639344262,577.9139344262295,0.0,0.0,0.0,0.0,업무 유입형,121003.93032786885,0.031632457135672906,0.004775993084359576
시청,22-23시간대,17,2312.5081967213114,441.3811475409836,0.0,0.0,0.0,0.0,업무 유입형,121003.93032786885,0.019111017224443902,0.0036476595953952046
시청,23-24시간대,18,830.610655737705,266.0450819672131,0.0,0.0,0.0,0.0,업무 유입형,121003.93032786885,0.006864327906433334,0.00219864826907973
시청,24시이후,19,106.23770491803279,103.45081967213115,0.0,0.0,0.0,0.0,업무 유입형,121003.93032786885,0.000877969043073015,0.0008549376817085505
신금호,06시이전,0,111.10245901639344,18.581967213114755,0.0,0.0,0.0,0.0,주거 유출·귀가형,14633.827868852459,0.007592166589089842,0.0012697953932248828
신금호,06-07시간대,1,289.922131147541,111.44262295081967,0.0,0.0,0.0,0.0,주거 유출·귀가형,14633.827868852459,0.019811776778147647,0.007615411630474417
신금호,07-08시간대,2,938.0737704918033,359.4672131147541,938.0737704918033,359.4672131147541,0.0,0.0,주거 유출·귀가형,14633.827868852459,0.06410310268090944,0.02456412746796525
신금호,08-09시간대,3,1232.672131147541,583.766393442623,1232.672131147541,583.766393442623,0.0,0.0,주거 유출·귀가형,14633.827868852459,0.0842344287629101,0.039891571684066846
신금호,09-10시간대,4,615.3360655737705,295.29918032786884,615.3360655737705,295.29918032786884,0.0,0.0,주거 유출·귀가형,14633.827868852459,0.04204887956099919,0.02017921646846768
신금호,10-11시간대,5,349.94262295081967,217.89344262295083,0.0,0.0,0.0,0.0,주거 유출·귀가형,14633.827868852459,0.02391326630919714,0.01488970928014868
신금호,11-12시간대,6,295.97131147540983,227.53688524590163,0.0,0.0,0.0,0.0,주거 유출·귀가형,14633.827868852459,0.020225146429757687,0.015548692200364415
신금호,12-13시간대,7,308.422131147541,273.4672131147541,0.0,0.0,0.0,0.0,주거 유출·귀가형,14633.827868852459,0.021075970956581064,0.01868733290876125
신금호,13-14시간대,8,288.80737704918033,301.0081967213115,0.0,0.0,0.0,0.0,주거 유출·귀가형,14633.827868852459,0.019735600256983735,0.020569341078693147
신금호,14-15시간대,9,296.9467213114754,323.48770491803276,0.0,0.0,0.0,0.0,주거 유출·귀가형,14633.827868852459,0.020291800885776107,0.02210547423525214
신금호,15-16시간대,10,313.7663934426229,402.5532786885246,0.0,0.0,0.0,0.0,주거 유출·귀가형,14633.827868852459,0.021441170160984513,0.02750840602309829
신금호,16-17시간대,11,419.577868852459,487.82377049180326,0.0,0.0,0.0,0.0,주거 유출·귀가형,14633.827868852459,0.028671778335285357,0.03333534977065826
신금호,17-18시간대,12,383.4549180327869,671.8852459016393,0.0,0.0,383.4549180327869,671.8852459016393,주거 유출·귀가형,14633.827868852459,0.026203322976687187,0.045913157645630184
신금호,18-19시간대,13,429.7581967213115,1124.639344262295,0.0,0.0,429.7581967213115,1124.639344262295,주거 유출·귀가형,14633.827868852459,0.029367449212385183,0.07685202766776059
신금호,19-20시간대,14,294.0245901639344,713.8319672131148,0.0,0.0,294.0245901639344,713.8319672131148,주거 유출·귀가형,14633.827868852459,0.020092117578460418,0.04877957931516188
신금호,20-21시간대,15,203.69262295081967,419.6844262295082,0.0,0.0,0.0,0.0,주거 유출·귀가형,14633.827868852459,0.013919298817527546,0.02867905991451426
신금호,21-22시간대,16,165.33196721311475,383.90983606557376,0.0,0.0,0.0,0.0,주거 유출·귀가형,14633.827868852459,0.011297930295122407,0.026234409718779807
신금호,22-23시간대,17,105.71311475409836,335.7049180327869,0.0,0.0,0.0,0.0,주거 유출·귀가형,14633.827868852459,0.0072238867165510855,0.02294033529991985
신금호,23-24시간대,18,44.614754098360656,194.44672131147541,0.0,0.0,0.0,0.0,주거 유출·귀가형,14633.827868852459,0.0030487412109938402,0.01328748178905041
신금호,24시이후,19,14.87704918032787,85.38934426229508,0.0,0.0,0.0,0.0,주거 유출·귀가형,14633.827868852459,0.001016620484650711,0.005835065509007593
신길,06시이전,0,84.04098360655738,16.471311475409838,0.0,0.0,0.0,0.0,주거 유출·귀가형,11393.61475409836,0.00737614755460529,0.001445661612306577
신길,06-07시간대,1,188.39344262295083,77.19672131147541,0.0,0.0,0.0,0.0,주거 유출·귀가형,11393.61475409836,0.016535001989178583,0.006775437205624952
신길,07-08시간대,2,807.1024590163935,228.60245901639345,807.1024590163935,228.60245901639345,0.0,0.0,주거 유출·귀가형,11393.61475409836,0.07083813841661385,0.020064085362739126
신길,08-09시간대,3,1185.139344262295,648.2131147540983,1185.139344262295,648.2131147540983,0.0,0.0,주거 유출·귀가형,11393.61475409836,0.10401785296768898,0.05689266565037507
신길,09-10시간대,4,424.9754098360656,286.9344262295082,424.9754098360656,286.9344262295082,0.0,0.0,주거 유출·귀가형,11393.61475409836,0.037299436483333705,0.025183792187312277
신길,10-11시간대,5,238.7827868852459,115.87704918032787,0.0,0.0,0.0,0.0,주거 유출·귀가형,11393.61475409836,0.020957597043497905,0.01017034994435336
신길,11-12시간대,6,175.34426229508196,127.10245901639344,0.0,0.0,0.0,0.0,주거 유출·귀가형,11393.61475409836,0.015389695551362173,0.011155586858040275
신길,12-13시간대,7,188.38114754098362,130.7295081967213,0.0,0.0,0.0,0.0,주거 유출·귀가형,11393.61475409836,0.01653392286879119,0.011473927372320274
신길,13-14시간대,8,170.31147540983608,151.20901639344262,0.0,0.0,0.0,0.0,주거 유출·귀가형,11393.61475409836,0.014947975606123938,0.013271382230915936
신길,14-15시간대,9,146.23360655737704,148.22131147540983,0.0,0.0,0.0,0.0,주거 유출·귀가형,11393.61475409836,0.012834698180818851,0.013009155976780207
신길,15-16시간대,10,158.79098360655738,188.24180327868854,0.0,0.0,0.0,0.0,주거 유출·귀가형,11393.61475409836,0.013936839803139665,0.01652169283773411
신길,16-17시간대,11,205.04508196721312,262.4836065573771,0.0,0.0,0.0,0.0,주거 유출·귀가형,11393.61475409836,0.01799649070050021,0.023037781443589703
신길,17-18시간대,12,343.1885245901639,475.92622950819674,0.0,0.0,343.1885245901639,475.92622950819674,주거 유출·귀가형,11393.61475409836,0.03012112766641655,0.04177131136867717
신길,18-19시간대,13,580.8852459016393,974.639344262295,0.0,0.0,580.8852459016393,974.639344262295,주거 유출·귀가형,11393.61475409836,0.05098340240902836,0.08554259252198348
신길,19-20시간대,14,203.84426229508196,538.5983606557377,0.0,0.0,203.84426229508196,538.5983606557377,주거 유출·귀가형,11393.61475409836,0.017891096609331802,0.04727194768999893
신길,20-21시간대,15,142.12295081967213,408.9303278688525,0.0,0.0,0.0,0.0,주거 유출·귀가형,11393.61475409836,0.01247391226463485,0.03589118437778998
신길,21-22시간대,16,138.4262295081967,398.4918032786885,0.0,0.0,0.0,0.0,주거 유출·귀가형,11393.61475409836,0.012149456734826309,0.03497501116889601
신길,22-23시간대,17,99.61065573770492,364.44262295081967,0.0,0.0,0.0,0.0,주거 유출·귀가형,11393.61475409836,0.008742673671836614,0.031986567109417774
신길,23-24시간대,18,59.32786885245902,216.39344262295083,0.0,0.0,0.0,0.0,주거 유출·귀가형,11393.61475409836,0.005207115575951731,0.018992518818061025
신길,24시이후,19,11.864754098360656,83.09836065573771,0.0,0.0,0.0,0.0,주거 유출·귀가형,11393.61475409836,0.001041351173831187,0.00729341499157207
신답,06시이전,0,50.631147540983605,3.1475409836065573,0.0,0.0,0.0,0.0,주거 유출·귀가형,4002.393442622951,0.012650217492811677,0.0007864146862942665
신답,06-07시간대,1,88.65573770491804,29.024590163934427,0.0,0.0,0.0,0.0,주거 유출·귀가형,4002.393442622951,0.02215068033062184,0.007251808344187494
신답,07-08시간대,2,299.7336065573771,44.22540983606557,299.7336065573771,44.22540983606557,0.0,0.0,주거 유출·귀가형,4002.393442622951,0.07488859125277497,0.011049740728908112
신답,08-09시간대,3,502.1188524590164,73.25409836065573,502.1188524590164,73.25409836065573,0.0,0.0,주거 유출·귀가형,4002.393442622951,0.12545464599051387,0.018302573050551715
신답,09-10시간대,4,189.45081967213116,40.25819672131148,189.45081967213116,40.25819672131148,0.0,0.0,주거 유출·귀가형,4002.393442622951,0.04733438188624839,0.01005853055139138
신답,10-11시간대,5,89.42622950819673,38.5,0.0,0.0,0.0,0.0,주거 유출·귀가형,4002.393442622951,0.022343188092370958,0.009619244222719191
신답,11-12시간대,6,71.63934426229508,42.59426229508197,0.0,0.0,0.0,0.0,주거 유출·귀가형,4002.393442622951,0.01789912593284346,0.010642197701375406
신답,12-13시간대,7,66.76639344262296,50.33196721311475,0.0,0.0,0.0,0.0,주거 유출·귀가형,4002.393442622951,0.016681616737525905,0.012575467138515477
신답,13-14시간대,8,67.13934426229508,51.26639344262295,0.0,0.0,0.0,0.0,주거 유출·귀가형,4002.393442622951,0.016774798686032127,0.012808933998509088
신답,14-15시간대,9,55.15163934426229,68.92622950819673,0.0,0.0,0.0,0.0,주거 유출·귀가형,4002.393442622951,0.013779664626903573,0.0172212528568971
신답,15-16시간대,10,54.614754098360656,107.09836065573771,0.0,0.0,0.0,0.0,주거 유출·귀가형,4002.393442622951,0.013645523580152858,0.02675857888312731
신답,16-17시간대,11,71.53688524590164,141.90983606557376,0.0,0.0,0.0,0.0,주거 유출·귀가형,4002.393442622951,0.017873526496440653,0.0354562433953454
신답,17-18시간대,12,80.4672131147541,202.0327868852459,0.0,0.0,80.4672131147541,202.0327868852459,주거 유출·귀가형,4002.393442622951,0.020104773373309414,0.050477992676513234
신답,18-19시간대,13,82.22540983606558,443.1516393442623,0.0,0.0,82.22540983606558,443.1516393442623,주거 유출·귀가형,4002.393442622951,0.0205440597019816,0.11072165835196972
신답,19-20시간대,14,38.68032786885246,287.1311475409836,0.0,0.0,38.68032786885246,287.1311475409836,주거 유출·귀가형,4002.393442622951,0.009664299230788135,0.07173986057522956
신답,20-21시간대,15,26.32377049180328,139.5655737704918,0.0,0.0,0.0,0.0,주거 유출·귀가형,4002.393442622951,0.006577007200609471,0.034870528290449156
신답,21-22시간대,16,19.53688524590164,148.27459016393442,0.0,0.0,0.0,0.0,주거 유출·귀가형,4002.393442622951,0.004881300533287459,0.037046480384687844
신답,22-23시간대,17,13.09016393442623,117.09426229508196,0.0,0.0,0.0,0.0,주거 유출·귀가형,4002.393442622951,0.00327058399482277,0.02925605989858527
신답,23-24시간대,18,6.778688524590164,72.17622950819673,0.0,0.0,0.0,0.0,주거 유출·귀가형,4002.393442622951,0.0016936587124097874,0.018033266979594176
신답,24시이후,19,3.0450819672131146,25.418032786885245,0.0,0.0,0.0,0.0,주거 유출·귀가형,4002.393442622951,0.0007608152498914583,0.006350708182808647
신당,06시이전,0,457.4303278688525,96.39754098360656,0.0,0.0,0.0,0.0,혼합형,51972.72131147541,0.008801354178232213,0.0018547718601435305
신당,06-07시간대,1,658.5737704918033,592.3852459016393,0.0,0.0,0.0,0.0,혼합형,51972.72131147541,0.012671527560485703,0.011398003240035126
신당,07-08시간대,2,1692.0573770491803,1246.02868852459,1692.0573770491803,1246.02868852459,0.0,0.0,혼합형,51972.72131147541,0.0325566438383818,0.023974667038446393
신당,08-09시간대,3,2862.3647540983607,2784.159836065574,2862.3647540983607,2784.159836065574,0.0,0.0,혼합형,51972.72131147541,0.055074367511834706,0.05356963741382617
신당,09-10시간대,4,1550.9016393442623,1742.0901639344263,1550.9016393442623,1742.0901639344263,0.0,0.0,혼합형,51972.72131147541,0.029840685656031412,0.03351931782624933
신당,10-11시간대,5,1019.2377049180328,1151.02868852459,0.0,0.0,0.0,0.0,혼합형,51972.72131147541,0.019611012839017693,0.022146785072623215
신당,11-12시간대,6,1031.0,1060.405737704918,0.0,0.0,0.0,0.0,혼합형,51972.72131147541,0.019837329544881047,0.02040312130953943
신당,12-13시간대,7,1128.733606557377,1040.672131147541,0.0,0.0,0.0,0.0,혼합형,51972.72131147541,0.02171780845941881,0.020023429693256486
신당,13-14시간대,8,1114.5983606557377,1084.3073770491803,0.0,0.0,0.0,0.0,혼합형,51972.72131147541,0.021445834132407415,0.020863009472812975
신당,14-15시간대,9,1159.3319672131147,1086.795081967213,0.0,0.0,0.0,0.0,혼합형,51972.72131147541,0.022306547318643826,0.020910875061823098
신당,15-16시간대,10,1322.6762295081967,1205.1516393442623,0.0,0.0,0.0,0.0,혼합형,51972.72131147541,0.025449431858326686,0.02318815734357494
신당,16-17시간대,11,1563.5204918032787,1475.311475409836,0.0,0.0,0.0,0.0,혼합형,51972.72131147541,0.0300834832648653,0.028386265682880298
신당,17-18시간대,12,1902.983606557377,2021.3647540983607,0.0,0.0,1902.983606557377,2021.3647540983607,혼합형,51972.72131147541,0.03661504648087773,0.03889280189860002
신당,18-19시간대,13,2364.0491803278687,3170.7131147540986,0.0,0.0,2364.0491803278687,3170.7131147540986,혼합형,51972.72131147541,0.04548634592674088,0.061007256013242764
신당,19-20시간대,14,1486.372950819672,2268.8606557377047,0.0,0.0,1486.372950819672,2268.8606557377047,혼합형,51972.72131147541,0.028599098013585938,0.04365483658514428
신당,20-21시간대,15,1245.795081967213,1278.299180327869,0.0,0.0,0.0,0.0,혼합형,51972.72131147541,0.023970172246727157,0.024595579143661745
신당,21-22시간대,16,1155.766393442623,1074.3852459016393,0.0,0.0,0.0,0.0,혼합형,51972.72131147541,0.02223794260292915,0.020672099108738
신당,22-23시간대,17,1156.4016393442623,1034.4016393442623,0.0,0.0,0.0,0.0,혼합형,51972.72131147541,0.022250165282165675,0.019902780020792748
신당,23-24시간대,18,552.8401639344262,687.3524590163935,0.0,0.0,0.0,0.0,혼합형,51972.72131147541,0.010637121743562825,0.013225254357897712
신당,24시이후,19,156.95491803278688,291.0204918032787,0.0,0.0,0.0,0.0,혼합형,51972.72131147541,0.0030199480433619652,0.005599485354233746
신대방,06시이전,0,932.4180327868852,67.94262295081967,0.0,0.0,0.0,0.0,주거 유출·귀가형,53665.35655737705,0.017374673208217256,0.0012660425143766238
신대방,06-07시간대,1,1404.8155737704917,329.7704918032787,0.0,0.0,0.0,0.0,주거 유출·귀가형,53665.35655737705,0.026177326750238098,0.00614494178289303
신대방,07-08시간대,2,3955.122950819672,589.3770491803278,3955.122950819672,589.3770491803278,0.0,0.0,주거 유출·귀가형,53665.35655737705,0.07369974233919416,0.010982449143893926
신대방,08-09시간대,3,5561.299180327869,992.3237704918033,5561.299180327869,992.3237704918033,0.0,0.0,주거 유출·귀가형,53665.35655737705,0.10362922259506337,0.01849095644097411
신대방,09-10시간대,4,3135.811475409836,655.6762295081967,3135.811475409836,655.6762295081967,0.0,0.0,주거 유출·귀가형,53665.35655737705,0.05843269618561354,0.012217867756215717
신대방,10-11시간대,5,1493.4590163934427,597.0368852459017,0.0,0.0,0.0,0.0,주거 유출·귀가형,53665.35655737705,0.027829108240372737,0.011125182492872688
신대방,11-12시간대,6,1113.0860655737704,651.7581967213115,0.0,0.0,0.0,0.0,주거 유출·귀가형,53665.35655737705,0.020741240475756446,0.012144859151815667
신대방,12-13시간대,7,1150.4754098360656,744.0983606557377,0.0,0.0,0.0,0.0,주거 유출·귀가형,53665.35655737705,0.02143795333971217,0.013865525329365412
신대방,13-14시간대,8,1085.4426229508197,859.0532786885246,0.0,0.0,0.0,0.0,주거 유출·귀가형,53665.35655737705,0.020226132696804202,0.0160075947277096
신대방,14-15시간대,9,922.1680327868852,993.5696721311475,0.0,0.0,0.0,0.0,주거 유출·귀가형,53665.35655737705,0.017183674756748084,0.01851417256622266
신대방,15-16시간대,10,933.0901639344262,1375.5696721311476,0.0,0.0,0.0,0.0,주거 유출·귀가형,53665.35655737705,0.017387197696838184,0.025632358757561566
신대방,16-17시간대,11,1050.6311475409836,1656.7090163934427,0.0,0.0,0.0,0.0,주거 유출·귀가형,53665.35655737705,0.01957745582883973,0.030871107967430526
신대방,17-18시간대,12,1184.1475409836066,2316.9877049180327,0.0,0.0,1184.1475409836066,2316.9877049180327,주거 유출·귀가형,53665.35655737705,0.022065399672087507,0.04317473792316639
신대방,18-19시간대,13,1164.9303278688524,3748.8852459016393,0.0,0.0,1164.9303278688524,3748.8852459016393,주거 유출·귀가형,53665.35655737705,0.021707306213895203,0.06985670992222827
신대방,19-20시간대,14,713.6516393442623,3160.02868852459,0.0,0.0,713.6516393442623,3160.02868852459,주거 유출·귀가형,53665.35655737705,0.013298181268603926,0.05888395962013226
신대방,20-21시간대,15,538.3770491803278,2053.877049180328,0.0,0.0,0.0,0.0,주거 유출·귀가형,53665.35655737705,0.010032115385364387,0.03827193520990394
신대방,21-22시간대,16,444.172131147541,2032.4590163934427,0.0,0.0,0.0,0.0,주거 유출·귀가형,53665.35655737705,0.008276701388774867,0.0378728316883614
신대방,22-23시간대,17,344.85655737704917,1972.405737704918,0.0,0.0,0.0,0.0,주거 유출·귀가형,53665.35655737705,0.00642605545736645,0.036753799177614586
신대방,23-24시간대,18,172.0860655737705,1067.7418032786886,0.0,0.0,0.0,0.0,주거 유출·귀가형,53665.35655737705,0.0032066509311231787,0.019896295706842048
신대방,24시이후,19,53.07377049180328,446.97131147540983,0.0,0.0,0.0,0.0,주거 유출·귀가형,53665.35655737705,0.0009889763880550897,0.008328861301751053
신대방삼거리,06시이전,0,380.1188524590164,23.918032786885245,0.0,0.0,0.0,0.0,주거 유출·귀가형,32836.9631147541,0.011575944192239378,0.0007283874791739965
신대방삼거리,06-07시간대,1,795.1188524590164,176.97131147540983,0.0,0.0,0.0,0.0,주거 유출·귀가형,32836.9631147541,0.02421414092650238,0.005389393375293411
신대방삼거리,07-08시간대,2,2279.9754098360654,361.55737704918033,2279.9754098360654,361.55737704918033,0.0,0.0,주거 유출·귀가형,32836.9631147541,0.06943319946696414,0.011010682558726864
신대방삼거리,08-09시간대,3,3249.5245901639346,793.172131147541,3249.5245901639346,793.172131147541,0.0,0.0,주거 유출·귀가형,32836.9631147541,0.09895935195980039,0.02415485647608983
신대방삼거리,09-10시간대,4,1665.483606557377,622.6434426229508,1665.483606557377,622.6434426229508,0.0,0.0,주거 유출·귀가형,32836.9631147541,0.05071978187316148,0.018961663429319642
신대방삼거리,10-11시간대,5,863.8647540983607,488.655737704918,0.0,0.0,0.0,0.0,주거 유출·귀가형,32836.9631147541,0.02630769328696582,0.01488127071913536
신대방삼거리,11-12시간대,6,743.327868852459,505.71311475409834,0.0,0.0,0.0,0.0,주거 유출·귀가형,32836.9631147541,0.022636924926789943,0.015400727314118597
신대방삼거리,12-13시간대,7,809.0040983606557,556.0450819672132,0.0,0.0,0.0,0.0,주거 유출·귀가형,32836.9631147541,0.02463699506965548,0.016933511178363947
신대방삼거리,13-14시간대,8,704.8483606557377,612.4590163934427,0.0,0.0,0.0,0.0,주거 유출·귀가형,32836.9631147541,0.02146508975853006,0.018651512146635033
신대방삼거리,14-15시간대,9,659.4426229508197,670.9754098360655,0.0,0.0,0.0,0.0,주거 유출·귀가형,32836.9631147541,0.020082326756170794,0.02043354032135167
신대방삼거리,15-16시간대,10,665.2540983606557,846.155737704918,0.0,0.0,0.0,0.0,주거 유출·귀가형,32836.9631147541,0.020259306441823416,0.025768392002265536
신대방삼거리,16-17시간대,11,737.139344262295,1014.7418032786885,0.0,0.0,0.0,0.0,주거 유출·귀가형,32836.9631147541,0.022448462779162674,0.030902425407992463
신대방삼거리,17-18시간대,12,745.8770491803278,1479.3852459016393,0.0,0.0,745.8770491803278,1479.3852459016393,주거 유출·귀가형,32836.9631147541,0.02271455635448806,0.04505243803246017
신대방삼거리,18-19시간대,13,834.922131147541,2574.6393442622953,0.0,0.0,834.922131147541,2574.6393442622953,주거 유출·귀가형,32836.9631147541,0.025426289521042797,0.07840674350014647
신대방삼거리,19-20시간대,14,469.1188524590164,1854.4467213114754,0.0,0.0,469.1188524590164,1854.4467213114754,주거 유출·귀가형,32836.9631147541,0.014286304455731926,0.0564743674629962
신대방삼거리,20-21시간대,15,393.62704918032784,1060.733606557377,0.0,0.0,0.0,0.0,주거 유출·귀가형,32836.9631147541,0.011987315873417836,0.03230303615016015
신대방삼거리,21-22시간대,16,331.49590163934425,937.3032786885246,0.0,0.0,0.0,0.0,주거 유출·귀가형,32836.9631147541,0.010095205834987785,0.02854415237526583
신대방삼거리,22-23시간대,17,241.7827868852459,803.7827868852459,0.0,0.0,0.0,0.0,주거 유출·귀가형,32836.9631147541,0.00736312874123885,0.024477987933180557
신대방삼거리,23-24시간대,18,118.84016393442623,501.77868852459017,0.0,0.0,0.0,0.0,주거 유출·귀가형,32836.9631147541,0.0036190972812899895,0.0152809103196006
신대방삼거리,24시이후,19,33.93852459016394,229.18032786885246,0.0,0.0,0.0,0.0,주거 유출·귀가형,32836.9631147541,0.001033546387087023,0.0069793399306733875
신도림,06시이전,0,1587.672131147541,182.01639344262296,0.0,0.0,0.0,0.0,주거 유출·귀가형,105870.96721311475,0.014996293818225061,0.0017192285877225433
신도림,06-07시간대,1,2414.7049180327867,690.0327868852459,0.0,0.0,0.0,0.0,주거 유출·귀가형,105870.96721311475,0.02280799903501463,0.0065176771786379616
신도림,07-08시간대,2,6455.434426229508,1833.9344262295083,6455.434426229508,1833.9344262295083,0.0,0.0,주거 유출·귀가형,105870.96721311475,0.060974548510876754,0.01732235450855813
신도림,08-09시간대,3,6562.459016393443,4633.180327868852,6562.459016393443,4633.180327868852,0.0,0.0,주거 유출·귀가형,105870.96721311475,0.061985445010466655,0.04376252007353833
신도림,09-10시간대,4,3634.8278688524592,2938.4836065573772,3634.8278688524592,2938.4836065573772,0.0,0.0,주거 유출·귀가형,105870.96721311475,0.03433262172372215,0.02775532975572337
신도림,10-11시간대,5,2218.4918032786886,1800.204918032787,0.0,0.0,0.0,0.0,주거 유출·귀가형,105870.96721311475,0.020954675882132425,0.017003763783597386
신도림,11-12시간대,6,2007.0696721311476,1802.2377049180327,0.0,0.0,0.0,0.0,주거 유출·귀가형,105870.96721311475,0.01895769657125152,0.01702296439107983
신도림,12-13시간대,7,2191.2663934426228,1843.1680327868853,0.0,0.0,0.0,0.0,주거 유출·귀가형,105870.96721311475,0.02069751935893507,0.017409570171174966
신도림,13-14시간대,8,2152.9795081967213,2025.795081967213,0.0,0.0,0.0,0.0,주거 유출·귀가형,105870.96721311475,0.020335882110747557,0.01913456668332268
신도림,14-15시간대,9,2184.8811475409834,2043.2745901639344,0.0,0.0,0.0,0.0,주거 유출·귀가형,105870.96721311475,0.02063720777333497,0.0192996686811304
신도림,15-16시간대,10,2357.77868852459,2427.5737704918033,0.0,0.0,0.0,0.0,주거 유출·귀가형,105870.96721311475,0.022270304603701784,0.02292955126786721
신도림,16-17시간대,11,2666.7581967213114,2953.4508196721313,0.0,0.0,0.0,0.0,주거 유출·귀가형,105870.96721311475,0.025188758230131357,0.027896701970493314
신도림,17-18시간대,12,3804.0409836065573,4233.938524590164,0.0,0.0,3804.0409836065573,4233.938524590164,주거 유출·귀가형,105870.96721311475,0.03593091745302703,0.03999149753744467
신도림,18-19시간대,13,4735.061475409836,7083.098360655737,0.0,0.0,4735.061475409836,7083.098360655737,주거 유출·귀가형,105870.96721311475,0.044724834390889374,0.0669031231801037
신도림,19-20시간대,14,2519.7295081967213,4854.9098360655735,0.0,0.0,2519.7295081967213,4854.9098360655735,주거 유출·귀가형,105870.96721311475,0.02380000461433954,0.04585685730340784
신도림,20-21시간대,15,2049.848360655738,2797.3975409836066,0.0,0.0,0.0,0.0,주거 유출·귀가형,105870.96721311475,0.019361760968230893,0.02642270694809596
신도림,21-22시간대,16,1893.22131147541,2581.5204918032787,0.0,0.0,0.0,0.0,주거 유출·귀가형,105870.96721311475,0.01788234641952801,0.024383648886542836
신도림,22-23시간대,17,1701.766393442623,2488.3975409836066,0.0,0.0,0.0,0.0,주거 유출·귀가형,105870.96721311475,0.016073966624079512,0.023504059767155472
신도림,23-24시간대,18,787.3237704918033,1623.0081967213114,0.0,0.0,0.0,0.0,주거 유출·귀가형,105870.96721311475,0.007436635285544777,0.015330059216841286
신도림,24시이후,19,141.02459016393442,969.0040983606557,0.0,0.0,0.0,0.0,주거 유출·귀가형,105870.96721311475,0.001332042144094675,0.009152689579288366
신림,06시이전,0,1395.5,136.11475409836066,0.0,0.0,0.0,0.0,주거 유출·귀가형,118273.14754098361,0.011798958842423941,0.001150850864531145
신림,06-07시간대,1,2778.6762295081967,621.5573770491803,0.0,0.0,0.0,0.0,주거 유출·귀가형,118273.14754098361,0.02349372014932924,0.005255270447874065
신림,07-08시간대,2,8057.077868852459,1124.844262295082,8057.077868852459,1124.844262295082,0.0,0.0,주거 유출·귀가형,118273.14754098361,0.06812262999985307,0.009510563350022495
신림,08-09시간대,3,11649.942622950819,1817.5409836065573,11649.942622950819,1817.5409836065573,0.0,0.0,주거 유출·귀가형,118273.14754098361,0.0985003178250069,0.015367317276956286
신림,09-10시간대,4,6428.430327868852,1577.5204918032787,6428.430327868852,1577.5204918032787,0.0,0.0,주거 유출·귀가형,118273.14754098361,0.05435240763877781,0.013337942927887682
신림,10-11시간대,5,3109.651639344262,1361.610655737705,0.0,0.0,0.0,0.0,주거 유출·귀가형,118273.14754098361,0.026292118743747105,0.011512424282662168
신림,11-12시간대,6,2362.5368852459014,1464.0573770491803,0.0,0.0,0.0,0.0,주거 유출·귀가형,118273.14754098361,0.019975260102275058,0.01237861177696197
신림,12-13시간대,7,2494.9795081967213,1628.5245901639344,0.0,0.0,0.0,0.0,주거 유출·귀가형,118273.14754098361,0.021095063081264236,0.013769182811336137
신림,13-14시간대,8,2344.30737704918,1836.1024590163934,0.0,0.0,0.0,0.0,주거 유출·귀가형,118273.14754098361,0.01982112952762028,0.015524254635906712
신림,14-15시간대,9,2140.55737704918,2081.3565573770493,0.0,0.0,0.0,0.0,주거 유출·귀가형,118273.14754098361,0.01809842235159457,0.01759787915220422
신림,15-16시간대,10,2138.8278688524592,2772.7336065573772,0.0,0.0,0.0,0.0,주거 유출·귀가형,118273.14754098361,0.018083799351930833,0.023443475245271368
신림,16-17시간대,11,2398.9877049180327,3468.4754098360654,0.0,0.0,0.0,0.0,주거 유출·귀가형,118273.14754098361,0.020283451948268676,0.02932597535407757
신림,17-18시간대,12,2614.9590163934427,4995.663934426229,0.0,0.0,2614.9590163934427,4995.663934426229,주거 유출·귀가형,118273.14754098361,0.022109490368363755,0.04223836127042403
신림,18-19시간대,13,2831.4836065573772,9121.659836065573,0.0,0.0,2831.4836065573772,9121.659836065573,주거 유출·귀가형,118273.14754098361,0.023940206762284914,0.07712367537107073
신림,19-20시간대,14,1832.9590163934427,7770.336065573771,0.0,0.0,1832.9590163934427,7770.336065573771,주거 유출·귀가형,118273.14754098361,0.015497676814242994,0.06569822674991566
신림,20-21시간대,15,1542.155737704918,4743.819672131148,0.0,0.0,0.0,0.0,주거 유출·귀가형,118273.14754098361,0.013038933771256365,0.04010901688810924
신림,21-22시간대,16,1434.311475409836,4328.61475409836,0.0,0.0,0.0,0.0,주거 유출·귀가형,118273.14754098361,0.012127110043408823,0.03659845741907243
신림,22-23시간대,17,1203.9180327868853,4160.110655737705,0.0,0.0,0.0,0.0,주거 유출·귀가형,118273.14754098361,0.010179132438913979,0.03517375450159689
신림,23-24시간대,18,710.0409836065573,2493.1803278688526,0.0,0.0,0.0,0.0,주거 유출·귀가형,118273.14754098361,0.006003399743466845,0.02107985100341499
신림,24시이후,19,226.89754098360655,1073.122950819672,0.0,0.0,0.0,0.0,주거 유출·귀가형,118273.14754098361,0.0019184197402456274,0.009073259426429123
신사,06시이전,0,103.75819672131148,70.59016393442623,0.0,0.0,0.0,0.0,업무 유입형,61818.70081967213,0.0016784273261254503,0.0011418901238371354
신사,06-07시간대,1,217.68032786885246,651.4918032786885,0.0,0.0,0.0,0.0,업무 유입형,61818.70081967213,0.003521269858191222,0.010538749514958569
신사,07-08시간대,2,459.1639344262295,1891.8565573770493,459.1639344262295,1891.8565573770493,0.0,0.0,업무 유입형,61818.70081967213,0.007427589521262035,0.03060330502408451
신사,08-09시간대,3,730.8032786885246,4707.94262295082,730.8032786885246,4707.94262295082,0.0,0.0,업무 유입형,61818.70081967213,0.011821718492925142,0.07615725598446489
신사,09-10시간대,4,598.2008196721312,5682.926229508197,598.2008196721312,5682.926229508197,0.0,0.0,업무 유입형,61818.70081967213,0.009676696723490022,0.09192891720719824
신사,10-11시간대,5,682.8237704918033,2555.8893442622953,0.0,0.0,0.0,0.0,업무 유입형,61818.70081967213,0.011045585905851214,0.04134492168830815
신사,11-12시간대,6,857.4713114754098,1533.6188524590164,0.0,0.0,0.0,0.0,업무 유입형,61818.70081967213,0.013870742996956396,0.02480833197922826
신사,12-13시간대,7,970.2377049180328,1417.8360655737704,0.0,0.0,0.0,0.0,업무 유입형,61818.70081967213,0.01569488992899186,0.022935390857042767
신사,13-14시간대,8,1133.4754098360656,1517.2909836065573,0.0,0.0,0.0,0.0,업무 유입형,61818.70081967213,0.01833547769213823,0.024544206906459615
신사,14-15시간대,9,1388.5860655737704,1415.799180327869,0.0,0.0,0.0,0.0,업무 유입형,61818.70081967213,0.022462233064786286,0.0229024415194007
신사,15-16시간대,10,1669.549180327869,1325.0655737704917,0.0,0.0,0.0,0.0,업무 유입형,61818.70081967213,0.02700718646931804,0.021434704324113287
신사,16-17시간대,11,1999.3483606557377,1407.7418032786886,0.0,0.0,0.0,0.0,업무 유입형,61818.70081967213,0.032342128419811426,0.022772102690820587
신사,17-18시간대,12,3451.1434426229507,1857.172131147541,0.0,0.0,3451.1434426229507,1857.172131147541,업무 유입형,61818.70081967213,0.05582685169476609,0.03004223813381316
신사,18-19시간대,13,5271.811475409836,2495.5491803278687,0.0,0.0,5271.811475409836,2495.5491803278687,업무 유입형,61818.70081967213,0.08527858731272826,0.040368838995945504
신사,19-20시간대,14,3609.6106557377047,1276.327868852459,0.0,0.0,3609.6106557377047,1276.327868852459,업무 유입형,61818.70081967213,0.05839027038544692,0.020646306893047844
신사,20-21시간대,15,2220.5778688524592,598.7295081967213,0.0,0.0,0.0,0.0,업무 유입형,61818.70081967213,0.035920811007173745,0.009685248966057079
신사,21-22시간대,16,2135.1065573770493,482.0409836065574,0.0,0.0,0.0,0.0,업무 유입형,61818.70081967213,0.03453819845883285,0.0077976563275357754
신사,22-23시간대,17,1739.3032786885246,387.85655737704917,0.0,0.0,0.0,0.0,업무 유입형,61818.70081967213,0.0281355521165375,0.006274097517973466
신사,23-24시간대,18,757.6516393442623,244.21311475409837,0.0,0.0,0.0,0.0,업무 유입형,61818.70081967213,0.012256026563132821,0.003950473101440271
신사,24시이후,19,145.2295081967213,157.2295081967213,0.0,0.0,0.0,0.0,업무 유입형,61818.70081967213,0.002349281144234366,0.002543397161570359
신설동,06시이전,0,399.77868852459017,102.82786885245902,0.0,0.0,0.0,0.0,업무 유입형,38851.93032786885,0.010289802466721329,0.0026466604872576855
신설동,06-07시간대,1,454.0983606557377,411.5204918032787,0.0,0.0,0.0,0.0,업무 유입형,38851.93032786885,0.011687922757598704,0.010592021769072596
신설동,07-08시간대,2,1178.6024590163934,1313.4098360655737,1178.6024590163934,1313.4098360655737,0.0,0.0,업무 유입형,38851.93032786885,0.030335750349345467,0.03380552330300697
신설동,08-09시간대,3,1820.9262295081967,2993.5204918032787,1820.9262295081967,2993.5204918032787,0.0,0.0,업무 유입형,38851.93032786885,0.046868359284635834,0.07704946617944484
신설동,09-10시간대,4,1031.8073770491803,1656.3196721311476,1031.8073770491803,1656.3196721311476,0.0,0.0,업무 유입형,38851.93032786885,0.026557428893283462,0.04263159277167379
신설동,10-11시간대,5,853.344262295082,941.6967213114754,0.0,0.0,0.0,0.0,업무 유입형,38851.93032786885,0.02196401195754668,0.024238093535239032
신설동,11-12시간대,6,911.8524590163935,808.5,0.0,0.0,0.0,0.0,업무 유입형,38851.93032786885,0.02346993962259613,0.020809776841900062
신설동,12-13시간대,7,995.1516393442623,796.3032786885246,0.0,0.0,0.0,0.0,업무 유입형,38851.93032786885,0.02561395613927658,0.020495848519457703
신설동,13-14시간대,8,1034.0,909.3934426229508,0.0,0.0,0.0,0.0,업무 유입형,38851.93032786885,0.026613864260389197,0.02340664762210372
신설동,14-15시간대,9,995.9549180327868,825.1639344262295,0.0,0.0,0.0,0.0,업무 유입형,38851.93032786885,0.0256346315261041,0.02123868563190364
신설동,15-16시간대,10,1095.2254098360656,919.4877049180328,0.0,0.0,0.0,0.0,업무 유입형,38851.93032786885,0.028189729585982762,0.02366646128412507
신설동,16-17시간대,11,1381.6844262295083,974.094262295082,0.0,0.0,0.0,0.0,업무 유입형,38851.93032786885,0.03556282569667878,0.02507196564172656
신설동,17-18시간대,12,2121.3688524590166,1172.3975409836066,0.0,0.0,2121.3688524590166,1172.3975409836066,업무 유입형,38851.93032786885,0.05460137590479871,0.03017604353476962
신설동,18-19시간대,13,2647.8688524590166,1606.4139344262296,0.0,0.0,2647.8688524590166,1606.4139344262296,업무 유입형,38851.93032786885,0.068152826130229,0.0413470816216803
신설동,19-20시간대,14,972.9180327868852,1108.6762295081967,0.0,0.0,972.9180327868852,1108.6762295081967,업무 유입형,38851.93032786885,0.025041690968157688,0.028535936828676254
신설동,20-21시간대,15,656.0081967213115,750.2090163934427,0.0,0.0,0.0,0.0,업무 유입형,38851.93032786885,0.016884828918030635,0.019309439970227445
신설동,21-22시간대,16,578.188524590164,691.4713114754098,0.0,0.0,0.0,0.0,업무 유입형,38851.93032786885,0.014881848075780779,0.017797605051798702
신설동,22-23시간대,17,390.844262295082,624.7172131147541,0.0,0.0,0.0,0.0,업무 유입형,38851.93032786885,0.0100598415315989,0.016079438211764698
신설동,23-24시간대,18,170.09016393442624,374.55737704918033,0.0,0.0,0.0,0.0,업무 유입형,38851.93032786885,0.004377907674060122,0.00964063751500416
신설동,24시이후,19,30.08606557377049,151.45081967213116,0.0,0.0,0.0,0.0,업무 유입형,38851.93032786885,0.0007743776260246579,0.003898154310327641
신용산,06시이전,0,58.66803278688525,50.82377049180328,0.0,0.0,0.0,0.0,업무 유입형,47452.30737704918,0.0012363578512782853,0.001071049508466784
신용산,06-07시간대,1,164.327868852459,594.2868852459017,0.0,0.0,0.0,0.0,업무 유입형,47452.30737704918,0.0034630111355119886,0.012523877511872792
신용산,07-08시간대,2,519.9795081967213,1886.8565573770493,519.9795081967213,1886.8565573770493,0.0,0.0,업무 유입형,47452.30737704918,0.010957939390913897,0.039763220413801155
신용산,08-09시간대,3,787.594262295082,4471.786885245901,787.594262295082,4471.786885245901,0.0,0.0,업무 유입형,47452.30737704918,0.016597596741439184,0.09423750144990271
신용산,09-10시간대,4,649.2704918032787,3105.188524590164,649.2704918032787,3105.188524590164,0.0,0.0,업무 유입형,47452.30737704918,0.013682590535466886,0.06543809345068902
신용산,10-11시간대,5,539.0204918032787,1331.9098360655737,0.0,0.0,0.0,0.0,업무 유입형,47452.30737704918,0.011359205096609943,0.02806838928784665
신용산,11-12시간대,6,735.8852459016393,1101.049180327869,0.0,0.0,0.0,0.0,업무 유입형,47452.30737704918,0.015507891746009344,0.023203280118268877
신용산,12-13시간대,7,777.4713114754098,1099.3155737704917,0.0,0.0,0.0,0.0,업무 유입형,47452.30737704918,0.01638426779329686,0.023166746456299563
신용산,13-14시간대,8,909.9549180327868,1096.045081967213,0.0,0.0,0.0,0.0,업무 유입형,47452.30737704918,0.01917619960611012,0.023097824796130505
신용산,14-15시간대,9,900.8688524590164,1022.0819672131148,0.0,0.0,0.0,0.0,업무 유입형,47452.30737704918,0.018984721760753224,0.021539141586768354
신용산,15-16시간대,10,1223.9098360655737,1091.827868852459,0.0,0.0,0.0,0.0,업무 유입형,47452.30737704918,0.02579241987835413,0.023008952129070403
신용산,16-17시간대,11,1674.4631147540983,1228.639344262295,0.0,0.0,0.0,0.0,업무 유입형,47452.30737704918,0.03528728543059152,0.02589208854481415
신용산,17-18시간대,12,2846.4877049180327,1628.3073770491803,0.0,0.0,2846.4877049180327,1628.3073770491803,업무 유입형,47452.30737704918,0.05998628648972225,0.03431460906865677
신용산,18-19시간대,13,4296.020491803279,2144.1352459016393,0.0,0.0,4296.020491803279,2144.1352459016393,업무 유입형,47452.30737704918,0.09053343723978942,0.04518505768043375
신용산,19-20시간대,14,1939.0409836065573,1170.1598360655737,0.0,0.0,1939.0409836065573,1170.1598360655737,업무 유입형,47452.30737704918,0.04086294409667411,0.024659703621315032
신용산,20-21시간대,15,1526.0,610.0204918032787,0.0,0.0,0.0,0.0,업무 유입형,47452.30737704918,0.03215860480449611,0.012855444245442986
신용산,21-22시간대,16,1497.889344262295,459.79918032786884,0.0,0.0,0.0,0.0,업무 유입형,47452.30737704918,0.03156620672542396,0.009689711749407061
신용산,22-23시간대,17,1126.47131147541,341.7336065573771,0.0,0.0,0.0,0.0,업무 유입형,47452.30737704918,0.02373902079249027,0.007201622543705013
신용산,23-24시간대,18,516.7377049180328,173.88524590163934,0.0,0.0,0.0,0.0,업무 유입형,47452.30737704918,0.010889622306711234,0.003664421300316806
신용산,24시이후,19,87.86065573770492,66.5327868852459,0.0,0.0,0.0,0.0,업무 유입형,47452.30737704918,0.001851557081083051,0.0014020980340657828
신정(은행정),06시이전,0,481.9918032786885,30.938524590163933,0.0,0.0,0.0,0.0,주거 유출·귀가형,27497.483606557376,0.01752857862105415,0.0011251402140225648
신정(은행정),06-07시간대,1,1003.860655737705,123.65573770491804,0.0,0.0,0.0,0.0,주거 유출·귀가형,27497.483606557376,0.03650736445928138,0.0044969837776511895
신정(은행정),07-08시간대,2,2757.127049180328,337.5614754098361,2757.127049180328,337.5614754098361,0.0,0.0,주거 유출·귀가형,27497.483606557376,0.10026834050090426,0.012276086068084323
신정(은행정),08-09시간대,3,3322.6024590163934,563.811475409836,3322.6024590163934,563.811475409836,0.0,0.0,주거 유출·귀가형,27497.483606557376,0.1208329644471193,0.020504111702620776
신정(은행정),09-10시간대,4,1434.9344262295083,330.3155737704918,1434.9344262295083,330.3155737704918,0.0,0.0,주거 유출·귀가형,27497.483606557376,0.052184208808376806,0.012012574623072814
신정(은행정),10-11시간대,5,723.4877049180328,260.6844262295082,0.0,0.0,0.0,0.0,주거 유출·귀가형,27497.483606557376,0.026311051413646497,0.009480301178080974
신정(은행정),11-12시간대,6,585.4590163934427,294.3688524590164,0.0,0.0,0.0,0.0,주거 유출·귀가형,27497.483606557376,0.02129136704908616,0.010705301498527586
신정(은행정),12-13시간대,7,582.8934426229508,364.7663934426229,0.0,0.0,0.0,0.0,주거 유출·귀가형,27497.483606557376,0.021198064919800412,0.013265446346357177
신정(은행정),13-14시간대,8,529.9262295081967,416.172131147541,0.0,0.0,0.0,0.0,주거 유출·귀가형,27497.483606557376,0.019271808180361064,0.015134916965576284
신정(은행정),14-15시간대,9,443.577868852459,465.2336065573771,0.0,0.0,0.0,0.0,주거 유출·귀가형,27497.483606557376,0.01613158044566224,0.01691913388199755
신정(은행정),15-16시간대,10,459.8483606557377,632.6680327868852,0.0,0.0,0.0,0.0,주거 유출·귀가형,27497.483606557376,0.01672328883745845,0.023008215654904934
신정(은행정),16-17시간대,11,524.0573770491803,826.5983606557377,0.0,0.0,0.0,0.0,주거 유출·귀가형,27497.483606557376,0.019058375833496538,0.030060872932336877
신정(은행정),17-18시간대,12,606.8934426229508,1207.372950819672,0.0,0.0,606.8934426229508,1207.372950819672,주거 유출·귀가형,27497.483606557376,0.02207087205893356,0.04390848879465274
신정(은행정),18-19시간대,13,621.8688524590164,2038.9098360655737,0.0,0.0,621.8688524590164,2038.9098360655737,주거 유출·귀가형,27497.483606557376,0.02261548225128201,0.07414896087361794
신정(은행정),19-20시간대,14,324.49590163934425,1439.233606557377,0.0,0.0,324.49590163934425,1439.233606557377,주거 유출·귀가형,27497.483606557376,0.01180093081542782,0.05234055694515117
신정(은행정),20-21시간대,15,234.94262295081967,911.7131147540983,0.0,0.0,0.0,0.0,주거 유출·귀가형,27497.483606557376,0.00854414994158929,0.033156238141612365
신정(은행정),21-22시간대,16,190.02868852459017,821.860655737705,0.0,0.0,0.0,0.0,주거 유출·귀가형,27497.483606557376,0.006910766499348823,0.02988857698752166
신정(은행정),22-23시간대,17,149.04098360655738,778.3155737704918,0.0,0.0,0.0,0.0,주거 유출·귀가형,27497.483606557376,0.0054201681048012445,0.028304974553558255
신정(은행정),23-24시간대,18,59.25409836065574,440.0409836065574,0.0,0.0,0.0,0.0,주거 유출·귀가형,27497.483606557376,0.0021548916696699223,0.016002954666790675
신정(은행정),24시이후,19,14.262295081967213,162.70901639344262,0.0,0.0,0.0,0.0,주거 유출·귀가형,27497.483606557376,0.0005186763736651908,0.005917232962897053
신정네거리,06시이전,0,341.9385245901639,29.348360655737704,0.0,0.0,0.0,0.0,주거 유출·귀가형,23146.82786885246,0.014772586832526356,0.0012679214975815473
신정네거리,06-07시간대,1,792.983606557377,81.12704918032787,0.0,0.0,0.0,0.0,주거 유출·귀가형,23146.82786885246,0.03425884579305382,0.0035048884296364656
신정네거리,07-08시간대,2,2278.7049180327867,170.29918032786884,2278.7049180327867,170.29918032786884,0.0,0.0,주거 유출·귀가형,23146.82786885246,0.09844566741255839,0.00735734422413155
신정네거리,08-09시간대,3,1968.3934426229507,467.0,1968.3934426229507,467.0,0.0,0.0,주거 유출·귀가형,23146.82786885246,0.08503944703678902,0.020175550734034653
신정네거리,09-10시간대,4,943.4713114754098,317.96311475409834,943.4713114754098,317.96311475409834,0.0,0.0,주거 유출·귀가형,23146.82786885246,0.040760285462052126,0.013736790049835104
신정네거리,10-11시간대,5,594.061475409836,274.7254098360656,0.0,0.0,0.0,0.0,주거 유출·귀가형,23146.82786885246,0.0256649195637401,0.011868814655409001
신정네거리,11-12시간대,6,522.4795081967213,308.26229508196724,0.0,0.0,0.0,0.0,주거 유출·귀가형,23146.82786885246,0.02257240219511012,0.013317690736223107
신정네거리,12-13시간대,7,522.7172131147541,363.23770491803276,0.0,0.0,0.0,0.0,주거 유출·귀가형,23146.82786885246,0.022582671633297486,0.01569276390597019
신정네거리,13-14시간대,8,453.2336065573771,423.2336065573771,0.0,0.0,0.0,0.0,주거 유출·귀가형,23146.82786885246,0.019580808615562873,0.018284734692605616
신정네거리,14-15시간대,9,401.5163934426229,467.6885245901639,0.0,0.0,0.0,0.0,주거 유출·귀가형,23146.82786885246,0.017346497572694342,0.020205296692922196
신정네거리,15-16시간대,10,387.2254098360656,626.2909836065573,0.0,0.0,0.0,0.0,주거 유출·귀가형,23146.82786885246,0.01672909186649872,0.02705731373452369
신정네거리,16-17시간대,11,443.2704918032787,826.389344262295,0.0,0.0,0.0,0.0,주거 유출·귀가형,23146.82786885246,0.019150377508088953,0.035702055976936965
신정네거리,17-18시간대,12,462.05737704918033,1245.549180327869,0.0,0.0,462.05737704918033,1245.549180327869,주거 유출·귀가형,23146.82786885246,0.019962017243449072,0.05381079374612462
신정네거리,18-19시간대,13,450.422131147541,2059.3811475409834,0.0,0.0,450.422131147541,2059.3811475409834,주거 유출·귀가형,23146.82786885246,0.019459345950105403,0.08897034009192209
신정네거리,19-20시간대,14,263.6516393442623,1464.7745901639344,0.0,0.0,263.6516393442623,1464.7745901639344,주거 유출·귀가형,23146.82786885246,0.011390400483301009,0.06328187164406268
신정네거리,20-21시간대,15,197.47131147540983,790.6926229508197,0.0,0.0,0.0,0.0,주거 유출·귀가형,23146.82786885246,0.00853124724451497,0.034159869656041106
신정네거리,21-22시간대,16,159.84016393442624,692.1065573770492,0.0,0.0,0.0,0.0,주거 유출·귀가형,23146.82786885246,0.0069054889438874365,0.029900708697470496
신정네거리,22-23시간대,17,125.00819672131148,618.610655737705,0.0,0.0,0.0,0.0,주거 유출·귀가형,23146.82786885246,0.005400662130880095,0.026725504645504307
신정네거리,23-24시간대,18,58.459016393442624,382.6393442622951,0.0,0.0,0.0,0.0,주거 유출·귀가형,23146.82786885246,0.0025255735569757283,0.01653096253319419
신정네거리,24시이후,19,18.512295081967213,152.09016393442624,0.0,0.0,0.0,0.0,주거 유출·귀가형,23146.82786885246,0.0007997767636609202,0.006570669847123478
신촌,06시이전,0,216.02459016393442,98.97540983606558,0.0,0.0,0.0,0.0,혼합형,82626.51229508196,0.0026144706361615664,0.0011978650325043033
신촌,06-07시간대,1,542.5,612.7295081967213,0.0,0.0,0.0,0.0,혼합형,82626.51229508196,0.006565689207146776,0.007415652569341133
신촌,07-08시간대,2,1576.360655737705,1518.1598360655737,1576.360655737705,1518.1598360655737,0.0,0.0,혼합형,82626.51229508196,0.019078145887461498,0.018373761567519735
신촌,08-09시간대,3,2282.5450819672133,3684.5122950819673,2282.5450819672133,3684.5122950819673,0.0,0.0,혼합형,82626.51229508196,0.027624850893084026,0.044592373473583906
신촌,09-10시간대,4,1544.2745901639344,3768.3319672131147,1544.2745901639344,3768.3319672131147,0.0,0.0,혼합형,82626.51229508196,0.018689819372369316,0.045606813872953594
신촌,10-11시간대,5,1417.6803278688524,2636.9590163934427,0.0,0.0,0.0,0.0,혼합형,82626.51229508196,0.017157692954604287,0.03191419973018028
신촌,11-12시간대,6,1645.422131147541,2206.934426229508,0.0,0.0,0.0,0.0,혼합형,82626.51229508196,0.01991397295424121,0.026709761369909202
신촌,12-13시간대,7,1967.5245901639344,2208.1393442622953,0.0,0.0,0.0,0.0,혼합형,82626.51229508196,0.02381226721923544,0.026724344074652736
신촌,13-14시간대,8,2171.1680327868853,2460.6967213114754,0.0,0.0,0.0,0.0,혼합형,82626.51229508196,0.02627689312400175,0.029780958350555227
신촌,14-15시간대,9,2253.2295081967213,2065.245901639344,0.0,0.0,0.0,0.0,혼합형,82626.51229508196,0.027270054678694654,0.0249949543345577
신촌,15-16시간대,10,2612.7336065573772,1981.1680327868853,0.0,0.0,0.0,0.0,혼합형,82626.51229508196,0.031621008003176854,0.023977389069885828
신촌,16-17시간대,11,3191.2868852459014,2233.3237704918033,0.0,0.0,0.0,0.0,혼합형,82626.51229508196,0.03862303752878906,0.027029142444207142
신촌,17-18시간대,12,3909.9180327868853,3090.8032786885246,0.0,0.0,3909.9180327868853,3090.8032786885246,혼합형,82626.51229508196,0.04732038088239153,0.03740691931483708
신촌,18-19시간대,13,3866.8606557377047,4482.9672131147545,0.0,0.0,3866.8606557377047,4482.9672131147545,혼합형,82626.51229508196,0.04679927239247475,0.05425579621592701
신촌,19-20시간대,14,2536.6967213114754,2929.032786885246,0.0,0.0,2536.6967213114754,2929.032786885246,혼합형,82626.51229508196,0.030700759972201595,0.03544906720042673
신촌,20-21시간대,15,2534.2336065573772,1682.0655737704917,0.0,0.0,0.0,0.0,혼합형,82626.51229508196,0.030670949749239482,0.020357455821968785
신촌,21-22시간대,16,2691.6434426229507,1449.532786885246,0.0,0.0,0.0,0.0,혼합형,82626.51229508196,0.03257602636076848,0.017543192210613543
신촌,22-23시간대,17,2555.561475409836,1304.155737704918,0.0,0.0,0.0,0.0,혼합형,82626.51229508196,0.030929073543407282,0.01578374424237368
신촌,23-24시간대,18,1234.3196721311476,838.2213114754098,0.0,0.0,0.0,0.0,혼합형,82626.51229508196,0.014938542579687415,0.010144701599916154
신촌,24시이후,19,292.4139344262295,332.15983606557376,0.0,0.0,0.0,0.0,혼합형,82626.51229508196,0.003538984356279484,0.0040200152086698245
신풍,06시이전,0,528.9426229508197,45.25,0.0,0.0,0.0,0.0,주거 유출·귀가형,25771.67213114754,0.020524187187355287,0.00175580380542367
신풍,06-07시간대,1,689.0491803278688,218.6516393442623,0.0,0.0,0.0,0.0,주거 유출·귀가형,25771.67213114754,0.026736688904833876,0.008484185202713362
신풍,07-08시간대,2,1827.6434426229507,499.60655737704917,1827.6434426229507,499.60655737704917,0.0,0.0,주거 유출·귀가형,25771.67213114754,0.07091675826552472,0.01938588054491143
신풍,08-09시간대,3,2255.032786885246,867.7950819672132,2255.032786885246,867.7950819672132,0.0,0.0,주거 유출·귀가형,25771.67213114754,0.08750044527222672,0.03367243993913765
신풍,09-10시간대,4,1167.9959016393443,520.9795081967213,1167.9959016393443,520.9795081967213,0.0,0.0,주거 유출·귀가형,25771.67213114754,0.04532092041585882,0.020215200067172496
신풍,10-11시간대,5,609.3360655737705,406.67622950819674,0.0,0.0,0.0,0.0,주거 유출·귀가형,25771.67213114754,0.023643637187100844,0.015779970637477166
신풍,11-12시간대,6,540.4549180327868,423.38524590163934,0.0,0.0,0.0,0.0,주거 유출·귀가형,25771.67213114754,0.020970890646229944,0.016428318804736677
신풍,12-13시간대,7,576.3360655737705,441.5614754098361,0.0,0.0,0.0,0.0,주거 유출·귀가형,25771.67213114754,0.02236316148369795,0.017133598206697912
신풍,13-14시간대,8,533.6803278688525,474.12704918032784,0.0,0.0,0.0,0.0,주거 유출·귀가형,25771.67213114754,0.02070802100667145,0.018397217175803653
신풍,14-15시간대,9,488.82377049180326,482.5983606557377,0.0,0.0,0.0,0.0,주거 유출·귀가형,25771.67213114754,0.018967483677592375,0.01872592349459821
신풍,15-16시간대,10,548.3073770491803,632.922131147541,0.0,0.0,0.0,0.0,주거 유출·귀가형,25771.67213114754,0.021275584069940817,0.02455883063880026
신풍,16-17시간대,11,648.8811475409836,804.8237704918033,0.0,0.0,0.0,0.0,주거 유출·귀가형,25771.67213114754,0.02517807708552789,0.031229008595026184
신풍,17-18시간대,12,710.5,1205.5122950819673,0.0,0.0,710.5,1205.5122950819673,주거 유출·귀가형,25771.67213114754,0.02756902991720481,0.046776642545634045
신풍,18-19시간대,13,776.2131147540983,1825.8196721311476,0.0,0.0,776.2131147540983,1825.8196721311476,주거 유출·귀가형,25771.67213114754,0.03011884951834267,0.07084599178663573
신풍,19-20시간대,14,448.2172131147541,1268.295081967213,0.0,0.0,448.2172131147541,1268.295081967213,주거 유출·귀가형,25771.67213114754,0.017391856098193974,0.04921275870316372
신풍,20-21시간대,15,329.5450819672131,729.9918032786885,0.0,0.0,0.0,0.0,주거 유출·귀가형,25771.67213114754,0.012787105170755536,0.028325356599443283
신풍,21-22시간대,16,268.22131147540983,657.8319672131148,0.0,0.0,0.0,0.0,주거 유출·귀가형,25771.67213114754,0.010407602196337063,0.025525389422367425
신풍,22-23시간대,17,195.11475409836066,579.7459016393443,0.0,0.0,0.0,0.0,주거 유출·귀가형,25771.67213114754,0.007570900060557023,0.022495470945351106
신풍,23-24시간대,18,82.20081967213115,302.9016393442623,0.0,0.0,0.0,0.0,주거 유출·귀가형,25771.67213114754,0.0031895803754535415,0.011753278475795003
신풍,24시이후,19,21.75,136.95081967213116,0.0,0.0,0.0,0.0,주거 유출·귀가형,25771.67213114754,0.000843949895424637,0.005314005974281077
신흥,06시이전,0,148.10245901639345,21.389344262295083,0.0,0.0,0.0,0.0,주거 유출·귀가형,11735.27868852459,0.012620276258220974,0.001822653285874734
신흥,06-07시간대,1,331.42622950819674,98.63934426229508,0.0,0.0,0.0,0.0,주거 유출·귀가형,11735.27868852459,0.02824187122477831,0.008405368707498199
신흥,07-08시간대,2,836.3688524590164,138.62704918032787,836.3688524590164,138.62704918032787,0.0,0.0,주거 유출·귀가형,11735.27868852459,0.07126961997731375,0.011812846789559853
신흥,08-09시간대,3,959.061475409836,294.03688524590166,959.061475409836,294.03688524590166,0.0,0.0,주거 유출·귀가형,11735.27868852459,0.0817246442001978,0.025055807625039814
신흥,09-10시간대,4,469.6393442622951,172.9262295081967,469.6393442622951,172.9262295081967,0.0,0.0,주거 유출·귀가형,11735.27868852459,0.04001944536021412,0.014735587803065438
신흥,10-11시간대,5,270.405737704918,191.49590163934425,0.0,0.0,0.0,0.0,주거 유출·귀가형,11735.27868852459,0.023042123232176484,0.016317967959857623
신흥,11-12시간대,6,237.36885245901638,203.29508196721312,0.0,0.0,0.0,0.0,주거 유출·귀가형,11735.27868852459,0.020226946352039248,0.0173234132194923
신흥,12-13시간대,7,241.9877049180328,246.40573770491804,0.0,0.0,0.0,0.0,주거 유출·귀가형,11735.27868852459,0.020620533294591622,0.020997007761380845
신흥,13-14시간대,8,230.63114754098362,273.7663934426229,0.0,0.0,0.0,0.0,주거 유출·귀가형,11735.27868852459,0.01965280532847572,0.023328495275559753
신흥,14-15시간대,9,238.51639344262296,294.2418032786885,0.0,0.0,0.0,0.0,주거 유출·귀가형,11735.27868852459,0.02032473192782866,0.025073269335002205
신흥,15-16시간대,10,287.4672131147541,349.6885245901639,0.0,0.0,0.0,0.0,주거 유출·귀가형,11735.27868852459,0.024495985203645446,0.0297980588166269
신흥,16-17시간대,11,338.8483606557377,454.88524590163934,0.0,0.0,0.0,0.0,주거 유출·귀가형,11735.27868852459,0.028874334359616234,0.03876220224292172
신흥,17-18시간대,12,348.66803278688525,540.5532786885246,0.0,0.0,348.66803278688525,540.5532786885246,주거 유출·귀가형,11735.27868852459,0.02971109950101418,0.04606224470980036
신흥,18-19시간대,13,332.2254098360656,819.9877049180328,0.0,0.0,332.2254098360656,819.9877049180328,주거 유출·귀가형,11735.27868852459,0.028309971893631648,0.06987373088291994
신흥,19-20시간대,14,180.69262295081967,639.2172131147541,0.0,0.0,180.69262295081967,639.2172131147541,주거 유출·귀가형,11735.27868852459,0.015397386610640188,0.054469708822494044
신흥,20-21시간대,15,143.96311475409837,375.3975409836066,0.0,0.0,0.0,0.0,주거 유출·귀가형,11735.27868852459,0.012267549716980606,0.03198880494850891
신흥,21-22시간대,16,100.43442622950819,309.5532786885246,0.0,0.0,0.0,0.0,주거 유출·귀가형,11735.27868852459,0.008558333286768773,0.026378008303392323
신흥,22-23시간대,17,68.1311475409836,281.45081967213116,0.0,0.0,0.0,0.0,주거 유출·귀가형,11735.27868852459,0.005805669328296911,0.023983309399149548
신흥,23-24시간대,18,35.60655737704918,151.3360655737705,0.0,0.0,0.0,0.0,주거 유출·귀가형,11735.27868852459,0.0030341467230656618,0.012895822041427559
신흥,24시이후,19,11.184426229508198,67.65573770491804,0.0,0.0,0.0,0.0,주거 유출·귀가형,11735.27868852459,0.0009530601297474898,0.0057651581611841566
쌍문,06시이전,0,986.172131147541,44.33606557377049,0.0,0.0,0.0,0.0,주거 유출·귀가형,62011.233606557376,0.015903120673336487,0.0007149682887308691
쌍문,06-07시간대,1,2257.1639344262294,317.7172131147541,0.0,0.0,0.0,0.0,주거 유출·귀가형,62011.233606557376,0.03639927482732009,0.0051235428588725426
쌍문,07-08시간대,2,5468.7213114754095,618.2049180327868,5468.7213114754095,618.2049180327868,0.0,0.0,주거 유출·귀가형,62011.233606557376,0.08818920368804145,0.009969240766199091
쌍문,08-09시간대,3,5304.639344262295,1158.6065573770493,5304.639344262295,1158.6065573770493,0.0,0.0,주거 유출·귀가형,62011.233606557376,0.08554319976794263,0.01868381726975566
쌍문,09-10시간대,4,2861.7254098360654,828.9549180327868,2861.7254098360654,828.9549180327868,0.0,0.0,주거 유출·귀가형,62011.233606557376,0.04614849993136489,0.013367818535787506
쌍문,10-11시간대,5,1819.3934426229507,726.9180327868852,0.0,0.0,0.0,0.0,주거 유출·귀가형,62011.233606557376,0.029339739540846014,0.011722360458089923
쌍문,11-12시간대,6,1518.5409836065573,818.9877049180328,0.0,0.0,0.0,0.0,주거 유출·귀가형,62011.233606557376,0.024488159568655625,0.01320708615658678
쌍문,12-13시간대,7,1540.8688524590164,939.8852459016393,0.0,0.0,0.0,0.0,주거 유출·귀가형,62011.233606557376,0.02484822124706252,0.015156693251176528
쌍문,13-14시간대,8,1361.7868852459017,1067.983606557377,0.0,0.0,0.0,0.0,주거 유출·귀가형,62011.233606557376,0.021960325670765234,0.01722242155886483
쌍문,14-15시간대,9,1197.4180327868853,1160.0122950819673,0.0,0.0,0.0,0.0,주거 유출·귀가형,62011.233606557376,0.019309695407515072,0.01870648635119721
쌍문,15-16시간대,10,1192.97131147541,1630.5204918032787,0.0,0.0,0.0,0.0,주거 유출·귀가형,62011.233606557376,0.019237987088669355,0.026293953481855252
쌍문,16-17시간대,11,1316.3196721311476,2033.9016393442623,0.0,0.0,0.0,0.0,주거 유출·귀가형,62011.233606557376,0.021227116371894807,0.03279892240571695
쌍문,17-18시간대,12,1404.7131147540983,2707.9221311475408,0.0,0.0,1404.7131147540983,2707.9221311475408,주거 유출·귀가형,62011.233606557376,0.022652558787438104,0.04366825127731682
쌍문,18-19시간대,13,1308.0737704918033,4265.368852459016,0.0,0.0,1308.0737704918033,4265.368852459016,주거 유출·귀가형,62011.233606557376,0.0210941420516021,0.06878380906791015
쌍문,19-20시간대,14,833.266393442623,3935.6762295081967,0.0,0.0,833.266393442623,3935.6762295081967,주거 유출·귀가형,62011.233606557376,0.013437345864290453,0.06346714942777754
쌍문,20-21시간대,15,605.5040983606557,2320.9549180327867,0.0,0.0,0.0,0.0,주거 유출·귀가형,62011.233606557376,0.009764425945827769,0.03742797527232804
쌍문,21-22시간대,16,474.38524590163934,1976.7131147540983,0.0,0.0,0.0,0.0,주거 유출·귀가형,62011.233606557376,0.007649988853817536,0.03187669394380619
쌍문,22-23시간대,17,351.12704918032784,1822.9918032786886,0.0,0.0,0.0,0.0,주거 유출·귀가형,62011.233606557376,0.00566231356415393,0.02939776710208707
쌍문,23-24시간대,18,162.2704918032787,1150.6639344262296,0.0,0.0,0.0,0.0,주거 유출·귀가형,62011.233606557376,0.002616791867628955,0.018555733655080082
쌍문,24시이후,19,41.532786885245905,478.3196721311475,0.0,0.0,0.0,0.0,주거 유출·귀가형,62011.233606557376,0.0006697623070806646,0.007713435845607297
아차산(어린이대공원후문),06시이전,0,355.8893442622951,51.82786885245902,0.0,0.0,0.0,0.0,주거 유출·귀가형,31616.053278688523,0.011256602496371358,0.0016392896480660571
아차산(어린이대공원후문),06-07시간대,1,736.0737704918033,222.15983606557376,0.0,0.0,0.0,0.0,주거 유출·귀가형,31616.053278688523,0.023281646320730664,0.007026804835735944
아차산(어린이대공원후문),07-08시간대,2,1839.545081967213,550.2622950819672,1839.545081967213,550.2622950819672,0.0,0.0,주거 유출·귀가형,31616.053278688523,0.05818389366161645,0.017404522007586673
아차산(어린이대공원후문),08-09시간대,3,2437.9303278688526,1319.5573770491803,2437.9303278688526,1319.5573770491803,0.0,0.0,주거 유출·귀가형,31616.053278688523,0.0771105206073331,0.041736941844624745
아차산(어린이대공원후문),09-10시간대,4,1213.311475409836,653.2868852459017,1213.311475409836,653.2868852459017,0.0,0.0,주거 유출·귀가형,31616.053278688523,0.0383764369548205,0.020663138421716402
아차산(어린이대공원후문),10-11시간대,5,749.9426229508197,543.422131147541,0.0,0.0,0.0,0.0,주거 유출·귀가형,31616.053278688523,0.023720311208367508,0.017188171033158218
아차산(어린이대공원후문),11-12시간대,6,660.9795081967213,579.0,0.0,0.0,0.0,0.0,주거 유출·귀가형,31616.053278688523,0.02090645224975847,0.018313481284214794
아차산(어린이대공원후문),12-13시간대,7,765.3237704918033,588.8852459016393,0.0,0.0,0.0,0.0,주거 유출·귀가형,31616.053278688523,0.024206809235347734,0.018626146682849565
아차산(어린이대공원후문),13-14시간대,8,772.5327868852459,594.233606557377,0.0,0.0,0.0,0.0,주거 유출·귀가형,31616.053278688523,0.02443482682912823,0.0187953126634542
아차산(어린이대공원후문),14-15시간대,9,750.5081967213115,683.4180327868852,0.0,0.0,0.0,0.0,주거 유출·귀가형,31616.053278688523,0.02373820002470731,0.02161617159367446
아차산(어린이대공원후문),15-16시간대,10,845.6270491803278,869.4795081967213,0.0,0.0,0.0,0.0,주거 유출·귀가형,31616.053278688523,0.026746761897391565,0.02750120328215706
아차산(어린이대공원후문),16-17시간대,11,878.6475409836065,1064.8155737704917,0.0,0.0,0.0,0.0,주거 유출·귀가형,31616.053278688523,0.027791183587607304,0.0336795856327916
아차산(어린이대공원후문),17-18시간대,12,979.5983606557377,1361.8647540983607,0.0,0.0,979.5983606557377,1361.8647540983607,주거 유출·귀가형,31616.053278688523,0.030984207675157763,0.04307510308430416
아차산(어린이대공원후문),18-19시간대,13,1046.077868852459,2272.8606557377047,0.0,0.0,1046.077868852459,2272.8606557377047,주거 유출·귀가형,31616.053278688523,0.03308692136970778,0.0718894491890857
아차산(어린이대공원후문),19-20시간대,14,581.0860655737705,1482.6024590163934,0.0,0.0,581.0860655737705,1482.6024590163934,주거 유출·귀가형,31616.053278688523,0.018379462498105795,0.04689397648553981
아차산(어린이대공원후문),20-21시간대,15,443.5204918032787,914.7213114754098,0.0,0.0,0.0,0.0,주거 유출·귀가형,31616.053278688523,0.014028331996209127,0.02893217896023718
아차산(어린이대공원후문),21-22시간대,16,404.05737704918033,733.4180327868852,0.0,0.0,0.0,0.0,주거 유출·귀가형,31616.053278688523,0.012780133354644358,0.023197646661395947
아차산(어린이대공원후문),22-23시간대,17,349.08196721311475,659.3975409836065,0.0,0.0,0.0,0.0,주거 유출·귀가형,31616.053278688523,0.011041288554774195,0.02085641541564859
아차산(어린이대공원후문),23-24시간대,18,122.4139344262295,380.45081967213116,0.0,0.0,0.0,0.0,주거 유출·귀가형,31616.053278688523,0.0038718917047354936,0.012033469716113559
아차산(어린이대공원후문),24시이후,19,27.14344262295082,131.0983606557377,0.0,0.0,0.0,0.0,주거 유출·귀가형,31616.053278688523,0.0008585335552065076,0.004146575775924168
아현,06시이전,0,182.35245901639345,37.278688524590166,0.0,0.0,0.0,0.0,주거 유출·귀가형,23662.127049180326,0.0077065117027469545,0.0015754580493591564
아현,06-07시간대,1,469.7336065573771,188.29508196721312,0.0,0.0,0.0,0.0,주거 유출·귀가형,23662.127049180326,0.019851706720239632,0.007957656620465818
아현,07-08시간대,2,1373.811475409836,459.5081967213115,1373.811475409836,459.5081967213115,0.0,0.0,주거 유출·귀가형,23662.127049180326,0.058059508874855184,0.019419564258371658
아현,08-09시간대,3,1917.0819672131147,856.733606557377,1917.0819672131147,856.733606557377,0.0,0.0,주거 유출·귀가형,23662.127049180326,0.0810190040493221,0.0362069565756581
아현,09-10시간대,4,993.733606557377,553.3155737704918,993.733606557377,553.3155737704918,0.0,0.0,주거 유출·귀가형,23662.127049180326,0.041996799547731306,0.023384016687107555
아현,10-11시간대,5,621.672131147541,430.46311475409834,0.0,0.0,0.0,0.0,주거 유출·귀가형,23662.127049180326,0.0262728760544406,0.018192071822596773
아현,11-12시간대,6,552.6639344262295,386.1024590163934,0.0,0.0,0.0,0.0,주거 유출·귀가형,23662.127049180326,0.023356477347854246,0.016317318312673343
아현,12-13시간대,7,602.266393442623,443.58196721311475,0.0,0.0,0.0,0.0,주거 유출·귀가형,23662.127049180326,0.025452757995544865,0.018746495878885105
아현,13-14시간대,8,562.0327868852459,492.79918032786884,0.0,0.0,0.0,0.0,주거 유출·귀가형,23662.127049180326,0.023752420300892394,0.02082649540777188
아현,14-15시간대,9,511.9303278688525,514.75,0.0,0.0,0.0,0.0,주거 유출·귀가형,23662.127049180326,0.021635008839435088,0.0217541727728079
아현,15-16시간대,10,628.0409836065573,611.1024590163935,0.0,0.0,0.0,0.0,주거 유출·귀가형,23662.127049180326,0.026542034124878607,0.025826184507684084
아현,16-17시간대,11,741.1188524590164,701.9549180327868,0.0,0.0,0.0,0.0,주거 유출·귀가형,23662.127049180326,0.03132088890058974,0.02966575729112667
아현,17-18시간대,12,784.172131147541,980.0122950819672,0.0,0.0,784.172131147541,980.0122950819672,주거 유출·귀가형,23662.127049180326,0.03314039052861502,0.04141691459288803
아현,18-19시간대,13,799.811475409836,1461.2581967213114,0.0,0.0,799.811475409836,1461.2581967213114,주거 유출·귀가형,23662.127049180326,0.033801334670694454,0.06175514963993613
아현,19-20시간대,14,500.7827868852459,1050.4262295081967,0.0,0.0,500.7827868852459,1050.4262295081967,주거 유출·귀가형,23662.127049180326,0.021163895614472808,0.04439272206276926
아현,20-21시간대,15,358.3032786885246,676.5491803278688,0.0,0.0,0.0,0.0,주거 유출·귀가형,23662.127049180326,0.015142479707923658,0.028592069467030648
아현,21-22시간대,16,279.59016393442624,629.3155737704918,0.0,0.0,0.0,0.0,주거 유출·귀가형,23662.127049180326,0.011815935370193672,0.026595900379644516
아현,22-23시간대,17,202.03688524590163,578.0245901639345,0.0,0.0,0.0,0.0,주거 유출·귀가형,23662.127049180326,0.008538407592266746,0.024428259934643436
아현,23-24시간대,18,81.43442622950819,299.9385245901639,0.0,0.0,0.0,0.0,주거 유출·귀가형,23662.127049180326,0.0034415513897060723,0.012675890209141364
아현,24시이후,19,18.889344262295083,129.25819672131146,0.0,0.0,0.0,0.0,주거 유출·귀가형,23662.127049180326,0.0007982944315629234,0.005462661765472562
안국,06시이전,0,63.057377049180324,81.85655737704919,0.0,0.0,0.0,0.0,업무 유입형,59799.024590163935,0.0010544883880857204,0.0013688610798931558
안국,06-07시간대,1,115.09836065573771,1126.4795081967213,0.0,0.0,0.0,0.0,업무 유입형,59799.024590163935,0.0019247531451318974,0.018837757236294633
안국,07-08시간대,2,248.47131147540983,4159.397540983607,248.47131147540983,4159.397540983607,0.0,0.0,업무 유입형,59799.024590163935,0.004155106428212204,0.06955627737225277
안국,08-09시간대,3,418.4467213114754,5473.348360655737,418.4467213114754,5473.348360655737,0.0,0.0,업무 유입형,59799.024590163935,0.006997550949690637,0.09152905750833974
안국,09-10시간대,4,537.1803278688525,3510.4836065573772,537.1803278688525,3510.4836065573772,0.0,0.0,업무 유입형,59799.024590163935,0.008983095151642504,0.05870469678421478
안국,10-11시간대,5,625.9672131147541,2421.815573770492,0.0,0.0,0.0,0.0,업무 유입형,59799.024590163935,0.010467849892282634,0.040499248781540244
안국,11-12시간대,6,961.0573770491803,2280.7336065573772,0.0,0.0,0.0,0.0,업무 유입형,59799.024590163935,0.016071455740889463,0.03813998007807847
안국,12-13시간대,7,1324.8401639344263,1825.5573770491803,0.0,0.0,0.0,0.0,업무 유입형,59799.024590163935,0.022154879164238795,0.030528213287101973
안국,13-14시간대,8,1514.0983606557377,1745.47131147541,0.0,0.0,0.0,0.0,업무 유입형,59799.024590163935,0.02531978357561345,0.029188959576483032
안국,14-15시간대,9,1849.2131147540983,1565.3524590163934,0.0,0.0,0.0,0.0,업무 유입형,59799.024590163935,0.030923800637682422,0.026176889501871088
안국,15-16시간대,10,2392.754098360656,1273.8360655737704,0.0,0.0,0.0,0.0,업무 유입형,59799.024590163935,0.040013263004865615,0.021301953908179596
안국,16-17시간대,11,3306.967213114754,1155.4754098360656,0.0,0.0,0.0,0.0,업무 유입형,59799.024590163935,0.05530135710037487,0.019322646443736883
안국,17-18시간대,12,4862.368852459016,1117.2868852459017,0.0,0.0,4862.368852459016,1117.2868852459017,업무 유입형,59799.024590163935,0.08131184222123257,0.01868403193703061
안국,18-19시간대,13,5062.38524590164,1110.1311475409836,0.0,0.0,5062.38524590164,1110.1311475409836,업무 유입형,59799.024590163935,0.08465665252229429,0.018564368819547334
안국,19-20시간대,14,2094.032786885246,551.1598360655738,0.0,0.0,2094.032786885246,551.1598360655738,업무 유입형,59799.024590163935,0.03501784186676656,0.00921687000487014
안국,20-21시간대,15,1689.8688524590164,283.83196721311475,0.0,0.0,0.0,0.0,업무 유입형,59799.024590163935,0.02825913740300331,0.004746431386772168
안국,21-22시간대,16,1407.1926229508197,233.85655737704917,0.0,0.0,0.0,0.0,업무 유입형,59799.024590163935,0.02353203304895181,0.0039107085605459046
안국,22-23시간대,17,742.7745901639345,204.9016393442623,0.0,0.0,0.0,0.0,업무 유입형,59799.024590163935,0.01242118237303339,0.0034265047088738905
안국,23-24시간대,18,263.9139344262295,112.46311475409836,0.0,0.0,0.0,0.0,업무 유입형,59799.024590163935,0.004413348482437279,0.001880684769105697
안국,24시이후,19,38.90163934426229,46.99590163934426,0.0,0.0,0.0,0.0,업무 유입형,59799.024590163935,0.000650539697108388,0.0007858974617300764
안암(고대병원앞),06시이전,0,66.4139344262295,59.942622950819676,0.0,0.0,0.0,0.0,업무 유입형,30741.918032786885,0.002160370551876356,0.0019498660716904404
안암(고대병원앞),06-07시간대,1,131.46311475409837,272.094262295082,0.0,0.0,0.0,0.0,업무 유입형,30741.918032786885,0.004276347188678672,0.008850920167209082
안암(고대병원앞),07-08시간대,2,400.26229508196724,849.4508196721312,400.26229508196724,849.4508196721312,0.0,0.0,업무 유입형,30741.918032786885,0.013020082047420702,0.027631679284492738
안암(고대병원앞),08-09시간대,3,551.4631147540983,2255.6639344262294,551.4631147540983,2255.6639344262294,0.0,0.0,업무 유입형,30741.918032786885,0.017938474566419428,0.07337420950835005
안암(고대병원앞),09-10시간대,4,466.6885245901639,1658.032786885246,466.6885245901639,1658.032786885246,0.0,0.0,업무 유입형,30741.918032786885,0.015180852544477904,0.05393394078784935
안암(고대병원앞),10-11시간대,5,520.8237704918033,1628.5122950819673,0.0,0.0,0.0,0.0,업무 유입형,30741.918032786885,0.016941811175748177,0.052973672408635195
안암(고대병원앞),11-12시간대,6,656.6147540983607,984.3196721311475,0.0,0.0,0.0,0.0,업무 유입형,30741.918032786885,0.02135893906808507,0.032018811288266086
안암(고대병원앞),12-13시간대,7,686.639344262295,813.3073770491803,0.0,0.0,0.0,0.0,업무 유입형,30741.918032786885,0.02233560519971396,0.02645597376786222
안암(고대병원앞),13-14시간대,8,744.0368852459017,997.5819672131148,0.0,0.0,0.0,0.0,업무 유입형,30741.918032786885,0.02420268261896903,0.03245021882333995
안암(고대병원앞),14-15시간대,9,956.9549180327868,782.3155737704918,0.0,0.0,0.0,0.0,업무 유입형,30741.918032786885,0.031128666630760474,0.02544784528200668
안암(고대병원앞),15-16시간대,10,1054.1680327868853,565.0368852459017,0.0,0.0,0.0,0.0,업무 유입형,30741.918032786885,0.0342908998606591,0.01838001404607475
안암(고대병원앞),16-17시간대,11,1659.450819672131,574.5491803278688,0.0,0.0,0.0,0.0,업무 유입형,30741.918032786885,0.05398006779870705,0.01868943830099021
안암(고대병원앞),17-18시간대,12,2132.6311475409834,659.6598360655738,0.0,0.0,2132.6311475409834,659.6598360655738,업무 유입형,30741.918032786885,0.06937209139867229,0.021457992157874896
안암(고대병원앞),18-19시간대,13,1596.9139344262296,974.0204918032787,0.0,0.0,1596.9139344262296,974.0204918032787,업무 유입형,30741.918032786885,0.05194581329385786,0.031683790541776405
안암(고대병원앞),19-20시간대,14,892.2745901639345,666.5860655737705,0.0,0.0,892.2745901639345,666.5860655737705,업무 유입형,30741.918032786885,0.02902468834938358,0.021683294609752157
안암(고대병원앞),20-21시간대,15,781.2827868852459,409.11475409836066,0.0,0.0,0.0,0.0,업무 유입형,30741.918032786885,0.025414249886815513,0.013308042577630692
안암(고대병원앞),21-22시간대,16,796.1680327868852,390.1885245901639,0.0,0.0,0.0,0.0,업무 유입형,30741.918032786885,0.0258984501857612,0.01269239362924655
안암(고대병원앞),22-23시간대,17,705.2991803278688,428.16803278688525,0.0,0.0,0.0,0.0,업무 유입형,30741.918032786885,0.022942588669179743,0.013927824292883589
안암(고대병원앞),23-24시간대,18,462.51229508196724,277.4016393442623,0.0,0.0,0.0,0.0,업무 유입형,30741.918032786885,0.015045004498050135,0.009023563170274794
안암(고대병원앞),24시이후,19,101.59426229508196,132.3155737704918,0.0,0.0,0.0,0.0,업무 유입형,30741.918032786885,0.0033047470293405116,0.004304076721217412
암사,06시이전,0,596.9467213114754,30.704918032786885,0.0,0.0,0.0,0.0,주거 유출·귀가형,34910.77868852459,0.017099209577576564,0.0008795254413182081
암사,06-07시간대,1,1040.077868852459,191.65573770491804,0.0,0.0,0.0,0.0,주거 유출·귀가형,34910.77868852459,0.029792456883648365,0.005489872896129831
암사,07-08시간대,2,3035.3811475409834,347.95081967213116,3035.3811475409834,347.95081967213116,0.0,0.0,주거 유출·귀가형,34910.77868852459,0.08694681876399205,0.009966859312321927
암사,08-09시간대,3,3511.6352459016393,812.9139344262295,3511.6352459016393,812.9139344262295,0.0,0.0,주거 유출·귀가형,34910.77868852459,0.10058885472686228,0.023285471277483705
암사,09-10시간대,4,1671.0737704918033,540.9795081967213,1671.0737704918033,540.9795081967213,0.0,0.0,주거 유출·귀가형,34910.77868852459,0.04786698645141069,0.01549605962741086
암사,10-11시간대,5,928.3688524590164,409.4754098360656,0.0,0.0,0.0,0.0,주거 유출·귀가형,34910.77868852459,0.02659261372374308,0.01172919726281164
암사,11-12시간대,6,781.2131147540983,527.3073770491803,0.0,0.0,0.0,0.0,주거 유출·귀가형,34910.77868852459,0.022377418783010087,0.01510442897174648
암사,12-13시간대,7,780.0081967213115,555.2049180327868,0.0,0.0,0.0,0.0,주거 유출·귀가형,34910.77868852459,0.022342904570550458,0.015903538645939356
암사,13-14시간대,8,724.5983606557377,643.7786885245902,0.0,0.0,0.0,0.0,주거 유출·귀가형,34910.77868852459,0.02075572037852934,0.018440685447563637
암사,14-15시간대,9,612.4426229508197,690.0122950819672,0.0,0.0,0.0,0.0,주거 유출·귀가형,34910.77868852459,0.01754308113305229,0.01976502160660137
암사,15-16시간대,10,629.422131147541,995.7786885245902,0.0,0.0,0.0,0.0,주거 유출·귀가형,34910.77868852459,0.018029449780059943,0.0285235312969948
암사,16-17시간대,11,685.688524590164,1191.549180327869,0.0,0.0,0.0,0.0,주거 유출·귀가형,34910.77868852459,0.019641169585700318,0.03413126905472147
암사,17-18시간대,12,781.9180327868852,1612.799180327869,0.0,0.0,781.9180327868852,1612.799180327869,주거 유출·귀가형,34910.77868852459,0.022397610771251773,0.0461977429583376
암사,18-19시간대,13,860.5696721311475,2701.6967213114754,0.0,0.0,860.5696721311475,2701.6967213114754,주거 유출·귀가형,34910.77868852459,0.02465054359884624,0.07738861242300338
암사,19-20시간대,14,506.69262295081967,1990.6188524590164,0.0,0.0,506.69262295081967,1990.6188524590164,주거 유출·귀가형,34910.77868852459,0.01451393071095756,0.05702017907476084
암사,20-21시간대,15,392.0245901639344,1074.8647540983607,0.0,0.0,0.0,0.0,주거 유출·귀가형,34910.77868852459,0.01122932815854937,0.03078890802431961
암사,21-22시간대,16,287.49590163934425,900.3483606557377,0.0,0.0,0.0,0.0,주거 유출·귀가형,34910.77868852459,0.008235161530036169,0.025789982191135954
암사,22-23시간대,17,195.58196721311475,919.5901639344262,0.0,0.0,0.0,0.0,주거 유출·귀가형,34910.77868852459,0.005602337574824817,0.026341153032965768
암사,23-24시간대,18,88.01639344262296,448.7909836065574,0.0,0.0,0.0,0.0,주거 유출·귀가형,34910.77868852459,0.0025211810434796903,0.012855370188407687
암사,24시이후,19,25.59426229508197,190.00819672131146,0.0,0.0,0.0,0.0,주거 유출·귀가형,34910.77868852459,0.0007331335265659651,0.005442679993378906
암사역사공원,06시이전,0,125.77868852459017,19.07377049180328,0.0,0.0,0.0,0.0,주거 유출·귀가형,13875.286885245901,0.009064943273953869,0.0013746577385787327
암사역사공원,06-07시간대,1,414.8524590163934,107.84836065573771,0.0,0.0,0.0,0.0,주거 유출·귀가형,13875.286885245901,0.029898658128468765,0.007772694110592899
암사역사공원,07-08시간대,2,1316.0409836065573,277.4754098360656,1316.0409836065573,277.4754098360656,0.0,0.0,주거 유출·귀가형,13875.286885245901,0.09484783950708447,0.019997814252843686
암사역사공원,08-09시간대,3,1466.1639344262296,327.5532786885246,1466.1639344262296,327.5532786885246,0.0,0.0,주거 유출·귀가형,13875.286885245901,0.10566728793083588,0.023606955401896876
암사역사공원,09-10시간대,4,684.5532786885246,159.52459016393442,684.5532786885246,159.52459016393442,0.0,0.0,주거 유출·귀가형,13875.286885245901,0.04933615314407914,0.01149703004220855
암사역사공원,10-11시간대,5,368.8893442622951,138.5204918032787,0.0,0.0,0.0,0.0,주거 유출·귀가형,13875.286885245901,0.026586069701704587,0.009983252450842844
암사역사공원,11-12시간대,6,290.62704918032784,149.8155737704918,0.0,0.0,0.0,0.0,주거 유출·귀가형,13875.286885245901,0.020945660553466625,0.010797295580950918
암사역사공원,12-13시간대,7,272.98770491803276,207.9795081967213,0.0,0.0,0.0,0.0,주거 유출·귀가형,13875.286885245901,0.019674382747956767,0.014989204181275235
암사역사공원,13-14시간대,8,258.5655737704918,214.27459016393442,0.0,0.0,0.0,0.0,주거 유출·귀가형,13875.286885245901,0.01863497136375854,0.015442894401828939
암사역사공원,14-15시간대,9,238.63934426229508,251.6762295081967,0.0,0.0,0.0,0.0,주거 유출·귀가형,13875.286885245901,0.01719887640781316,0.018138452313790587
암사역사공원,15-16시간대,10,255.29508196721312,298.2418032786885,0.0,0.0,0.0,0.0,주거 유출·귀가형,13875.286885245901,0.0183992651163615,0.021494460312443692
암사역사공원,16-17시간대,11,346.7049180327869,404.89344262295083,0.0,0.0,0.0,0.0,주거 유출·귀가형,13875.286885245901,0.024987225193985062,0.029180906021733417
암사역사공원,17-18시간대,12,387.3032786885246,644.2827868852459,0.0,0.0,387.3032786885246,644.2827868852459,주거 유출·귀가형,13875.286885245901,0.027913172671071636,0.04643383536597973
암사역사공원,18-19시간대,13,428.70081967213116,997.610655737705,0.0,0.0,428.70081967213116,997.610655737705,주거 유출·귀가형,13875.286885245901,0.030896717539439445,0.07189838047950567
암사역사공원,19-20시간대,14,203.78688524590163,742.2540983606557,0.0,0.0,203.78688524590163,742.2540983606557,주거 유출·귀가형,13875.286885245901,0.014687039405476773,0.05349468479458407
암사역사공원,20-21시간대,15,127.8360655737705,477.327868852459,0.0,0.0,0.0,0.0,주거 유출·귀가형,13875.286885245901,0.009213219635098373,0.0344012972704744
암사역사공원,21-22시간대,16,110.65163934426229,372.6516393442623,0.0,0.0,0.0,0.0,주거 유출·귀가형,13875.286885245901,0.007974728036933219,0.02685722049758239
암사역사공원,22-23시간대,17,76.02049180327869,404.4590163934426,0.0,0.0,0.0,0.0,주거 유출·귀가형,13875.286885245901,0.005478841081413174,0.02914959667057541
암사역사공원,23-24시간대,18,30.454918032786885,198.55737704918033,0.0,0.0,0.0,0.0,주거 유출·귀가형,13875.286885245901,0.0021949036646709418,0.01431014570663138
암사역사공원,24시이후,19,9.635245901639344,67.77868852459017,0.0,0.0,0.0,0.0,주거 유출·귀가형,13875.286885245901,0.0006944177789855179,0.004884849523123138
압구정,06시이전,0,113.71311475409836,96.83196721311475,0.0,0.0,0.0,0.0,업무 유입형,70468.25409836066,0.001613678616123735,0.0013741218432622897
압구정,06-07시간대,1,324.9754098360656,934.2008196721312,0.0,0.0,0.0,0.0,업무 유입형,70468.25409836066,0.00461165689421594,0.013257045057028936
압구정,07-08시간대,2,694.7459016393443,2063.2377049180327,694.7459016393443,2063.2377049180327,0.0,0.0,업무 유입형,70468.25409836066,0.009858991265337827,0.029278967264296546
압구정,08-09시간대,3,1026.372950819672,5907.434426229508,1026.372950819672,5907.434426229508,0.0,0.0,업무 유입형,70468.25409836066,0.014565040158183074,0.08383114498599357
압구정,09-10시간대,4,811.983606557377,5913.946721311476,811.983606557377,5913.946721311476,0.0,0.0,업무 유입형,70468.25409836066,0.01152268659053193,0.08392355957984568
압구정,10-11시간대,5,907.1147540983607,2859.8975409836066,0.0,0.0,0.0,0.0,업무 유입형,70468.25409836066,0.012872672463719564,0.04058419748830045
압구정,11-12시간대,6,1126.7090163934427,2217.065573770492,0.0,0.0,0.0,0.0,업무 유입형,70468.25409836066,0.015988887915695558,0.03146190582039791
압구정,12-13시간대,7,1290.950819672131,1764.139344262295,0.0,0.0,0.0,0.0,업무 유입형,70468.25409836066,0.018319608399410638,0.02503452606899956
압구정,13-14시간대,8,1482.3811475409836,1817.155737704918,0.0,0.0,0.0,0.0,업무 유입형,70468.25409836066,0.021036155450535974,0.02578687042776034
압구정,14-15시간대,9,1863.3360655737704,1715.4918032786886,0.0,0.0,0.0,0.0,업무 유입형,70468.25409836066,0.026442205634510222,0.024344179165900422
압구정,15-16시간대,10,2208.0122950819673,1665.2459016393443,0.0,0.0,0.0,0.0,업무 유입형,70468.25409836066,0.031333432668843905,0.02363115026682751
압구정,16-17시간대,11,2617.7295081967213,1715.799180327869,0.0,0.0,0.0,0.0,업무 유입형,70468.25409836066,0.03714764246241797,0.02434854108820307
압구정,17-18시간대,12,3767.155737704918,2180.938524590164,0.0,0.0,3767.155737704918,2180.938524590164,업무 유입형,70468.25409836066,0.05345890551576125,0.03094923455242664
압구정,18-19시간대,13,5494.745901639344,2395.8524590163934,0.0,0.0,5494.745901639344,2395.8524590163934,업무 유입형,70468.25409836066,0.07797476994349391,0.03399903246747431
압구정,19-20시간대,14,3705.9139344262294,1307.3360655737704,0.0,0.0,3705.9139344262294,1307.3360655737704,업무 유입형,70468.25409836066,0.0525898361161816,0.01855212793762381
압구정,20-21시간대,15,2681.6803278688526,646.9262295081967,0.0,0.0,0.0,0.0,업무 유입형,70468.25409836066,0.03805515493722496,0.009180392472973819
압구정,21-22시간대,16,1959.2131147540983,513.4262295081967,0.0,0.0,0.0,0.0,업무 유입형,70468.25409836066,0.02780277643915229,0.0072859223784876035
압구정,22-23시간대,17,1405.577868852459,419.24590163934425,0.0,0.0,0.0,0.0,업무 유입형,70468.25409836066,0.01994625646451425,0.00594942938495616
압구정,23-24시간대,18,442.6885245901639,220.73360655737704,0.0,0.0,0.0,0.0,업무 유입형,70468.25409836066,0.006282098659238138,0.0031323836439778076
압구정,24시이후,19,86.31967213114754,102.02868852459017,0.0,0.0,0.0,0.0,업무 유입형,70468.25409836066,0.0012249441005117174,0.0014478674096590639
애오개,06시이전,0,92.11475409836065,36.60245901639344,0.0,0.0,0.0,0.0,주거 유출·귀가형,14789.83606557377,0.0062282471347181265,0.0024748387239796935
애오개,06-07시간대,1,262.8524590163934,224.2704918032787,0.0,0.0,0.0,0.0,주거 유출·귀가형,14789.83606557377,0.017772506595136225,0.015163825400696093
애오개,07-08시간대,2,945.7377049180328,331.62704918032784,945.7377049180328,331.62704918032784,0.0,0.0,주거 유출·귀가형,14789.83606557377,0.06394511073178302,0.022422631847303198
애오개,08-09시간대,3,1260.872950819672,727.5327868852459,1260.872950819672,727.5327868852459,0.0,0.0,주거 유출·귀가형,14789.83606557377,0.08525266576514663,0.04919140304595535
애오개,09-10시간대,4,523.4549180327868,454.0450819672131,523.4549180327868,454.0450819672131,0.0,0.0,주거 유출·귀가형,14789.83606557377,0.03539288168658139,0.030699804916978872
애오개,10-11시간대,5,327.3155737704918,265.7172131147541,0.0,0.0,0.0,0.0,주거 유출·귀가형,14789.83606557377,0.022131115741869694,0.01796620408344233
애오개,11-12시간대,6,305.0655737704918,253.99180327868854,0.0,0.0,0.0,0.0,주거 유출·귀가형,14789.83606557377,0.020626704205369217,0.0171734022035514
애오개,12-13시간대,7,346.3688524590164,240.46311475409837,0.0,0.0,0.0,0.0,주거 유출·귀가형,14789.83606557377,0.023419384158371945,0.01625867343545634
애오개,13-14시간대,8,343.19262295081967,299.19262295081967,0.0,0.0,0.0,0.0,주거 유출·귀가형,14789.83606557377,0.02320462657119422,0.0202296104990135
애오개,14-15시간대,9,299.8606557377049,306.3114754098361,0.0,0.0,0.0,0.0,주거 유출·귀가형,14789.83606557377,0.020274778868961847,0.020710944600855707
애오개,15-16시간대,10,384.1516393442623,328.0163934426229,0.0,0.0,0.0,0.0,주거 유출·귀가형,14789.83606557377,0.025974029572812522,0.02217850096433084
애오개,16-17시간대,11,437.577868852459,387.0163934426229,0.0,0.0,0.0,0.0,주거 유출·귀가형,14789.83606557377,0.029586390742423904,0.026167727061118622
애오개,17-18시간대,12,520.6229508196722,616.7786885245902,0.0,0.0,520.6229508196722,616.7786885245902,주거 유출·귀가형,14789.83606557377,0.03520140105078809,0.041702875257709104
애오개,18-19시간대,13,610.3975409836065,998.9549180327868,0.0,0.0,610.3975409836065,998.9549180327868,주거 유출·귀가형,14789.83606557377,0.04127142033740495,0.06754333946662529
애오개,19-20시간대,14,293.7909836065574,597.1024590163935,0.0,0.0,293.7909836065574,597.1024590163935,주거 유출·귀가형,14789.83606557377,0.01986438404752932,0.040372486643463615
애오개,20-21시간대,15,209.4795081967213,349.97131147540983,0.0,0.0,0.0,0.0,주거 유출·귀가형,14789.83606557377,0.014163747810858142,0.0236629608282161
애오개,21-22시간대,16,173.8237704918033,322.4139344262295,0.0,0.0,0.0,0.0,주거 유출·귀가형,14789.83606557377,0.011752920703185617,0.021799696291205744
애오개,22-23시간대,17,112.66803278688525,295.7295081967213,0.0,0.0,0.0,0.0,주거 유출·귀가형,14789.83606557377,0.007617936553681084,0.019995455452348754
애오개,23-24시간대,18,41.381147540983605,170.10655737704917,0.0,0.0,0.0,0.0,주거 유출·귀가형,14789.83606557377,0.002797944977720632,0.011501585049546653
애오개,24시이후,19,7.180327868852459,86.08196721311475,0.0,0.0,0.0,0.0,주거 유출·귀가형,14789.83606557377,0.00048549070030370884,0.005820346272362499
약수,06시이전,0,301.0532786885246,50.83196721311475,0.0,0.0,0.0,0.0,혼합형,36275.012295081964,0.008299191637471625,0.0014012942793683455
약수,06-07시간대,1,484.827868852459,325.25,0.0,0.0,0.0,0.0,혼합형,36275.012295081964,0.01336533989040688,0.008966227147057266
약수,07-08시간대,2,1327.1516393442623,883.0409836065573,1327.1516393442623,883.0409836065573,0.0,0.0,혼합형,36275.012295081964,0.036585835686241595,0.0243429547707218
약수,08-09시간대,3,1893.094262295082,2138.2254098360654,1893.094262295082,2138.2254098360654,0.0,0.0,혼합형,36275.012295081964,0.052187281065422024,0.058944856929130755
약수,09-10시간대,4,1254.2704918032787,1234.467213114754,1254.2704918032787,1234.467213114754,0.0,0.0,혼합형,36275.012295081964,0.03457670755836872,0.034030786897407024
약수,10-11시간대,5,850.438524590164,775.4795081967213,0.0,0.0,0.0,0.0,혼합형,36275.012295081964,0.02344419672892746,0.02137778760455053
약수,11-12시간대,6,782.8688524590164,729.8196721311475,0.0,0.0,0.0,0.0,혼합형,36275.012295081964,0.021581491029988013,0.0201190744249615
약수,12-13시간대,7,847.0040983606557,704.1762295081967,0.0,0.0,0.0,0.0,혼합형,36275.012295081964,0.023349519263305377,0.019412156880334576
약수,13-14시간대,8,833.0286885245902,763.688524590164,0.0,0.0,0.0,0.0,혼합형,36275.012295081964,0.022964256545201206,0.021052743369950618
약수,14-15시간대,9,850.3401639344262,809.438524590164,0.0,0.0,0.0,0.0,혼합형,36275.012295081964,0.023441485202465726,0.0223139421154629
약수,15-16시간대,10,968.2745901639345,915.6639344262295,0.0,0.0,0.0,0.0,혼합형,36275.012295081964,0.0266926054300803,0.02524227771386233
약수,16-17시간대,11,1093.0368852459017,1097.3401639344263,0.0,0.0,0.0,0.0,혼합형,36275.012295081964,0.030131950786246645,0.030250580068947343
약수,17-18시간대,12,1453.8524590163934,1430.877049180328,0.0,0.0,1453.8524590163934,1430.877049180328,혼합형,36275.012295081964,0.04007862070975787,0.03944525332040538
약수,18-19시간대,13,1831.360655737705,2121.901639344262,0.0,0.0,1831.360655737705,2121.901639344262,혼합형,36275.012295081964,0.050485459269878574,0.05849485651675277
약수,19-20시간대,14,1038.3524590163934,1270.9467213114754,0.0,0.0,1038.3524590163934,1270.9467213114754,혼합형,36275.012295081964,0.028624455053793862,0.03503642427390123
약수,20-21시간대,15,799.4631147540983,811.9016393442623,0.0,0.0,0.0,0.0,혼합형,36275.012295081964,0.022038948140135756,0.022381843257275394
약수,21-22시간대,16,785.016393442623,699.8565573770492,0.0,0.0,0.0,0.0,혼합형,36275.012295081964,0.02164069269106913,0.019293075676556925
약수,22-23시간대,17,593.3811475409836,635.4262295081967,0.0,0.0,0.0,0.0,혼합형,36275.012295081964,0.01635784828173393,0.01751691286385437
약수,23-24시간대,18,284.5983606557377,362.7049180327869,0.0,0.0,0.0,0.0,혼합형,36275.012295081964,0.007845575856478,0.009998753827630298
약수,24시이후,19,67.34836065573771,175.21311475409837,0.0,0.0,0.0,0.0,혼합형,36275.012295081964,0.00185660476440055,0.0048301324704954855
양재(서초구청),06시이전,0,187.12295081967213,140.70901639344262,0.0,0.0,0.0,0.0,업무 유입형,88166.48360655738,0.0021223819207161266,0.0015959467888200705
양재(서초구청),06-07시간대,1,573.9877049180328,1661.7540983606557,0.0,0.0,0.0,0.0,업무 유입형,88166.48360655738,0.006510271039950407,0.0188479117050446
양재(서초구청),07-08시간대,2,1651.9959016393443,5030.8401639344265,1651.9959016393443,5030.8401639344265,0.0,0.0,업무 유입형,88166.48360655738,0.018737232495415947,0.05706068744200498
양재(서초구청),08-09시간대,3,2055.754098360656,10504.176229508197,2055.754098360656,10504.176229508197,0.0,0.0,업무 유입형,88166.48360655738,0.023316730057358886,0.11914024241210579
양재(서초구청),09-10시간대,4,1273.2581967213114,5225.553278688524,1273.2581967213114,5225.553278688524,0.0,0.0,업무 유입형,88166.48360655738,0.014441521819144128,0.05926915835735876
양재(서초구청),10-11시간대,5,1130.127049180328,2079.282786885246,0.0,0.0,0.0,0.0,업무 유입형,88166.48360655738,0.012818102786354915,0.02358359664386796
양재(서초구청),11-12시간대,6,1195.9754098360656,1615.1024590163934,0.0,0.0,0.0,0.0,업무 유입형,88166.48360655738,0.013564966650741132,0.018318780481523824
양재(서초구청),12-13시간대,7,1307.139344262295,1475.6639344262296,0.0,0.0,0.0,0.0,업무 유입형,88166.48360655738,0.014825807844343659,0.016737243837594507
양재(서초구청),13-14시간대,8,1479.0901639344263,1564.3155737704917,0.0,0.0,0.0,0.0,업무 유입형,88166.48360655738,0.016776104744461184,0.017742746560600563
양재(서초구청),14-15시간대,9,1741.4467213114754,1437.655737704918,0.0,0.0,0.0,0.0,업무 유입형,88166.48360655738,0.01975179966440167,0.016306148083669206
양재(서초구청),15-16시간대,10,2200.55737704918,1510.9016393442623,0.0,0.0,0.0,0.0,업무 유입형,88166.48360655738,0.024959114700197862,0.017136916178790294
양재(서초구청),16-17시간대,11,2927.3975409836066,1635.5040983606557,0.0,0.0,0.0,0.0,업무 유입형,88166.48360655738,0.033203065623520926,0.018550179517866302
양재(서초구청),17-18시간대,12,5746.606557377049,2530.7336065573772,0.0,0.0,5746.606557377049,2530.7336065573772,업무 유입형,88166.48360655738,0.06517903768308671,0.02870403245127442
양재(서초구청),18-19시간대,13,8478.196721311475,3230.8319672131147,0.0,0.0,8478.196721311475,3230.8319672131147,업무 유입형,88166.48360655738,0.09616122107291245,0.03664467306681631
양재(서초구청),19-20시간대,14,3734.7049180327867,1990.8647540983607,0.0,0.0,3734.7049180327867,1990.8647540983607,업무 유입형,88166.48360655738,0.04235969004615058,0.022580743528148265
양재(서초구청),20-21시간대,15,2623.5737704918033,1149.25,0.0,0.0,0.0,0.0,업무 유입형,88166.48360655738,0.029757042168081605,0.013034998709129924
양재(서초구청),21-22시간대,16,2405.5491803278687,1010.2950819672132,0.0,0.0,0.0,0.0,업무 유입형,88166.48360655738,0.027284168336151677,0.011458947217126765
양재(서초구청),22-23시간대,17,1561.8688524590164,891.9303278688525,0.0,0.0,0.0,0.0,업무 유입형,88166.48360655738,0.017714995410601272,0.010116433041030517
양재(서초구청),23-24시간대,18,533.5409836065573,438.17622950819674,0.0,0.0,0.0,0.0,업무 유입형,88166.48360655738,0.006051517104702532,0.004969873035467271
양재(서초구청),24시이후,19,73.8811475409836,161.16803278688525,0.0,0.0,0.0,0.0,업무 유입형,88166.48360655738,0.000837973167566464,0.0018279966058995505
양천구청,06시이전,0,198.51639344262296,30.700819672131146,0.0,0.0,0.0,0.0,주거 유출·귀가형,15828.29918032787,0.01254186512277631,0.0019396158312630029
양천구청,06-07시간대,1,532.5819672131148,101.86065573770492,0.0,0.0,0.0,0.0,주거 유출·귀가형,15828.29918032787,0.03364745391438089,0.006435350670165622
양천구청,07-08시간대,2,1472.97131147541,228.5327868852459,1472.97131147541,228.5327868852459,0.0,0.0,주거 유출·귀가형,15828.29918032787,0.09305935493726868,0.014438240286061617
양천구청,08-09시간대,3,1301.1434426229507,405.5081967213115,1301.1434426229507,405.5081967213115,0.0,0.0,주거 유출·귀가형,15828.29918032787,0.08220361693946694,0.0256191895352405
양천구청,09-10시간대,4,655.5409836065573,199.63114754098362,655.5409836065573,199.63114754098362,0.0,0.0,주거 유출·귀가형,15828.29918032787,0.04141575643334399,0.012612293037087288
양천구청,10-11시간대,5,416.55737704918033,162.80327868852459,0.0,0.0,0.0,0.0,주거 유출·귀가형,15828.29918032787,0.026317254450616955,0.01028558260326946
양천구청,11-12시간대,6,351.21311475409834,193.12295081967213,0.0,0.0,0.0,0.0,주거 유출·귀가형,15828.29918032787,0.022188935826446973,0.012201118302065841
양천구청,12-13시간대,7,363.4344262295082,249.79098360655738,0.0,0.0,0.0,0.0,주거 유출·귀가형,15828.29918032787,0.022961053622312183,0.015781290254925747
양천구청,13-14시간대,8,320.0081967213115,298.844262295082,0.0,0.0,0.0,0.0,주거 유출·귀가형,15828.29918032787,0.0202174720780507,0.01888037741076434
양천구청,14-15시간대,9,258.52868852459017,318.844262295082,0.0,0.0,0.0,0.0,주거 유출·귀가형,15828.29918032787,0.01633332081856915,0.02014393704987306
양천구청,15-16시간대,10,273.5245901639344,417.02868852459017,0.0,0.0,0.0,0.0,주거 유출·귀가형,15828.29918032787,0.017280731621745135,0.02634703095850579
양천구청,16-17시간대,11,317.0696721311475,549.0122950819672,0.0,0.0,0.0,0.0,주거 유출·귀가형,15828.29918032787,0.020031822024517715,0.034685488872001145
양천구청,17-18시간대,12,355.4836065573771,804.5286885245902,0.0,0.0,355.4836065573771,804.5286885245902,주거 유출·귀가형,15828.29918032787,0.022458736880535356,0.050828498966237326
양천구청,18-19시간대,13,372.9549180327869,1281.6147540983607,0.0,0.0,372.9549180327869,1281.6147540983607,주거 유출·귀가형,15828.29918032787,0.023562539081666604,0.08096983380824706
양천구청,19-20시간대,14,160.68852459016392,1013.1188524590164,0.0,0.0,160.68852459016392,1013.1188524590164,주거 유출·귀가형,15828.29918032787,0.010151976707003045,0.06400680457936798
양천구청,20-21시간대,15,116.17622950819673,564.2008196721312,0.0,0.0,0.0,0.0,주거 유출·귀가형,15828.29918032787,0.007339779731519469,0.035645069204488226
양천구청,21-22시간대,16,97.50819672131148,510.84016393442624,0.0,0.0,0.0,0.0,주거 유출·귀가형,15828.29918032787,0.006160371092966141,0.03227385065916126
양천구청,22-23시간대,17,86.76639344262296,400.3114754098361,0.0,0.0,0.0,0.0,주거 유출·귀가형,15828.29918032787,0.005481725639256313,0.025290871169996672
양천구청,23-24시간대,18,29.93032786885246,287.4303278688525,0.0,0.0,0.0,0.0,주거 유출·귀가형,15828.29918032787,0.0018909377140186503,0.018159268067543477
양천구청,24시이후,19,11.46311475409836,118.51229508196721,0.0,0.0,0.0,0.0,주거 유출·귀가형,15828.29918032787,0.0007242164570875209,0.0074873676401858566
양평,06시이전,0,103.76639344262296,40.454918032786885,0.0,0.0,0.0,0.0,혼합형,18783.004098360656,0.005524483352036295,0.0021538044617856263
양평,06-07시간대,1,311.2704918032787,181.97540983606558,0.0,0.0,0.0,0.0,혼합형,18783.004098360656,0.016571922689962344,0.009688301662668968
양평,07-08시간대,2,1166.6803278688524,494.00409836065575,1166.6803278688524,494.00409836065575,0.0,0.0,혼합형,18783.004098360656,0.062113617276518505,0.026300590457932736
양평,08-09시간대,3,1374.717213114754,2083.8278688524592,1374.717213114754,2083.8278688524592,0.0,0.0,혼합형,18783.004098360656,0.07318942198573745,0.11094220381042944
양평,09-10시간대,4,565.7540983606557,751.422131147541,565.7540983606557,751.422131147541,0.0,0.0,혼합형,18783.004098360656,0.030120533190430045,0.04000542869567513
양평,10-11시간대,5,320.4385245901639,276.47131147540983,0.0,0.0,0.0,0.0,혼합형,18783.004098360656,0.01706002527136387,0.014719227554208951
양평,11-12시간대,6,277.0163934426229,234.63524590163934,0.0,0.0,0.0,0.0,혼합형,18783.004098360656,0.014748247510993217,0.012491891322225598
양평,12-13시간대,7,291.2581967213115,228.00819672131146,0.0,0.0,0.0,0.0,혼합형,18783.004098360656,0.015506475705168585,0.012139069742374787
양평,13-14시간대,8,306.3688524590164,260.24590163934425,0.0,0.0,0.0,0.0,혼합형,18783.004098360656,0.016310961274067746,0.01385539290075851
양평,14-15시간대,9,288.0614754098361,249.75409836065575,0.0,0.0,0.0,0.0,혼합형,18783.004098360656,0.015336283477411236,0.013296813281452342
양평,15-16시간대,10,327.02868852459017,282.59016393442624,0.0,0.0,0.0,0.0,혼합형,18783.004098360656,0.017410883094740558,0.015044992933749621
양평,16-17시간대,11,427.62295081967216,365.25409836065575,0.0,0.0,0.0,0.0,혼합형,18783.004098360656,0.022766483390002257,0.019445989387423625
양평,17-18시간대,12,921.3770491803278,568.9713114754098,0.0,0.0,921.3770491803278,568.9713114754098,혼합형,18783.004098360656,0.04905376394294371,0.030291816394006355
양평,18-19시간대,13,1629.6803278688524,1081.0245901639344,0.0,0.0,1629.6803278688524,1081.0245901639344,혼합형,18783.004098360656,0.08676356132036875,0.05755333835327673
양평,19-20시간대,14,463.0327868852459,693.1434426229508,0.0,0.0,463.0327868852459,693.1434426229508,혼합형,18783.004098360656,0.02465168960516058,0.03690269346656039
양평,20-21시간대,15,280.0245901639344,438.0327868852459,0.0,0.0,0.0,0.0,혼합형,18783.004098360656,0.014908402761216159,0.023320699106032596
양평,21-22시간대,16,221.3360655737705,393.2418032786885,0.0,0.0,0.0,0.0,혼합형,18783.004098360656,0.01178384801572227,0.02093604416095559
양평,22-23시간대,17,149.45081967213116,366.8360655737705,0.0,0.0,0.0,0.0,혼합형,18783.004098360656,0.007956704842819842,0.01953021272064713
양평,23-24시간대,18,65.64344262295081,205.86475409836066,0.0,0.0,0.0,0.0,혼합형,18783.004098360656,0.0034948319384480167,0.010960161272409463
양평,24시이후,19,15.73360655737705,80.98360655737704,0.0,0.0,0.0,0.0,혼합형,18783.004098360656,0.0008376512337954634,0.004311536436519499
어린이대공원(세종대),06시이전,0,119.09016393442623,37.704918032786885,0.0,0.0,0.0,0.0,업무 유입형,37529.0,0.0031732836988575827,0.0010046875225235654
어린이대공원(세종대),06-07시간대,1,305.92622950819674,313.09016393442624,0.0,0.0,0.0,0.0,업무 유입형,37529.0,0.008151728783292834,0.00834261941257231
어린이대공원(세종대),07-08시간대,2,872.4672131147541,706.1434426229508,872.4672131147541,706.1434426229508,0.0,0.0,업무 유입형,37529.0,0.023247814040202354,0.018815940809053022
어린이대공원(세종대),08-09시간대,3,1429.8401639344263,3062.405737704918,1429.8401639344263,3062.405737704918,0.0,0.0,업무 유입형,37529.0,0.03809960734190696,0.08160104819486046
어린이대공원(세종대),09-10시간대,4,941.7295081967213,1912.094262295082,941.7295081967213,1912.094262295082,0.0,0.0,업무 유입형,37529.0,0.025093381337011948,0.050949779165314346
어린이대공원(세종대),10-11시간대,5,611.4877049180328,1633.1598360655737,0.0,0.0,0.0,0.0,업무 유입형,37529.0,0.016293738306856907,0.04351727560194979
어린이대공원(세종대),11-12시간대,6,695.8483606557377,1207.7131147540983,0.0,0.0,0.0,0.0,업무 유입형,37529.0,0.01854161743333789,0.032180796577422746
어린이대공원(세종대),12-13시간대,7,737.5122950819672,920.0491803278688,0.0,0.0,0.0,0.0,업무 유입형,37529.0,0.01965179714572643,0.024515686011560896
어린이대공원(세종대),13-14시간대,8,920.0081967213115,1139.2459016393443,0.0,0.0,0.0,0.0,업무 유입형,37529.0,0.02451459395990598,0.030356415082718545
어린이대공원(세종대),14-15시간대,9,1039.3319672131147,903.7622950819672,0.0,0.0,0.0,0.0,업무 유입형,37529.0,0.027694102353196585,0.02408170468389691
어린이대공원(세종대),15-16시간대,10,1127.6967213114754,733.7704918032787,0.0,0.0,0.0,0.0,업무 유입형,37529.0,0.030048674926362956,0.019552092829632516
어린이대공원(세종대),16-17시간대,11,1569.5860655737704,783.733606557377,0.0,0.0,0.0,0.0,업무 유입형,37529.0,0.04182328507484267,0.02088341300214173
어린이대공원(세종대),17-18시간대,12,2128.7254098360654,956.6516393442623,0.0,0.0,2128.7254098360654,956.6516393442623,업무 유입형,37529.0,0.056722145802874185,0.025490997344567196
어린이대공원(세종대),18-19시간대,13,2067.3811475409834,1473.0081967213114,0.0,0.0,2067.3811475409834,1473.0081967213114,업무 유입형,37529.0,0.05508756288579454,0.039249865350030944
어린이대공원(세종대),19-20시간대,14,1075.3483606557377,989.061475409836,0.0,0.0,1075.3483606557377,989.061475409836,업무 유입형,37529.0,0.028653797347537577,0.026354591793275494
어린이대공원(세종대),20-21시간대,15,846.3729508196722,624.889344262295,0.0,0.0,0.0,0.0,업무 유입형,37529.0,0.022552504751516753,0.016650839198014737
어린이대공원(세종대),21-22시간대,16,843.389344262295,518.0696721311475,0.0,0.0,0.0,0.0,업무 유입형,37529.0,0.022473003391038797,0.013804515764639279
어린이대공원(세종대),22-23시간대,17,735.1434426229508,520.3524590163935,0.0,0.0,0.0,0.0,업무 유입형,37529.0,0.019588676560072234,0.013865343041818154
어린이대공원(세종대),23-24시간대,18,414.4836065573771,369.1188524590164,0.0,0.0,0.0,0.0,업무 유입형,37529.0,0.011044355206836769,0.00983556323000923
어린이대공원(세종대),24시이후,19,99.07377049180327,144.5327868852459,0.0,0.0,0.0,0.0,업무 유입형,37529.0,0.0026399256705961598,0.0038512293662300062
여의나루,06시이전,0,42.282786885245905,58.385245901639344,0.0,0.0,0.0,0.0,업무 유입형,29287.758196721312,0.0014437017200578826,0.0019935034122268674
여의나루,06-07시간대,1,106.70491803278688,460.08196721311475,0.0,0.0,0.0,0.0,업무 유입형,29287.758196721312,0.0036433282915020863,0.01570901958841697
여의나루,07-08시간대,2,277.82377049180326,2049.811475409836,277.82377049180326,2049.811475409836,0.0,0.0,업무 유입형,29287.758196721312,0.0094860032859362,0.06998867791933994
여의나루,08-09시간대,3,437.6311475409836,3446.934426229508,437.6311475409836,3446.934426229508,0.0,0.0,업무 유입형,29287.758196721312,0.014942459733567974,0.11769198595116041
여의나루,09-10시간대,4,239.9016393442623,1260.577868852459,239.9016393442623,1260.577868852459,0.0,0.0,업무 유입형,29287.758196721312,0.008191191614355744,0.043041118421743095
여의나루,10-11시간대,5,191.8360655737705,680.9590163934427,0.0,0.0,0.0,0.0,업무 유입형,29287.758196721312,0.006550042658957969,0.023250636386013122
여의나루,11-12시간대,6,255.08196721311475,578.2745901639345,0.0,0.0,0.0,0.0,업무 유입형,29287.758196721312,0.008709508098904972,0.019744583599733176
여의나루,12-13시간대,7,313.1188524590164,559.7745901639345,0.0,0.0,0.0,0.0,업무 유입형,29287.758196721312,0.010691117099364378,0.019112920367752823
여의나루,13-14시간대,8,373.46311475409834,651.7704918032787,0.0,0.0,0.0,0.0,업무 유입형,29287.758196721312,0.012751509086001214,0.022254024614155776
여의나루,14-15시간대,9,498.1475409836066,633.188524590164,0.0,0.0,0.0,0.0,업무 유입형,29287.758196721312,0.017008728958960502,0.02161956269705367
여의나루,15-16시간대,10,692.8237704918033,671.4631147540983,0.0,0.0,0.0,0.0,업무 유입형,29287.758196721312,0.02365574605738732,0.02292640871465768
여의나루,16-17시간대,11,942.7868852459017,724.2909836065573,0.0,0.0,0.0,0.0,업무 유입형,29287.758196721312,0.032190476270438625,0.02473016127562948
여의나루,17-18시간대,12,2294.2950819672133,908.6680327868852,0.0,0.0,2294.2950819672133,908.6680327868852,업무 유입형,29287.758196721312,0.07833631603200185,0.031025523588507645
여의나루,18-19시간대,13,2821.5245901639346,1155.8155737704917,0.0,0.0,2821.5245901639346,1155.8155737704917,업무 유입형,29287.758196721312,0.09633801847216142,0.039464118967626624
여의나루,19-20시간대,14,1175.549180327869,656.0450819672132,0.0,0.0,1175.549180327869,656.0450819672132,업무 유입형,29287.758196721312,0.040137902410689416,0.02239997604325536
여의나루,20-21시간대,15,1191.2704918032787,405.2745901639344,0.0,0.0,0.0,0.0,업무 유입형,29287.758196721312,0.04067469021704223,0.013837678781754756
여의나루,21-22시간대,16,937.8688524590164,277.24590163934425,0.0,0.0,0.0,0.0,업무 유입형,29287.758196721312,0.03202255516313326,0.00946627255582782
여의나루,22-23시간대,17,658.9262295081967,205.12295081967213,0.0,0.0,0.0,0.0,업무 유입형,29287.758196721312,0.022498349825285084,0.007003709517194631
여의나루,23-24시간대,18,268.8688524590164,97.98360655737704,0.0,0.0,0.0,0.0,업무 유입형,29287.758196721312,0.009180246936384348,0.0033455481945472375
여의나루,24시이후,19,42.627049180327866,43.557377049180324,0.0,0.0,0.0,0.0,업무 유입형,29287.758196721312,0.001455456197569258,0.0014872212737011895
여의도,06시이전,0,102.54918032786885,129.4139344262295,0.0,0.0,0.0,0.0,업무 유입형,68909.9631147541,0.0014881618809909417,0.0018780148555691376
여의도,06-07시간대,1,162.52459016393442,1191.3852459016393,0.0,0.0,0.0,0.0,업무 유입형,68909.9631147541,0.002358506416456589,0.017289012967800523
여의도,07-08시간대,2,457.1967213114754,7291.352459016393,457.1967213114754,7291.352459016393,0.0,0.0,업무 유입형,68909.9631147541,0.006634696938527115,0.10580984417121629
여의도,08-09시간대,3,620.4139344262295,10374.11475409836,620.4139344262295,10374.11475409836,0.0,0.0,업무 유입형,68909.9631147541,0.0090032544843054,0.15054593392863377
여의도,09-10시간대,4,513.8155737704918,3694.4139344262294,513.8155737704918,3694.4139344262294,0.0,0.0,업무 유입형,68909.9631147541,0.007456332154972238,0.053612188534682734
여의도,10-11시간대,5,545.1516393442623,1372.6844262295083,0.0,0.0,0.0,0.0,업무 유입형,68909.9631147541,0.00791107141410647,0.019919970410426865
여의도,11-12시간대,6,865.889344262295,1199.6352459016393,0.0,0.0,0.0,0.0,업무 유입형,68909.9631147541,0.012565517453845541,0.0174087344075909
여의도,12-13시간대,7,828.233606557377,1116.344262295082,0.0,0.0,0.0,0.0,업무 유입형,68909.9631147541,0.012019069073918087,0.016200041501053496
여의도,13-14시간대,8,1042.827868852459,1226.467213114754,0.0,0.0,0.0,0.0,업무 유입형,68909.9631147541,0.015133194413641799,0.017798111589065108
여의도,14-15시간대,9,1216.5122950819673,964.3770491803278,0.0,0.0,0.0,0.0,업무 유입형,68909.9631147541,0.017653648907867487,0.013994740464080268
여의도,15-16시간대,10,1593.938524590164,917.2540983606557,0.0,0.0,0.0,0.0,업무 유입형,68909.9631147541,0.02313074122439765,0.013310906825376972
여의도,16-17시간대,11,2232.8893442622953,972.7418032786885,0.0,0.0,0.0,0.0,업무 유입형,68909.9631147541,0.032402997234868905,0.014116127179734593
여의도,17-18시간대,12,6680.2172131147545,1236.02868852459,0.0,0.0,6680.2172131147545,1236.02868852459,업무 유입형,68909.9631147541,0.09694123913533882,0.017936864753014908
여의도,18-19시간대,13,7847.172131147541,1688.7295081967213,0.0,0.0,7847.172131147541,1688.7295081967213,업무 유입형,68909.9631147541,0.11387572676653208,0.024506318562158
여의도,19-20시간대,14,2969.622950819672,751.2868852459017,0.0,0.0,2969.622950819672,751.2868852459017,업무 유입형,68909.9631147541,0.04309424670383919,0.010902442133001898
여의도,20-21시간대,15,2355.877049180328,400.9549180327869,0.0,0.0,0.0,0.0,업무 유입형,68909.9631147541,0.034187756642056866,0.005818533342777827
여의도,21-22시간대,16,1922.9426229508197,348.4303278688525,0.0,0.0,0.0,0.0,업무 유입형,68909.9631147541,0.02790514660047909,0.005056312790192905
여의도,22-23시간대,17,1089.1844262295083,304.30737704918033,0.0,0.0,0.0,0.0,업무 유입형,68909.9631147541,0.01580590638853943,0.004416014220504292
여의도,23-24시간대,18,380.8032786885246,157.5655737704918,0.0,0.0,0.0,0.0,업무 유입형,68909.9631147541,0.005526099006240681,0.002286542709478768
여의도,24시이후,19,56.795081967213115,87.91803278688525,0.0,0.0,0.0,0.0,업무 유입형,68909.9631147541,0.0008241926043790451,0.0012758392083373703
역삼,06시이전,0,131.60245901639345,286.2704918032787,0.0,0.0,0.0,0.0,업무 유입형,126467.30737704918,0.001040604577940719,0.0022635928426134105
역삼,06-07시간대,1,324.7295081967213,1961.4590163934427,0.0,0.0,0.0,0.0,업무 유입형,126467.30737704918,0.0025676952797656547,0.015509613172561314
역삼,07-08시간대,2,669.2008196721312,7366.241803278688,669.2008196721312,7366.241803278688,0.0,0.0,업무 유입형,126467.30737704918,0.005291492588491493,0.05824621363461943
역삼,08-09시간대,3,1117.2581967213114,17127.54508196721,1117.2581967213114,17127.54508196721,0.0,0.0,업무 유입형,126467.30737704918,0.008834363756874509,0.13543061394438652
역삼,09-10시간대,4,977.2909836065573,13927.811475409837,977.2909836065573,13927.811475409837,0.0,0.0,업무 유입형,126467.30737704918,0.007727617546982838,0.11012973838278624
역삼,10-11시간대,5,982.2213114754098,5263.836065573771,0.0,0.0,0.0,0.0,업무 유입형,126467.30737704918,0.007766602546119043,0.04162210910271212
역삼,11-12시간대,6,1327.8688524590164,2597.9795081967213,0.0,0.0,0.0,0.0,업무 유입형,126467.30737704918,0.010499700515486685,0.020542696465032775
역삼,12-13시간대,7,1527.8237704918033,2221.5122950819673,0.0,0.0,0.0,0.0,업무 유입형,126467.30737704918,0.01208078041811039,0.017565901742960008
역삼,13-14시간대,8,1865.1352459016393,2436.495901639344,0.0,0.0,0.0,0.0,업무 유입형,126467.30737704918,0.014747963600908588,0.01926581621901053
역삼,14-15시간대,9,2338.8319672131147,1877.905737704918,0.0,0.0,0.0,0.0,업무 유입형,126467.30737704918,0.0184935697273931,0.014848942202162466
역삼,15-16시간대,10,3185.0204918032787,1654.016393442623,0.0,0.0,0.0,0.0,업무 유입형,126467.30737704918,0.025184536287370062,0.013078608438395423
역삼,16-17시간대,11,4387.643442622951,1622.72131147541,0.0,0.0,0.0,0.0,업무 유입형,126467.30737704918,0.03469389468016146,0.01283115253365389
역삼,17-18시간대,12,10356.13524590164,2074.188524590164,0.0,0.0,10356.13524590164,2074.188524590164,업무 유입형,126467.30737704918,0.0818878448564252,0.016400985895953218
역삼,18-19시간대,13,12616.946721311475,2484.8524590163934,0.0,0.0,12616.946721311475,2484.8524590163934,업무 유입형,126467.30737704918,0.0997644923655673,0.01964818031278284
역삼,19-20시간대,14,6944.819672131148,1493.9959016393443,0.0,0.0,6944.819672131148,1493.9959016393443,업무 유입형,126467.30737704918,0.05491395219972453,0.01181329730683006
역삼,20-21시간대,15,3803.1147540983607,874.7008196721312,0.0,0.0,0.0,0.0,업무 유입형,126467.30737704918,0.03007192003194761,0.0069164184627122744
역삼,21-22시간대,16,3432.1434426229507,707.8647540983607,0.0,0.0,0.0,0.0,업무 유입형,126467.30737704918,0.02713858240367505,0.005597215349797361
역삼,22-23시간대,17,2335.8237704918033,604.155737704918,0.0,0.0,0.0,0.0,업무 유입형,126467.30737704918,0.018469783368817893,0.004777169295648007
역삼,23-24시간대,18,863.6188524590164,367.1967213114754,0.0,0.0,0.0,0.0,업무 유입형,126467.30737704918,0.006828791332484262,0.0029034912573627936
역삼,24시이후,19,173.422131147541,155.90573770491804,0.0,0.0,0.0,0.0,업무 유입형,126467.30737704918,0.0013712803312124048,0.0012327750225605834
역촌,06시이전,0,91.8811475409836,13.23360655737705,0.0,0.0,0.0,0.0,주거 유출·귀가형,9337.168032786885,0.009840365646023362,0.0014173041023689476
역촌,06-07시간대,1,251.09016393442624,121.50819672131148,0.0,0.0,0.0,0.0,주거 유출·귀가형,9337.168032786885,0.026891468917849475,0.013013388673593855
역촌,07-08시간대,2,710.9262295081967,136.7827868852459,710.9262295081967,136.7827868852459,0.0,0.0,주거 유출·귀가형,9337.168032786885,0.07613938476975282,0.014649279782150396
역촌,08-09시간대,3,745.2459016393443,341.02868852459017,745.2459016393443,341.02868852459017,0.0,0.0,주거 유출·귀가형,9337.168032786885,0.07981498233966226,0.03652378187123645
역촌,09-10시간대,4,350.8811475409836,160.20491803278688,350.8811475409836,160.20491803278688,0.0,0.0,주거 유출·귀가형,9337.168032786885,0.03757896894528258,0.017157763196532103
역촌,10-11시간대,5,216.73360655737704,127.77868852459017,0.0,0.0,0.0,0.0,주거 유출·귀가형,9337.168032786885,0.023211920980358333,0.013684951162483448
역촌,11-12시간대,6,210.79508196721312,165.59426229508196,0.0,0.0,0.0,0.0,주거 유출·귀가형,9337.168032786885,0.022575911799704074,0.017734955793192113
역촌,12-13시간대,7,210.53688524590163,185.5737704918033,0.0,0.0,0.0,0.0,주거 유출·귀가형,9337.168032786885,0.022548259226632148,0.019874738233281498
역촌,13-14시간대,8,202.8360655737705,183.43852459016392,0.0,0.0,0.0,0.0,주거 유출·귀가형,9337.168032786885,0.021723510261518725,0.01964605584327399
역촌,14-15시간대,9,177.61065573770492,192.16803278688525,0.0,0.0,0.0,0.0,주거 유출·귀가형,9337.168032786885,0.019021897765364844,0.02058097617094382
역촌,15-16시간대,10,175.77868852459017,235.35245901639345,0.0,0.0,0.0,0.0,주거 유출·귀가형,9337.168032786885,0.018825696175473573,0.02520597874965599
역촌,16-17시간대,11,191.6639344262295,319.78688524590166,0.0,0.0,0.0,0.0,주거 유출·귀가형,9337.168032786885,0.02052698781399387,0.03424880907390655
역촌,17-18시간대,12,219.36475409836066,442.5327868852459,0.0,0.0,219.36475409836066,442.5327868852459,주거 유출·귀가형,9337.168032786885,0.02349371386785318,0.047394754526353125
역촌,18-19시간대,13,199.7295081967213,751.7827868852459,0.0,0.0,199.7295081967213,751.7827868852459,주거 유출·귀가형,9337.168032786885,0.02139080152519303,0.08051507526108637
역촌,19-20시간대,14,112.74590163934427,582.733606557377,0.0,0.0,112.74590163934427,582.733606557377,주거 유출·귀가형,9337.168032786885,0.01207495690807363,0.062410101704408034
역촌,20-21시간대,15,77.18442622950819,296.3975409836066,0.0,0.0,0.0,0.0,주거 유출·귀가형,9337.168032786885,0.008266363629580177,0.031743837097375244
역촌,21-22시간대,16,65.21311475409836,298.6393442622951,0.0,0.0,0.0,0.0,주거 유출·귀가형,9337.168032786885,0.006984249884451748,0.03198393166039656
역촌,22-23시간대,17,44.36065573770492,266.2827868852459,0.0,0.0,0.0,0.0,주거 유출·귀가형,9337.168032786885,0.004750975411595382,0.028518581431780005
역촌,23-24시간대,18,21.577868852459016,164.4016393442623,0.0,0.0,0.0,0.0,주거 유출·귀가형,9337.168032786885,0.0023109650352965343,0.0176072272413837
역촌,24시이후,19,4.737704918032787,71.05327868852459,0.0,0.0,0.0,0.0,주거 유출·귀가형,9337.168032786885,0.0005074027693832467,0.007609724751554798
연신내,06시이전,0,982.2704918032787,94.13524590163935,0.0,0.0,0.0,0.0,주거 유출·귀가형,77596.09016393442,0.01265876269961633,0.0012131441893884507
연신내,06-07시간대,1,2051.75,503.00409836065575,0.0,0.0,0.0,0.0,주거 유출·귀가형,77596.09016393442,0.02644140955640088,0.006482338186086146
연신내,07-08시간대,2,5224.163934426229,1166.811475409836,5224.163934426229,1166.811475409836,0.0,0.0,주거 유출·귀가형,77596.09016393442,0.0673250923260351,0.015036987984120799
연신내,08-09시간대,3,6220.774590163935,1768.6844262295083,6220.774590163935,1768.6844262295083,0.0,0.0,주거 유출·귀가형,77596.09016393442,0.08016866026395829,0.022793473517710407
연신내,09-10시간대,4,3261.4836065573772,1414.1844262295083,3261.4836065573772,1414.1844262295083,0.0,0.0,주거 유출·귀가형,77596.09016393442,0.04203154565735155,0.018224944365647967
연신내,10-11시간대,5,2045.717213114754,1223.9795081967213,0.0,0.0,0.0,0.0,주거 유출·귀가형,77596.09016393442,0.026363663540171188,0.015773726557753935
연신내,11-12시간대,6,1860.422131147541,1286.22131147541,0.0,0.0,0.0,0.0,주거 유출·귀가형,77596.09016393442,0.02397572000363801,0.016575852066232424
연신내,12-13시간대,7,1987.8852459016393,1358.577868852459,0.0,0.0,0.0,0.0,주거 유출·귀가형,77596.09016393442,0.025618368679425817,0.017508328911704715
연신내,13-14시간대,8,1787.0081967213114,1493.8360655737704,0.0,0.0,0.0,0.0,주거 유출·귀가형,77596.09016393442,0.023029616478690673,0.019251434736180618
연신내,14-15시간대,9,1641.5983606557377,1629.045081967213,0.0,0.0,0.0,0.0,주거 유출·귀가형,77596.09016393442,0.02115568396793695,0.020993906761611173
연신내,15-16시간대,10,1780.9795081967213,2085.1024590163934,0.0,0.0,0.0,0.0,주거 유출·귀가형,77596.09016393442,0.022951923279048093,0.026871230942322914
연신내,16-17시간대,11,2087.745901639344,2490.6434426229507,0.0,0.0,0.0,0.0,주거 유출·귀가형,77596.09016393442,0.026905297641010514,0.03209753787028521
연신내,17-18시간대,12,2067.9221311475408,3283.6147540983607,0.0,0.0,2067.9221311475408,3283.6147540983607,주거 유출·귀가형,77596.09016393442,0.02664982380914705,0.042316755227759385
연신내,18-19시간대,13,2080.5450819672133,5510.643442622951,0.0,0.0,2080.5450819672133,5510.643442622951,주거 유출·귀가형,77596.09016393442,0.026812498897453747,0.07101702458179034
연신내,19-20시간대,14,1367.200819672131,4333.377049180328,0.0,0.0,1367.200819672131,4333.377049180328,주거 유출·귀가형,77596.09016393442,0.017619455010989545,0.0558453014839454
연신내,20-21시간대,15,1062.704918032787,2487.2745901639346,0.0,0.0,0.0,0.0,주거 유출·귀가형,77596.09016393442,0.013695341038287486,0.03205412263567869
연신내,21-22시간대,16,936.0327868852459,2159.151639344262,0.0,0.0,0.0,0.0,주거 유출·귀가형,77596.09016393442,0.012062885963812399,0.027825521038272693
연신내,22-23시간대,17,774.5450819672132,1878.200819672131,0.0,0.0,0.0,0.0,주거 유출·귀가형,77596.09016393442,0.009981753981816095,0.024204838358532304
연신내,23-24시간대,18,405.24590163934425,1191.094262295082,0.0,0.0,0.0,0.0,주거 유출·귀가형,77596.09016393442,0.00522250413369019,0.015349926262762733
연신내,24시이후,19,102.3360655737705,510.17622950819674,0.0,0.0,0.0,0.0,주거 유출·귀가형,77596.09016393442,0.0013188301802006884,0.006574767213533131
영등포구청,06시이전,0,245.70081967213116,155.41803278688525,0.0,0.0,0.0,0.0,업무 유입형,64545.56967213115,0.003806625627757337,0.0024078807201850464
영등포구청,06-07시간대,1,701.7827868852459,677.8155737704918,0.0,0.0,0.0,0.0,업무 유입형,64545.56967213115,0.010872671671348727,0.010501349313571127
영등포구청,07-08시간대,2,2302.9139344262294,2210.3360655737706,2302.9139344262294,2210.3360655737706,0.0,0.0,업무 유입형,64545.56967213115,0.03567888464110278,0.03424458218901007
영등포구청,08-09시간대,3,3028.4590163934427,7144.545081967213,3028.4590163934427,7144.545081967213,0.0,0.0,업무 유입형,64545.56967213115,0.04691970388946836,0.11068993764032134
영등포구청,09-10시간대,4,1572.1475409836066,2938.184426229508,1572.1475409836066,2938.184426229508,0.0,0.0,업무 유입형,64545.56967213115,0.02435717197895324,0.04552108597312649
영등포구청,10-11시간대,5,1054.5245901639344,1266.0122950819673,0.0,0.0,0.0,0.0,업무 유입형,64545.56967213115,0.016337675777292684,0.019614240009234805
영등포구청,11-12시간대,6,1105.3401639344263,1113.704918032787,0.0,0.0,0.0,0.0,업무 유입형,64545.56967213115,0.017124957910344067,0.01725455246099798
영등포구청,12-13시간대,7,1169.200819672131,1073.8565573770493,0.0,0.0,0.0,0.0,업무 유입형,64545.56967213115,0.01811434658662494,0.01663718459426207
영등포구청,13-14시간대,8,1255.25,1191.6926229508197,0.0,0.0,0.0,0.0,업무 유입형,64545.56967213115,0.01944750052368009,0.018462810522925123
영등포구청,14-15시간대,9,1272.9590163934427,1113.172131147541,0.0,0.0,0.0,0.0,업무 유입형,64545.56967213115,0.01972186507702431,0.01724629803102002
영등포구청,15-16시간대,10,1477.2254098360656,1195.8565573770493,0.0,0.0,0.0,0.0,업무 유입형,64545.56967213115,0.02288655003495751,0.018527322067983614
영등포구청,16-17시간대,11,1824.532786885246,1383.3565573770493,0.0,0.0,0.0,0.0,업무 유입형,64545.56967213115,0.028267358955126318,0.021432246464072057
영등포구청,17-18시간대,12,3096.684426229508,1947.5081967213114,0.0,0.0,3096.684426229508,1947.5081967213114,업무 유입형,64545.56967213115,0.04797671539595326,0.030172608385269042
영등포구청,18-19시간대,13,5716.172131147541,3300.8278688524592,0.0,0.0,5716.172131147541,3300.8278688524592,업무 유입형,64545.56967213115,0.0885602553387272,0.051139495485430016
영등포구청,19-20시간대,14,1923.2622950819673,2016.8975409836066,0.0,0.0,1923.2622950819673,2016.8975409836066,업무 유입형,64545.56967213115,0.02979696832565682,0.03124765264647502
영등포구청,20-21시간대,15,1420.5532786885246,1148.27868852459,0.0,0.0,0.0,0.0,업무 유입형,64545.56967213115,0.02200853266776383,0.01779020147095212
영등포구청,21-22시간대,16,1271.282786885246,1023.061475409836,0.0,0.0,0.0,0.0,업무 유입형,64545.56967213115,0.019695895370401353,0.01585021993928676
영등포구청,22-23시간대,17,917.0532786885246,938.0737704918033,0.0,0.0,0.0,0.0,업무 유입형,64545.56967213115,0.014207842356134334,0.014533511366572315
영등포구청,23-24시간대,18,425.1803278688525,563.483606557377,0.0,0.0,0.0,0.0,업무 유입형,64545.56967213115,0.00658728910486993,0.008730012135916936
영등포구청,24시이후,19,102.48770491803279,260.7745901639344,0.0,0.0,0.0,0.0,업무 유입형,64545.56967213115,0.0015878348496827029,0.004040162500518283
영등포시장,06시이전,0,108.51639344262296,34.83196721311475,0.0,0.0,0.0,0.0,혼합형,26668.18442622951,0.004069133155382396,0.0013061244311350926
영등포시장,06-07시간대,1,299.4795081967213,211.4139344262295,0.0,0.0,0.0,0.0,혼합형,26668.18442622951,0.011229842399851116,0.007927571335463438
영등포시장,07-08시간대,2,1223.0696721311476,671.4467213114754,1223.0696721311476,671.4467213114754,0.0,0.0,혼합형,26668.18442622951,0.045862502395483534,0.02517781902884523
영등포시장,08-09시간대,3,1717.0901639344263,2074.4303278688526,1717.0901639344263,2074.4303278688526,0.0,0.0,혼합형,26668.18442622951,0.06438721648578301,0.07778670998797149
영등포시장,09-10시간대,4,676.3196721311475,1095.0368852459017,676.3196721311475,1095.0368852459017,0.0,0.0,혼합형,26668.18442622951,0.025360544284595277,0.041061546138434435
영등포시장,10-11시간대,5,421.64344262295083,583.25,0.0,0.0,0.0,0.0,혼합형,26668.18442622951,0.015810729215155837,0.021870630211569413
영등포시장,11-12시간대,6,432.1967213114754,532.0983606557377,0.0,0.0,0.0,0.0,혼합형,26668.18442622951,0.016206454642873555,0.019952552905416088
영등포시장,12-13시간대,7,503.32377049180326,641.9754098360655,0.0,0.0,0.0,0.0,혼합형,26668.18442622951,0.018873567185802076,0.02407270774701296
영등포시장,13-14시간대,8,517.6188524590164,713.2213114754098,0.0,0.0,0.0,0.0,혼합형,26668.18442622951,0.019409602250609607,0.026744277003496367
영등포시장,14-15시간대,9,551.4098360655738,574.4877049180328,0.0,0.0,0.0,0.0,혼합형,26668.18442622951,0.02067669201819507,0.021542062846730395
영등포시장,15-16시간대,10,697.8852459016393,526.0286885245902,0.0,0.0,0.0,0.0,혼합형,26668.18442622951,0.026169207275139206,0.019724953154561745
영등포시장,16-17시간대,11,911.8934426229508,569.266393442623,0.0,0.0,0.0,0.0,혼합형,26668.18442622951,0.034194057909921215,0.02134627480987122
영등포시장,17-18시간대,12,1342.295081967213,831.9713114754098,0.0,0.0,1342.295081967213,831.9713114754098,혼합형,26668.18442622951,0.05033320081013831,0.03119714856393163
영등포시장,18-19시간대,13,1870.1680327868853,1578.7295081967213,0.0,0.0,1870.1680327868853,1578.7295081967213,혼합형,26668.18442622951,0.07012730986468957,0.059198987188792684
영등포시장,19-20시간대,14,696.983606557377,889.4016393442623,0.0,0.0,696.983606557377,889.4016393442623,혼합형,26668.18442622951,0.026135397724033227,0.03335066328960478
영등포시장,20-21시간대,15,478.48770491803276,530.2581967213115,0.0,0.0,0.0,0.0,혼합형,26668.18442622951,0.017942267732610095,0.01988355068520434
영등포시장,21-22시간대,16,410.5163934426229,488.64344262295083,0.0,0.0,0.0,0.0,혼합형,26668.18442622951,0.015393488618552498,0.01832308622188563
영등포시장,22-23시간대,17,298.2049180327869,444.72131147540983,0.0,0.0,0.0,0.0,혼합형,26668.18442622951,0.011182047988969481,0.01667610004369116
영등포시장,23-24시간대,18,136.1516393442623,272.1516393442623,0.0,0.0,0.0,0.0,혼합형,26668.18442622951,0.00510539589678067,0.010205105641784425
영등포시장,24시이후,19,23.200819672131146,88.36475409836065,0.0,0.0,0.0,0.0,혼합형,26668.18442622951,0.0008699812218679561,0.0033134896881637523
오금,06시이전,0,229.8360655737705,26.07377049180328,0.0,0.0,0.0,0.0,주거 유출·귀가형,22589.614754098362,0.010174412803214012,0.0011542370587383655
오금,06-07시간대,1,548.1065573770492,208.97540983606558,0.0,0.0,0.0,0.0,주거 유출·귀가형,22589.614754098362,0.02426365227311404,0.009250950585518588
오금,07-08시간대,2,1717.2622950819673,708.389344262295,1717.2622950819673,708.389344262295,0.0,0.0,주거 유출·귀가형,22589.614754098362,0.07601999032632506,0.031359071501375395
오금,08-09시간대,3,1719.4631147540983,1540.8688524590164,1719.4631147540983,1540.8688524590164,0.0,0.0,주거 유출·귀가형,22589.614754098362,0.07611741649742573,0.06821138249732486
오금,09-10시간대,4,864.3483606557377,533.1844262295082,864.3483606557377,533.1844262295082,0.0,0.0,주거 유출·귀가형,22589.614754098362,0.03826308549591009,0.0236030774333048
오금,10-11시간대,5,527.3852459016393,311.37704918032784,0.0,0.0,0.0,0.0,주거 유출·귀가형,22589.614754098362,0.023346358565320708,0.013784079656508338
오금,11-12시간대,6,444.44262295081967,292.422131147541,0.0,0.0,0.0,0.0,주거 유출·귀가형,22589.614754098362,0.019674643759481816,0.012944980883062106
오금,12-13시간대,7,458.75409836065575,344.7663934426229,0.0,0.0,0.0,0.0,주거 유출·귀가형,22589.614754098362,0.02030818601177895,0.015262163485106494
오금,13-14시간대,8,454.36475409836066,360.0614754098361,0.0,0.0,0.0,0.0,주거 유출·귀가형,22589.614754098362,0.020113877949863076,0.01593924816024192
오금,14-15시간대,9,427.9754098360656,385.4549180327869,0.0,0.0,0.0,0.0,주거 유출·귀가형,22589.614754098362,0.018945671030464094,0.017063368376517136
오금,15-16시간대,10,495.327868852459,488.71311475409834,0.0,0.0,0.0,0.0,주거 유출·귀가형,22589.614754098362,0.02192723843431607,0.021634415640728565
오금,16-17시간대,11,623.639344262295,594.3360655737705,0.0,0.0,0.0,0.0,주거 유출·귀가형,22589.614754098362,0.02760734749357114,0.02631014614651372
오금,17-18시간대,12,888.5040983606557,866.8565573770492,0.0,0.0,888.5040983606557,866.8565573770492,주거 유출·귀가형,22589.614754098362,0.03933241483011379,0.038374118674147736
오금,18-19시간대,13,1163.4426229508197,1295.0901639344263,0.0,0.0,1163.4426229508197,1295.0901639344263,주거 유출·귀가형,22589.614754098362,0.05150342914722528,0.057331219590606886
오금,19-20시간대,14,378.3360655737705,918.4262295081967,0.0,0.0,378.3360655737705,918.4262295081967,주거 유출·귀가형,22589.614754098362,0.016748230091225003,0.04065701161820697
오금,20-21시간대,15,269.655737704918,576.9098360655738,0.0,0.0,0.0,0.0,주거 유출·귀가형,22589.614754098362,0.011937155221117492,0.025538719555228667
오금,21-22시간대,16,225.3237704918033,468.22131147540983,0.0,0.0,0.0,0.0,주거 유출·귀가형,22589.614754098362,0.00997466193844335,0.020727281831597503
오금,22-23시간대,17,186.13934426229508,567.7786885245902,0.0,0.0,0.0,0.0,주거 유출·귀가형,22589.614754098362,0.00824004066862293,0.025134500729879862
오금,23-24시간대,18,59.77049180327869,277.00409836065575,0.0,0.0,0.0,0.0,주거 유출·귀가형,22589.614754098362,0.0026459278944734868,0.012262453405071894
오금,24시이후,19,12.84016393442623,129.78688524590163,0.0,0.0,0.0,0.0,주거 유출·귀가형,22589.614754098362,0.0005684100448015246,0.005745422693512504
오목교(목동운동장앞),06시이전,0,205.60655737704917,68.5327868852459,0.0,0.0,0.0,0.0,혼합형,48039.733606557376,0.004279927092455485,0.0014265854895559047
오목교(목동운동장앞),06-07시간대,1,711.0040983606557,343.24590163934425,0.0,0.0,0.0,0.0,혼합형,48039.733606557376,0.014800333910752668,0.007145041736711286
오목교(목동운동장앞),07-08시간대,2,2317.840163934426,1140.77868852459,2317.840163934426,1140.77868852459,0.0,0.0,혼합형,48039.733606557376,0.048248397522713225,0.023746565663071765
오목교(목동운동장앞),08-09시간대,3,2563.6475409836066,2598.909836065574,2563.6475409836066,2598.909836065574,0.0,0.0,혼합형,48039.733606557376,0.053365148982293095,0.05409917251728526
오목교(목동운동장앞),09-10시간대,4,1262.295081967213,1790.4426229508197,1262.295081967213,1790.4426229508197,0.0,0.0,혼합형,48039.733606557376,0.026276063316781402,0.03727003645803785
오목교(목동운동장앞),10-11시간대,5,898.4426229508197,1073.7909836065573,0.0,0.0,0.0,0.0,혼합형,48039.733606557376,0.01870207337761305,0.02235214275751075
오목교(목동운동장앞),11-12시간대,6,879.1188524590164,1018.233606557377,0.0,0.0,0.0,0.0,혼합형,48039.733606557376,0.018299827797942193,0.02119565472399683
오목교(목동운동장앞),12-13시간대,7,932.0737704918033,1015.6188524590164,0.0,0.0,0.0,0.0,혼합형,48039.733606557376,0.019402142778838727,0.02114122573569778
오목교(목동운동장앞),13-14시간대,8,921.0655737704918,1152.2909836065573,0.0,0.0,0.0,0.0,혼합형,48039.733606557376,0.01917299503186186,0.023986206772996566
오목교(목동운동장앞),14-15시간대,9,976.6967213114754,1126.7295081967213,0.0,0.0,0.0,0.0,혼합형,48039.733606557376,0.020331018679465726,0.023454116490831744
오목교(목동운동장앞),15-16시간대,10,1145.782786885246,1245.7745901639344,0.0,0.0,0.0,0.0,혼합형,48039.733606557376,0.02385073148550615,0.02593217107252833
오목교(목동운동장앞),16-17시간대,11,1377.950819672131,1541.799180327869,0.0,0.0,0.0,0.0,혼합형,48039.733606557376,0.028683564962234554,0.03209424916788912
오목교(목동운동장앞),17-18시간대,12,1842.5737704918033,2121.27868852459,0.0,0.0,1842.5737704918033,2121.27868852459,혼합형,48039.733606557376,0.03835520374826337,0.044156753780063375
오목교(목동운동장앞),18-19시간대,13,2469.8565573770493,3191.8524590163934,0.0,0.0,2469.8565573770493,3191.8524590163934,혼합형,48039.733606557376,0.0514127862907199,0.06644192670087389
오목교(목동운동장앞),19-20시간대,14,1244.6475409836066,1965.2131147540983,0.0,0.0,1244.6475409836066,1965.2131147540983,혼합형,48039.733606557376,0.02590871030170978,0.040908076860897674
오목교(목동운동장앞),20-21시간대,15,1244.372950819672,1088.639344262295,0.0,0.0,0.0,0.0,혼합형,48039.733606557376,0.025902994404819437,0.022661227749058478
오목교(목동운동장앞),21-22시간대,16,976.4631147540983,925.4180327868852,0.0,0.0,0.0,0.0,혼합형,48039.733606557376,0.020326155901514244,0.019263596263168422
오목교(목동운동장앞),22-23시간대,17,951.827868852459,809.1967213114754,0.0,0.0,0.0,0.0,혼합형,48039.733606557376,0.01981334610736758,0.01684432157635905
오목교(목동운동장앞),23-24시간대,18,276.89344262295083,425.67622950819674,0.0,0.0,0.0,0.0,혼합형,48039.733606557376,0.00576384217470255,0.008860919858433444
오목교(목동운동장앞),24시이후,19,51.40163934426229,146.75,0.0,0.0,0.0,0.0,혼합형,48039.733606557376,0.0010699817731138713,0.0030547629843636096
옥수,06시이전,0,126.24180327868852,34.03688524590164,0.0,0.0,0.0,0.0,주거 유출·귀가형,20315.491803278688,0.006214065822335374,0.0016754152730089691
옥수,06-07시간대,1,383.9754098360656,159.26639344262296,0.0,0.0,0.0,0.0,주거 유출·귀가형,20315.491803278688,0.018900620942590044,0.007839652368982727
옥수,07-08시간대,2,1042.4016393442623,318.80737704918033,1042.4016393442623,318.80737704918033,0.0,0.0,주거 유출·귀가형,20315.491803278688,0.051310677065471315,0.01569282103216071
옥수,08-09시간대,3,1408.094262295082,586.811475409836,1408.094262295082,586.811475409836,0.0,0.0,주거 유출·귀가형,20315.491803278688,0.06931135489753842,0.028884925902464807
옥수,09-10시간대,4,908.4303278688525,389.75,908.4303278688525,389.75,0.0,0.0,주거 유출·귀가형,20315.491803278688,0.0447161376483262,0.019184866592158935
옥수,10-11시간대,5,538.7049180327868,307.37704918032784,0.0,0.0,0.0,0.0,주거 유출·귀가형,20315.491803278688,0.02651695185374966,0.015130180069316398
옥수,11-12시간대,6,474.59016393442624,377.2827868852459,0.0,0.0,0.0,0.0,주거 유출·귀가형,20315.491803278688,0.02336099802702452,0.018571186488547463
옥수,12-13시간대,7,468.3483606557377,408.0163934426229,0.0,0.0,0.0,0.0,주거 유출·귀가형,20315.491803278688,0.023053754503750266,0.020084002759744844
옥수,13-14시간대,8,455.7254098360656,450.42622950819674,0.0,0.0,0.0,0.0,주거 유출·귀가형,20315.491803278688,0.02243240844223701,0.022171564137841993
옥수,14-15시간대,9,452.3975409836066,486.7704918032787,0.0,0.0,0.0,0.0,주거 유출·귀가형,20315.491803278688,0.022268599026019877,0.023960556629237965
옥수,15-16시간대,10,485.9918032786885,598.938524590164,0.0,0.0,0.0,0.0,주거 유출·귀가형,20315.491803278688,0.023922226839729027,0.029481861940132907
옥수,16-17시간대,11,543.8524590163935,683.7991803278688,0.0,0.0,0.0,0.0,주거 유출·귀가형,20315.491803278688,0.02677033193597715,0.03365900205366978
옥수,17-18시간대,12,631.6844262295082,1034.922131147541,0.0,0.0,631.6844262295082,1034.922131147541,주거 유출·귀가형,20315.491803278688,0.031093730456850745,0.05094250935045128
옥수,18-19시간대,13,682.8032786885246,1443.811475409836,0.0,0.0,682.8032786885246,1443.811475409836,주거 유출·귀가형,20315.491803278688,0.03360998027024519,0.07106948182159299
옥수,19-20시간대,14,435.98770491803276,999.0081967213115,0.0,0.0,435.98770491803276,999.0081967213115,주거 유출·귀가형,20315.491803278688,0.021460849146052636,0.049174699111152353
옥수,20-21시간대,15,341.9467213114754,633.0368852459017,0.0,0.0,0.0,0.0,주거 유출·귀가형,20315.491803278688,0.01683182098777885,0.031160303249155738
옥수,21-22시간대,16,300.55737704918033,550.7704918032787,0.0,0.0,0.0,0.0,주거 유출·귀가형,20315.491803278688,0.014794491807511832,0.027110861855403894
옥수,22-23시간대,17,214.87295081967213,524.0327868852459,0.0,0.0,0.0,0.0,주거 유출·귀가형,20315.491803278688,0.010576802811389193,0.025794737925107624
옥수,23-24시간대,18,88.7172131147541,234.4139344262295,0.0,0.0,0.0,0.0,주거 유출·귀가형,20315.491803278688,0.004366973439473228,0.0115386787923292
옥수,24시이후,19,24.024590163934427,84.86475409836065,0.0,0.0,0.0,0.0,주거 유출·귀가형,20315.491803278688,0.0011825748742177698,0.0041773418492711285
온수(성공회대입구),06시이전,0,368.0860655737705,30.03688524590164,0.0,0.0,0.0,0.0,주거 유출·귀가형,22234.43442622951,0.016554775287629844,0.00135091744049346
온수(성공회대입구),06-07시간대,1,861.9016393442623,144.4672131147541,0.0,0.0,0.0,0.0,주거 유출·귀가형,22234.43442622951,0.038764270897194246,0.006497453919688151
온수(성공회대입구),07-08시간대,2,2002.0040983606557,468.6885245901639,2002.0040983606557,468.6885245901639,0.0,0.0,주거 유출·귀가형,22234.43442622951,0.09004070263190199,0.02107939943987339
온수(성공회대입구),08-09시간대,3,2239.52868852459,822.0860655737705,2239.52868852459,822.0860655737705,0.0,0.0,주거 유출·귀가형,22234.43442622951,0.10072343850053878,0.0369735541644348
온수(성공회대입구),09-10시간대,4,900.905737704918,497.7950819672131,900.905737704918,497.7950819672131,0.0,0.0,주거 유출·귀가형,22234.43442622951,0.040518491293043093,0.022388475120373397
온수(성공회대입구),10-11시간대,5,465.91803278688525,258.33196721311475,0.0,0.0,0.0,0.0,주거 유출·귀가형,22234.43442622951,0.02095479578456249,0.011618553558005765
온수(성공회대입구),11-12시간대,6,410.2090163934426,295.48770491803276,0.0,0.0,0.0,0.0,주거 유출·귀가형,22234.43442622951,0.018449266958170403,0.01328964340866939
온수(성공회대입구),12-13시간대,7,443.64344262295083,319.45081967213116,0.0,0.0,0.0,0.0,주거 유출·귀가형,22234.43442622951,0.01995298976886022,0.014367391297135112
온수(성공회대입구),13-14시간대,8,412.0081967213115,358.094262295082,0.0,0.0,0.0,0.0,주거 유출·귀가형,22234.43442622951,0.018530185604148933,0.016105391098801485
온수(성공회대입구),14-15시간대,9,375.2295081967213,354.5245901639344,0.0,0.0,0.0,0.0,주거 유출·귀가형,22234.43442622951,0.01687605364740336,0.01594484408138167
온수(성공회대입구),15-16시간대,10,456.5532786885246,452.7909836065574,0.0,0.0,0.0,0.0,주거 유출·귀가형,22234.43442622951,0.020533613310619585,0.020364403021306855
온수(성공회대입구),16-17시간대,11,611.8975409836065,580.9959016393443,0.0,0.0,0.0,0.0,주거 유출·귀가형,22234.43442622951,0.02752026560485674,0.0261304556033121
온수(성공회대입구),17-18시간대,12,663.8688524590164,899.5860655737705,0.0,0.0,663.8688524590164,899.5860655737705,주거 유출·귀가형,22234.43442622951,0.029857690091539445,0.040459138664329916
온수(성공회대입구),18-19시간대,13,591.2868852459017,1656.610655737705,0.0,0.0,591.2868852459017,1656.610655737705,주거 유출·귀가형,22234.43442622951,0.026593295512314565,0.0745065345032314
온수(성공회대입구),19-20시간대,14,252.64754098360655,1193.5,0.0,0.0,252.64754098360655,1193.5,주거 유출·귀가형,22234.43442622951,0.011362894874697752,0.053678001298384834
온수(성공회대입구),20-21시간대,15,191.4139344262295,718.7213114754098,0.0,0.0,0.0,0.0,주거 유출·귀가형,22234.43442622951,0.008608896037419435,0.03232469500674814
온수(성공회대입구),21-22시간대,16,181.0204918032787,553.5860655737705,0.0,0.0,0.0,0.0,주거 유출·귀가형,22234.43442622951,0.008141448005069673,0.02489769044544332
온수(성공회대입구),22-23시간대,17,114.90983606557377,501.78688524590166,0.0,0.0,0.0,0.0,주거 유출·귀가형,22234.43442622951,0.00516810249646004,0.022568007605984073
온수(성공회대입구),23-24시간대,18,66.68852459016394,294.2295081967213,0.0,0.0,0.0,0.0,주거 유출·귀가형,22234.43442622951,0.0029993353242883857,0.01323305565396459
온수(성공회대입구),24시이후,19,16.700819672131146,207.24180327868854,0.0,0.0,0.0,0.0,주거 유출·귀가형,22234.43442622951,0.0007511241056093395,0.00932075893210981
올림픽공원(한국체대),06시이전,0,66.07786885245902,34.372950819672134,0.0,0.0,0.0,0.0,혼합형,10412.360655737704,0.0063460987414075964,0.003301167905736247
올림픽공원(한국체대),06-07시간대,1,246.36885245901638,134.75,0.0,0.0,0.0,0.0,혼합형,10412.360655737704,0.023661190829310688,0.012941349656933596
올림픽공원(한국체대),07-08시간대,2,543.8073770491803,268.66803278688525,543.8073770491803,268.66803278688525,0.0,0.0,혼합형,10412.360655737704,0.05222709768024763,0.025802797431803942
올림픽공원(한국체대),08-09시간대,3,569.2786885245902,474.85655737704917,569.2786885245902,474.85655737704917,0.0,0.0,혼합형,10412.360655737704,0.05467335480844016,0.04560508160225709
올림픽공원(한국체대),09-10시간대,4,374.5532786885246,247.172131147541,374.5532786885246,247.172131147541,0.0,0.0,혼합형,10412.360655737704,0.03597198474700624,0.02373833747406141
올림픽공원(한국체대),10-11시간대,5,296.15983606557376,218.3155737704918,0.0,0.0,0.0,0.0,혼합형,10412.360655737704,0.02844310198786436,0.020966962342990836
올림픽공원(한국체대),11-12시간대,6,274.5860655737705,187.76639344262296,0.0,0.0,0.0,0.0,혼합형,10412.360655737704,0.026371163528844974,0.01803302821048124
올림픽공원(한국체대),12-13시간대,7,287.0204918032787,218.77868852459017,0.0,0.0,0.0,0.0,혼합형,10412.360655737704,0.02756536210115972,0.02101143974532161
올림픽공원(한국체대),13-14시간대,8,272.70081967213116,228.827868852459,0.0,0.0,0.0,0.0,혼합형,10412.360655737704,0.026190105076878994,0.021976560015366353
올림픽공원(한국체대),14-15시간대,9,255.39344262295083,248.37295081967213,0.0,0.0,0.0,0.0,혼합형,10412.360655737704,0.024527909766765228,0.02385366383585713
올림픽공원(한국체대),15-16시간대,10,345.28688524590166,283.5,0.0,0.0,0.0,0.0,혼합형,10412.360655737704,0.03316124908289959,0.027227255122379772
올림픽공원(한국체대),16-17시간대,11,379.98770491803276,292.7336065573771,0.0,0.0,0.0,0.0,혼합형,10412.360655737704,0.03649390541506469,0.028114047931682713
올림픽공원(한국체대),17-18시간대,12,425.86475409836066,397.86475409836066,0.0,0.0,425.86475409836066,397.86475409836066,혼합형,10412.360655737704,0.04089992348312378,0.03821081186609862
올림픽공원(한국체대),18-19시간대,13,414.8483606557377,500.96311475409834,0.0,0.0,414.8483606557377,500.96311475409834,혼합형,10412.360655737704,0.039841912355113876,0.048112347556655555
올림픽공원(한국체대),19-20시간대,14,203.6516393442623,349.94262295081967,0.0,0.0,203.6516393442623,349.94262295081967,혼합형,10412.360655737704,0.0195586424709598,0.03360838473818948
올림픽공원(한국체대),20-21시간대,15,147.4262295081967,203.70901639344262,0.0,0.0,0.0,0.0,혼합형,10412.360655737704,0.01415877094373963,0.01956415294558485
올림픽공원(한국체대),21-22시간대,16,161.8237704918033,199.4262295081967,0.0,0.0,0.0,0.0,혼합형,10412.360655737704,0.015541506469297212,0.019152835375357787
올림픽공원(한국체대),22-23시간대,17,230.0983606557377,160.36885245901638,0.0,0.0,0.0,0.0,혼합형,10412.360655737704,0.02209857766777821,0.015401776577019115
올림픽공원(한국체대),23-24시간대,18,97.99180327868852,119.0327868852459,0.0,0.0,0.0,0.0,혼합형,10412.360655737704,0.009411103448927347,0.011431873214999827
올림픽공원(한국체대),24시이후,19,7.270491803278689,42.74180327868852,0.0,0.0,0.0,0.0,혼합형,10412.360655737704,0.0006982558560601051,0.004104909990333053
왕십리(성동구청),06시이전,0,320.8811475409836,58.42622950819672,0.0,0.0,0.0,0.0,혼합형,44081.762295081964,0.007279226846536103,0.0013254059381086747
왕십리(성동구청),06-07시간대,1,477.4754098360656,430.71311475409834,0.0,0.0,0.0,0.0,혼합형,44081.762295081964,0.010831586238314608,0.00977077803448324
왕십리(성동구청),07-08시간대,2,1442.3975409836066,854.3647540983607,1442.3975409836066,854.3647540983607,0.0,0.0,혼합형,44081.762295081964,0.03272095909705791,0.019381365662726212
왕십리(성동구청),08-09시간대,3,2402.2418032786886,1947.077868852459,2402.2418032786886,1947.077868852459,0.0,0.0,혼합형,44081.762295081964,0.05449513989931155,0.04416969212389422
왕십리(성동구청),09-10시간대,4,1349.016393442623,1198.6147540983607,1349.016393442623,1198.6147540983607,0.0,0.0,혼합형,44081.762295081964,0.030602596702290364,0.027190717695786987
왕십리(성동구청),10-11시간대,5,870.7581967213115,825.6352459016393,0.0,0.0,0.0,0.0,혼합형,44081.762295081964,0.019753252850747728,0.01872963336571851
왕십리(성동구청),11-12시간대,6,841.5,832.1926229508197,0.0,0.0,0.0,0.0,혼합형,44081.762295081964,0.01908952719192633,0.018878388240927114
왕십리(성동구청),12-13시간대,7,958.2049180327868,883.2008196721312,0.0,0.0,0.0,0.0,혼합형,44081.762295081964,0.021736992083451485,0.020035515226456056
왕십리(성동구청),13-14시간대,8,983.7991803278688,946.4672131147541,0.0,0.0,0.0,0.0,혼합형,44081.762295081964,0.022317600955750073,0.021470720856828083
왕십리(성동구청),14-15시간대,9,997.2377049180328,959.5532786885246,0.0,0.0,0.0,0.0,혼합형,44081.762295081964,0.022622455478130712,0.021767579804666256
왕십리(성동구청),15-16시간대,10,1163.1352459016393,1046.9795081967213,0.0,0.0,0.0,0.0,혼합형,44081.762295081964,0.026385860849111424,0.02375085417838499
왕십리(성동구청),16-17시간대,11,1508.127049180328,1257.7131147540983,0.0,0.0,0.0,0.0,혼합형,44081.762295081964,0.03421204077743017,0.02853137100860454
왕십리(성동구청),17-18시간대,12,1752.7377049180327,1844.954918032787,0.0,0.0,1752.7377049180327,1844.954918032787,혼합형,44081.762295081964,0.039761062481696176,0.0418530208861142
왕십리(성동구청),18-19시간대,13,1997.4262295081967,3023.1639344262294,0.0,0.0,1997.4262295081967,3023.1639344262294,혼합형,44081.762295081964,0.04531185065010529,0.0685808320046114
왕십리(성동구청),19-20시간대,14,1230.627049180328,1728.27868852459,0.0,0.0,1230.627049180328,1728.27868852459,혼합형,44081.762295081964,0.027916920402195997,0.03920620679716808
왕십리(성동구청),20-21시간대,15,1128.7295081967213,1038.889344262295,0.0,0.0,0.0,0.0,혼합형,44081.762295081964,0.025605362613251272,0.02356732785109637
왕십리(성동구청),21-22시간대,16,1229.75,895.6270491803278,0.0,0.0,0.0,0.0,혼합형,44081.762295081964,0.027897024437636846,0.020317405714976363
왕십리(성동구청),22-23시간대,17,1139.233606557377,862.0245901639345,0.0,0.0,0.0,0.0,혼합형,44081.762295081964,0.025843649328976055,0.019555129951329266
왕십리(성동구청),23-24시간대,18,644.1147540983607,527.2418032786885,0.0,0.0,0.0,0.0,혼합형,44081.762295081964,0.014611819504553295,0.011960542769350917
왕십리(성동구청),24시이후,19,166.27459016393442,316.9754098360656,0.0,0.0,0.0,0.0,혼합형,44081.762295081964,0.003771958776305208,0.007190624723989979
용답,06시이전,0,91.23360655737704,18.729508196721312,0.0,0.0,0.0,0.0,주거 유출·귀가형,6917.69262295082,0.013188444692481916,0.0027074790999794423
용답,06-07시간대,1,142.61885245901638,54.040983606557376,0.0,0.0,0.0,0.0,주거 유출·귀가형,6917.69262295082,0.020616535054744988,0.0078119954950391516
용답,07-08시간대,2,369.2254098360656,91.22131147540983,369.2254098360656,91.22131147540983,0.0,0.0,주거 유출·귀가형,6917.69262295082,0.05337406993353346,0.013186667353904249
용답,08-09시간대,3,629.2131147540983,161.1762295081967,629.2131147540983,161.1762295081967,0.0,0.0,주거 유출·귀가형,6917.69262295082,0.09095707905068791,0.023299131414637093
용답,09-10시간대,4,304.89344262295083,181.55327868852459,304.89344262295083,181.55327868852459,0.0,0.0,주거 유출·귀가형,6917.69262295082,0.04407444204898701,0.026244773884023916
용답,10-11시간대,5,183.29918032786884,116.01639344262296,0.0,0.0,0.0,0.0,주거 유출·귀가형,6917.69262295082,0.026497155962052633,0.016770966818866095
용답,11-12시간대,6,150.7622950819672,113.51229508196721,0.0,0.0,0.0,0.0,주거 유출·귀가형,6917.69262295082,0.02179372563935312,0.016408982195214573
용답,12-13시간대,7,168.83196721311475,126.73360655737704,0.0,0.0,0.0,0.0,주거 유출·귀가형,6917.69262295082,0.024405820902331097,0.018320213612399185
용답,13-14시간대,8,171.11885245901638,140.84426229508196,0.0,0.0,0.0,0.0,주거 유출·귀가형,6917.69262295082,0.024736405877777163,0.02036000585336838
용답,14-15시간대,9,151.51639344262296,134.52459016393442,0.0,0.0,0.0,0.0,주거 유출·귀가형,6917.69262295082,0.021902735738783364,0.019446453824447527
용답,15-16시간대,10,164.93032786885246,172.87295081967213,0.0,0.0,0.0,0.0,주거 유출·귀가형,6917.69262295082,0.023841812127018094,0.024989972848190992
용답,16-17시간대,11,224.2827868852459,225.31967213114754,0.0,0.0,0.0,0.0,주거 유출·귀가형,6917.69262295082,0.0324216178876094,0.032571506774325985
용답,17-18시간대,12,229.4672131147541,280.65983606557376,0.0,0.0,229.4672131147541,280.65983606557376,주거 유출·귀가형,6917.69262295082,0.03317106232119233,0.04057130771240529
용답,18-19시간대,13,181.63114754098362,490.3606557377049,0.0,0.0,181.63114754098362,490.3606557377049,주거 유출·귀가형,6917.69262295082,0.02625603036168248,0.0708850020469016
용답,19-20시간대,14,102.11475409836065,311.4467213114754,0.0,0.0,102.11475409836065,311.4467213114754,주거 유출·귀가형,6917.69262295082,0.014761389333717238,0.04502176351088353
용답,20-21시간대,15,74.17622950819673,201.49590163934425,0.0,0.0,0.0,0.0,주거 유출·귀가형,6917.69262295082,0.010722683639065192,0.029127617056999837
용답,21-22시간대,16,58.872950819672134,231.00409836065575,0.0,0.0,0.0,0.0,주거 유출·귀가형,6917.69262295082,0.008510489556062295,0.03339322964340071
용답,22-23시간대,17,42.82377049180328,223.02459016393442,0.0,0.0,0.0,0.0,주거 유출·귀가형,6917.69262295082,0.006190470266014265,0.03223973690649481
용답,23-24시간대,18,21.012295081967213,115.01229508196721,0.0,0.0,0.0,0.0,주거 유출·귀가형,6917.69262295082,0.003037471629232954,0.01662581750168995
용답,24시이후,19,9.700819672131148,56.41803278688525,0.0,0.0,0.0,0.0,주거 유출·귀가형,6917.69262295082,0.0014023201377792865,0.008155614286721444
용두(동대문구청),06시이전,0,44.81147540983606,5.110655737704918,0.0,0.0,0.0,0.0,주거 유출·귀가형,5764.762295081968,0.007773343134731785,0.0008865336463335043
용두(동대문구청),06-07시간대,1,80.40163934426229,36.57377049180328,0.0,0.0,0.0,0.0,주거 유출·귀가형,5764.762295081968,0.013947086667017392,0.006344367489879866
용두(동대문구청),07-08시간대,2,261.8155737704918,112.82786885245902,261.8155737704918,112.82786885245902,0.0,0.0,주거 유출·귀가형,5764.762295081968,0.04541654284580855,0.0195719898023748
용두(동대문구청),08-09시간대,3,421.52868852459017,243.90983606557376,421.52868852459017,243.90983606557376,0.0,0.0,주거 유출·귀가형,5764.762295081968,0.07312160796017636,0.042310475884436385
용두(동대문구청),09-10시간대,4,223.34426229508196,139.53688524590163,223.34426229508196,139.53688524590163,0.0,0.0,주거 유출·귀가형,5764.762295081968,0.038743013304403086,0.024205141184215573
용두(동대문구청),10-11시간대,5,148.0204918032787,142.4672131147541,0.0,0.0,0.0,0.0,주거 유출·귀가형,5764.762295081968,0.025676772818466063,0.024713458391215137
용두(동대문구청),11-12시간대,6,138.25,134.3237704918033,0.0,0.0,0.0,0.0,주거 유출·귀가형,5764.762295081968,0.023981908173029753,0.023300834208966004
용두(동대문구청),12-13시간대,7,150.95081967213116,120.04098360655738,0.0,0.0,0.0,0.0,주거 유출·귀가형,5764.762295081968,0.026185090025465624,0.020823232158066033
용두(동대문구청),13-14시간대,8,150.9795081967213,158.63524590163934,0.0,0.0,0.0,0.0,주거 유출·귀가형,5764.762295081968,0.02619006655756212,0.027518089694170772
용두(동대문구청),14-15시간대,9,163.0327868852459,159.3483606557377,0.0,0.0,0.0,0.0,주거 유출·귀가형,5764.762295081968,0.02828092097124844,0.02764179206342661
용두(동대문구청),15-16시간대,10,189.40573770491804,179.79508196721312,0.0,0.0,0.0,0.0,주거 유출·귀가형,5764.762295081968,0.03285577583424451,0.031188637581917273
용두(동대문구청),16-17시간대,11,188.20901639344262,183.12295081967213,0.0,0.0,0.0,0.0,주거 유출·귀가형,5764.762295081968,0.03264818335250483,0.03176591530511118
용두(동대문구청),17-18시간대,12,196.9344262295082,221.97131147540983,0.0,0.0,196.9344262295082,221.97131147540983,주거 유출·귀가형,5764.762295081968,0.03416176004299724,0.03850485069692777
용두(동대문구청),18-19시간대,13,228.29508196721312,376.6803278688525,0.0,0.0,228.29508196721312,376.6803278688525,주거 유출·귀가형,5764.762295081968,0.03960182055762753,0.0653418664270348
용두(동대문구청),19-20시간대,14,97.77049180327869,245.1639344262295,0.0,0.0,97.77049180327869,245.1639344262295,주거 유출·귀가형,5764.762295081968,0.01696002138486935,0.042528021430369066
용두(동대문구청),20-21시간대,15,63.704918032786885,139.31147540983608,0.0,0.0,0.0,0.0,주거 유출·귀가형,5764.762295081968,0.011050744986854846,0.024166039860600227
용두(동대문구청),21-22시간대,16,59.83606557377049,126.69672131147541,0.0,0.0,0.0,0.0,주거 유출·귀가형,5764.762295081968,0.010379624086984092,0.021977787604453854
용두(동대문구청),22-23시간대,17,30.545081967213115,93.28688524590164,0.0,0.0,0.0,0.0,주거 유출·귀가형,5764.762295081968,0.005298584816458386,0.016182260511502188
용두(동대문구청),23-24시간대,18,13.077868852459016,59.64754098360656,0.0,0.0,0.0,0.0,주거 유출·귀가형,5764.762295081968,0.0022685877028470027,0.010346921161778527
용두(동대문구청),24시이후,19,6.225409836065574,29.172131147540984,0.0,0.0,0.0,0.0,주거 유출·귀가형,5764.762295081968,0.0010799074649403314,0.005060422208983066
용마산(용마폭포공원),06시이전,0,196.20081967213116,21.901639344262296,0.0,0.0,0.0,0.0,주거 유출·귀가형,12570.844262295082,0.015607608811177048,0.0017422568355216959
용마산(용마폭포공원),06-07시간대,1,441.65983606557376,76.78688524590164,0.0,0.0,0.0,0.0,주거 유출·귀가형,12570.844262295082,0.03513366539670575,0.006108331599987742
용마산(용마폭포공원),07-08시간대,2,1004.016393442623,157.88114754098362,1004.016393442623,157.88114754098362,0.0,0.0,주거 유출·귀가형,12570.844262295082,0.07986865261341786,0.012559311391242943
용마산(용마폭포공원),08-09시간대,3,1225.1188524590164,396.0409836065574,1225.1188524590164,396.0409836065574,0.0,0.0,주거 유출·귀가형,12570.844262295082,0.09745716571588042,0.031504724371969224
용마산(용마폭포공원),09-10시간대,4,594.9303278688525,192.75819672131146,594.9303278688525,192.75819672131146,0.0,0.0,주거 유출·귀가형,12570.844262295082,0.04732620303421331,0.015333751075054624
용마산(용마폭포공원),10-11시간대,5,325.1803278688525,174.8360655737705,0.0,0.0,0.0,0.0,주거 유출·귀가형,12570.844262295082,0.02586781930344937,0.013908060741645871
용마산(용마폭포공원),11-12시간대,6,274.8893442622951,166.93852459016392,0.0,0.0,0.0,0.0,주거 유출·귀가형,12570.844262295082,0.021867214208260984,0.013279818054136456
용마산(용마폭포공원),12-13시간대,7,281.0450819672131,206.98360655737704,0.0,0.0,0.0,0.0,주거 유출·귀가형,12570.844262295082,0.022356897922137027,0.016465370363246204
용마산(용마폭포공원),13-14시간대,8,259.83196721311475,238.28688524590163,0.0,0.0,0.0,0.0,주거 유출·귀가형,12570.844262295082,0.020669412633839816,0.018955519635273657
용마산(용마폭포공원),14-15시간대,9,212.64754098360655,234.85245901639345,0.0,0.0,0.0,0.0,주거 유출·귀가형,12570.844262295082,0.016915931543390474,0.0186823139413801
용마산(용마폭포공원),15-16시간대,10,224.35655737704917,334.1393442622951,0.0,0.0,0.0,0.0,주거 유출·귀가형,12570.844262295082,0.01784737386732114,0.026580501459596527
용마산(용마폭포공원),16-17시간대,11,259.98770491803276,414.15983606557376,0.0,0.0,0.0,0.0,주거 유출·귀가형,12570.844262295082,0.02068180143618821,0.03294606371887069
용마산(용마폭포공원),17-18시간대,12,279.7909836065574,557.1311475409836,0.0,0.0,279.7909836065574,557.1311475409836,주거 유출·귀가형,12570.844262295082,0.022257135461121007,0.044319310295812
용마산(용마폭포공원),18-19시간대,13,286.33196721311475,894.094262295082,0.0,0.0,286.33196721311475,894.094262295082,주거 유출·귀가형,12570.844262295082,0.022777465159753606,0.0711244403032518
용마산(용마폭포공원),19-20시간대,14,184.45901639344262,718.3360655737705,0.0,0.0,184.45901639344262,718.3360655737705,주거 유출·귀가형,12570.844262295082,0.014673558318330927,0.057143024810858846
용마산(용마폭포공원),20-21시간대,15,112.8811475409836,413.60655737704917,0.0,0.0,0.0,0.0,주거 유출·귀가형,12570.844262295082,0.008979599554785566,0.03290205086842244
용마산(용마폭포공원),21-22시간대,16,93.69672131147541,381.08196721311475,0.0,0.0,0.0,0.0,주거 유출·귀가형,12570.844262295082,0.007453494718131925,0.030314747304294416
용마산(용마폭포공원),22-23시간대,17,59.450819672131146,338.9754098360656,0.0,0.0,0.0,0.0,주거 유출·귀가형,12570.844262295082,0.004729262285942687,0.026965206374625645
용마산(용마폭포공원),23-24시간대,18,33.83196721311475,206.36885245901638,0.0,0.0,0.0,0.0,주거 유출·귀가형,12570.844262295082,0.002691304299631661,0.016416467196081485
용마산(용마폭포공원),24시이후,19,8.790983606557377,86.5860655737705,0.0,0.0,0.0,0.0,주거 유출·귀가형,12570.844262295082,0.000699315290455471,0.006887848084593351
우장산,06시이전,0,286.91803278688525,35.30327868852459,0.0,0.0,0.0,0.0,주거 유출·귀가형,33349.729508196724,0.008603309142773297,0.0010585776619221972
우장산,06-07시간대,1,1009.155737704918,172.52459016393442,0.0,0.0,0.0,0.0,주거 유출·귀가형,33349.729508196724,0.03025978778799051,0.005173193087564059
우장산,07-08시간대,2,2465.5737704918033,622.5040983606557,2465.5737704918033,622.5040983606557,0.0,0.0,주거 유출·귀가형,33349.729508196724,0.07393084762159204,0.018665941449619736
우장산,08-09시간대,3,2581.844262295082,949.5450819672132,2581.844262295082,949.5450819672132,0.0,0.0,주거 유출·귀가형,33349.729508196724,0.07741724746704509,0.028472347331447868
우장산,09-10시간대,4,1225.967213114754,602.266393442623,1225.967213114754,602.266393442623,0.0,0.0,주거 유출·귀가형,33349.729508196724,0.03676093423226821,0.018059108794108734
우장산,10-11시간대,5,900.9877049180328,506.0327868852459,0.0,0.0,0.0,0.0,주거 유출·귀가형,33349.729508196724,0.027016342207410927,0.015173519975952812
우장산,11-12시간대,6,848.6352459016393,506.30737704918033,0.0,0.0,0.0,0.0,주거 유출·귀가형,33349.729508196724,0.02544654059916921,0.015181753630857477
우장산,12-13시간대,7,844.0081967213115,627.7418032786885,0.0,0.0,0.0,0.0,주거 유출·귀가형,33349.729508196724,0.025307797369507015,0.018822995344666936
우장산,13-14시간대,8,765.6229508196722,722.2950819672132,0.0,0.0,0.0,0.0,주거 유출·귀가형,33349.729508196724,0.02295739612015434,0.021658199110421175
우장산,14-15시간대,9,680.2172131147541,796.3524590163935,0.0,0.0,0.0,0.0,주거 유출·귀가형,33349.729508196724,0.020396483664059998,0.02387882812724659
우장산,15-16시간대,10,827.9959016393443,935.8565573770492,0.0,0.0,0.0,0.0,주거 유출·귀가형,33349.729508196724,0.024827664687230487,0.02806189348993171
우장산,16-17시간대,11,969.3237704918033,1129.2745901639344,0.0,0.0,0.0,0.0,주거 유출·귀가형,33349.729508196724,0.029065416265327194,0.0338615816924806
우장산,17-18시간대,12,947.344262295082,1436.9139344262296,0.0,0.0,947.344262295082,1436.9139344262296,주거 유출·귀가형,33349.729508196724,0.02840635520183883,0.04308622455462686
우장산,18-19시간대,13,810.4590163934427,2395.7377049180327,0.0,0.0,810.4590163934427,2395.7377049180327,주거 유출·귀가형,33349.729508196724,0.024301816786677307,0.07183679568762938
우장산,19-20시간대,14,498.0983606557377,1760.766393442623,0.0,0.0,498.0983606557377,1760.766393442623,주거 유출·귀가형,33349.729508196724,0.014935604216319495,0.0527970217272635
우장산,20-21시간대,15,358.1844262295082,1022.0245901639345,0.0,0.0,0.0,0.0,주거 유출·귀가형,33349.729508196724,0.010740249816463229,0.03064566355516438
우장산,21-22시간대,16,317.57377049180326,875.9508196721312,0.0,0.0,0.0,0.0,주거 유출·귀가형,33349.729508196724,0.009522529123174738,0.026265604926625843
우장산,22-23시간대,17,264.8975409836066,901.1926229508197,0.0,0.0,0.0,0.0,주거 유출·귀가형,33349.729508196724,0.007943019175567822,0.027022486725996497
우장산,23-24시간대,18,76.55327868852459,490.28688524590166,0.0,0.0,0.0,0.0,주거 유출·귀가형,33349.729508196724,0.0022954692531976686,0.014701375167837524
우장산,24시이후,19,16.09426229508197,165.39754098360655,0.0,0.0,0.0,0.0,주거 유출·귀가형,33349.729508196724,0.00048259048971075787,0.004959486731157895
월곡(동덕여대),06시이전,0,264.45081967213116,34.92622950819672,0.0,0.0,0.0,0.0,주거 유출·귀가형,27072.868852459018,0.00976811216843431,0.001290082321845414
월곡(동덕여대),06-07시간대,1,613.0245901639345,144.55737704918033,0.0,0.0,0.0,0.0,주거 유출·귀가형,27072.868852459018,0.02264350311393961,0.00533956625864016
월곡(동덕여대),07-08시간대,2,1831.0655737704917,337.59016393442624,1831.0655737704917,337.59016393442624,0.0,0.0,주거 유출·귀가형,27072.868852459018,0.06763470778621146,0.012469685638940443
월곡(동덕여대),08-09시간대,3,2099.2704918032787,1202.3811475409836,2099.2704918032787,1202.3811475409836,0.0,0.0,주거 유출·귀가형,27072.868852459018,0.0775414863952478,0.04441277184526279
월곡(동덕여대),09-10시간대,4,950.6516393442623,740.1352459016393,950.6516393442623,740.1352459016393,0.0,0.0,주거 유출·귀가형,27072.868852459018,0.03511455119607374,0.02733863374196537
월곡(동덕여대),10-11시간대,5,603.311475409836,591.4795081967213,0.0,0.0,0.0,0.0,주거 유출·귀가형,27072.868852459018,0.022284726406268447,0.02184768490624877
월곡(동덕여대),11-12시간대,6,550.5573770491803,511.8196721311475,0.0,0.0,0.0,0.0,주거 유출·귀가형,27072.868852459018,0.020336129874140525,0.018905261755614022
월곡(동덕여대),12-13시간대,7,587.6229508196722,485.92622950819674,0.0,0.0,0.0,0.0,주거 유출·귀가형,27072.868852459018,0.02170523390121984,0.017948826633645082
월곡(동덕여대),13-14시간대,8,609.7213114754098,537.1270491803278,0.0,0.0,0.0,0.0,주거 유출·귀가형,27072.868852459018,0.022521488756815998,0.01984004916906103
월곡(동덕여대),14-15시간대,9,624.2868852459017,534.8237704918033,0.0,0.0,0.0,0.0,주거 유출·귀가형,27072.868852459018,0.023059502435745664,0.019754972160744077
월곡(동덕여대),15-16시간대,10,632.2704918032787,661.4180327868852,0.0,0.0,0.0,0.0,주거 유출·귀가형,27072.868852459018,0.023354395695890567,0.0244310285840582
월곡(동덕여대),16-17시간대,11,801.2950819672132,846.0122950819672,0.0,0.0,0.0,0.0,주거 유출·귀가형,27072.868852459018,0.02959771593967707,0.031249451238158095
월곡(동덕여대),17-18시간대,12,881.922131147541,1059.3196721311476,0.0,0.0,881.922131147541,1059.3196721311476,주거 유출·귀가형,27072.868852459018,0.03257586537850186,0.039128460227255524
월곡(동덕여대),18-19시간대,13,1108.9631147540983,1805.6844262295083,0.0,0.0,1108.9631147540983,1805.6844262295083,주거 유출·귀가형,27072.868852459018,0.04096215738338243,0.06669719548637708
월곡(동덕여대),19-20시간대,14,525.0122950819672,1335.5040983606557,0.0,0.0,525.0122950819672,1335.5040983606557,주거 유출·귀가형,27072.868852459018,0.019392562271223077,0.049329980713859675
월곡(동덕여대),20-21시간대,15,383.344262295082,717.266393442623,0.0,0.0,0.0,0.0,주거 유출·귀가형,27072.868852459018,0.01415972072942181,0.02649391896187884
월곡(동덕여대),21-22시간대,16,329.57377049180326,671.1639344262295,0.0,0.0,0.0,0.0,주거 유출·귀가형,27072.868852459018,0.012173581318178927,0.024791016352345974
월곡(동덕여대),22-23시간대,17,210.87295081967213,578.3565573770492,0.0,0.0,0.0,0.0,주거 유출·귀가형,27072.868852459018,0.007789087738314021,0.02136295789445001
월곡(동덕여대),23-24시간대,18,100.68032786885246,378.98770491803276,0.0,0.0,0.0,0.0,주거 유출·귀가형,27072.868852459018,0.003718864388459803,0.013998801049989552
월곡(동덕여대),24시이후,19,28.07377049180328,162.41803278688525,0.0,0.0,0.0,0.0,주거 유출·귀가형,27072.868852459018,0.001036970652973608,0.005999291529539282
월드컵경기장(성산),06시이전,0,35.82377049180328,47.92622950819672,0.0,0.0,0.0,0.0,주거 유출·귀가형,10831.86475409836,0.003307257919579262,0.004424559445322033
월드컵경기장(성산),06-07시간대,1,122.31557377049181,122.71311475409836,0.0,0.0,0.0,0.0,주거 유출·귀가형,10831.86475409836,0.011292199131660345,0.011328900197693887
월드컵경기장(성산),07-08시간대,2,347.85655737704917,191.1516393442623,347.85655737704917,191.1516393442623,0.0,0.0,주거 유출·귀가형,10831.86475409836,0.03211418950236003,0.017647158978045575
월드컵경기장(성산),08-09시간대,3,414.844262295082,349.60655737704917,414.844262295082,349.60655737704917,0.0,0.0,주거 유출·귀가형,10831.86475409836,0.03829850830976457,0.03227574986520872
월드컵경기장(성산),09-10시간대,4,218.70491803278688,283.57377049180326,218.70491803278688,283.57377049180326,0.0,0.0,주거 유출·귀가형,10831.86475409836,0.020190883379524967,0.02617958928858578
월드컵경기장(성산),10-11시간대,5,191.06967213114754,275.905737704918,0.0,0.0,0.0,0.0,주거 유출·귀가형,10831.86475409836,0.017639591747935567,0.025471674911794473
월드컵경기장(성산),11-12시간대,6,230.35655737704917,275.59016393442624,0.0,0.0,0.0,0.0,주거 유출·귀가형,10831.86475409836,0.021266565139662692,0.025442541075870944
월드컵경기장(성산),12-13시간대,7,264.9016393442623,305.922131147541,0.0,0.0,0.0,0.0,주거 유출·귀가형,10831.86475409836,0.02445577426952582,0.028242794578079627
월드컵경기장(성산),13-14시간대,8,265.0860655737705,344.4303278688525,0.0,0.0,0.0,0.0,주거 유출·귀가형,10831.86475409836,0.02447280053727334,0.031797879283761675
월드컵경기장(성산),14-15시간대,9,313.4795081967213,351.75409836065575,0.0,0.0,0.0,0.0,주거 유출·귀가형,10831.86475409836,0.028940493194222424,0.03247401129409094
월드컵경기장(성산),15-16시간대,10,389.97131147540983,338.45081967213116,0.0,0.0,0.0,0.0,주거 유출·귀가형,10831.86475409836,0.03600223233288245,0.031245849847236544
월드컵경기장(성산),16-17시간대,11,456.3114754098361,349.62295081967216,0.0,0.0,0.0,0.0,주거 유출·귀가형,10831.86475409836,0.04212677002241792,0.03227726331123072
월드컵경기장(성산),17-18시간대,12,416.51229508196724,464.1393442622951,0.0,0.0,416.51229508196724,464.1393442622951,주거 유출·귀가형,10831.86475409836,0.03845250144250324,0.042849440497923746
월드컵경기장(성산),18-19시간대,13,371.8688524590164,729.6598360655738,0.0,0.0,371.8688524590164,729.6598360655738,주거 유출·귀가형,10831.86475409836,0.03433100956308705,0.06736234735478012
월드컵경기장(성산),19-20시간대,14,226.59426229508196,550.483606557377,0.0,0.0,226.59426229508196,550.483606557377,주거 유출·귀가형,10831.86475409836,0.020919229277613294,0.05082076069580681
월드컵경기장(성산),20-21시간대,15,176.94672131147541,219.59016393442624,0.0,0.0,0.0,0.0,주거 유출·귀가형,10831.86475409836,0.016335757999981083,0.020272609464713064
월드컵경기장(성산),21-22시간대,16,361.7049180327869,151.00819672131146,0.0,0.0,0.0,0.0,주거 유출·귀가형,10831.86475409836,0.033392673029445985,0.013941108031668857
월드컵경기장(성산),22-23시간대,17,390.4836065573771,122.0,0.0,0.0,0.0,0.0,주거 유출·귀가형,10831.86475409836,0.03604952752107001,0.011263065295736813
월드컵경기장(성산),23-24시간대,18,55.48770491803279,61.83606557377049,0.0,0.0,0.0,0.0,주거 유출·귀가형,10831.86475409836,0.005122636422970328,0.005708718394990494
월드컵경기장(성산),24시이후,19,18.147540983606557,28.0327868852459,0.0,0.0,0.0,0.0,주거 유출·귀가형,10831.86475409836,0.0016753847463559057,0.002587992697622944
을지로3가,06시이전,0,67.13934426229508,131.65983606557376,0.0,0.0,0.0,0.0,업무 유입형,85146.22131147541,0.0007885181893943485,0.0015462792598152511
을지로3가,06-07시간대,1,164.68032786885246,1362.8524590163934,0.0,0.0,0.0,0.0,업무 유입형,85146.22131147541,0.0019340885048372428,0.016006023967063795
을지로3가,07-08시간대,2,428.3114754098361,5187.225409836065,428.3114754098361,5187.225409836065,0.0,0.0,업무 유입형,85146.22131147541,0.005030305148164118,0.06092138124204659
을지로3가,08-09시간대,3,849.3975409836065,11632.618852459016,849.3975409836065,11632.618852459016,0.0,0.0,업무 유입형,85146.22131147541,0.009975751453213704,0.13661931995673016
을지로3가,09-10시간대,4,1092.983606557377,4430.368852459016,1092.983606557377,4430.368852459016,0.0,0.0,업무 유입형,85146.22131147541,0.01283654858339641,0.05203247759230769
을지로3가,10-11시간대,5,1238.47131147541,1878.5081967213114,0.0,0.0,0.0,0.0,업무 유입형,85146.22131147541,0.01454522928204798,0.022062144012821146
을지로3가,11-12시간대,6,1361.860655737705,1510.627049180328,0.0,0.0,0.0,0.0,업무 유입형,85146.22131147541,0.01599437573108324,0.01774156299495978
을지로3가,12-13시간대,7,1374.0409836065573,1418.5040983606557,0.0,0.0,0.0,0.0,업무 유입형,85146.22131147541,0.01613742762089401,0.01665962477855115
을지로3가,13-14시간대,8,1542.27868852459,1506.8032786885246,0.0,0.0,0.0,0.0,업무 유입형,85146.22131147541,0.018113295749000342,0.017696654713266157
을지로3가,14-15시간대,9,1821.1475409836066,1310.4426229508197,0.0,0.0,0.0,0.0,업무 유입형,85146.22131147541,0.021388471654210275,0.015390496521942628
을지로3가,15-16시간대,10,2056.282786885246,1364.6352459016393,0.0,0.0,0.0,0.0,업무 유입형,85146.22131147541,0.024150018112525616,0.01602696191190487
을지로3가,16-17시간대,11,2732.2622950819673,1611.6680327868853,0.0,0.0,0.0,0.0,업무 유입형,85146.22131147541,0.03208906106457753,0.01892823906878033
을지로3가,17-18시간대,12,6092.9713114754095,2068.8893442622953,0.0,0.0,6092.9713114754095,2068.8893442622953,업무 유입형,85146.22131147541,0.07155891615185796,0.024298075855815632
을지로3가,18-19시간대,13,9303.536885245901,2696.4795081967213,0.0,0.0,9303.536885245901,2696.4795081967213,업무 유입형,85146.22131147541,0.10926541121786734,0.0316688100383535
을지로3가,19-20시간대,14,3499.6065573770493,1600.8934426229507,0.0,0.0,3499.6065573770493,1600.8934426229507,업무 유입형,85146.22131147541,0.0411011375898298,0.018801696868809767
을지로3가,20-21시간대,15,2581.2909836065573,894.7950819672132,0.0,0.0,0.0,0.0,업무 유입형,85146.22131147541,0.030315978135587198,0.010508922981959963
을지로3가,21-22시간대,16,2721.7909836065573,737.4549180327868,0.0,0.0,0.0,0.0,업무 유입형,85146.22131147541,0.03196608072189028,0.008661041050020123
을지로3가,22-23시간대,17,2195.0778688524592,638.2581967213115,0.0,0.0,0.0,0.0,업무 유입형,85146.22131147541,0.025780097284911714,0.00749602491913862
을지로3가,23-24시간대,18,1226.561475409836,395.90983606557376,0.0,0.0,0.0,0.0,업무 유입형,85146.22131147541,0.01440535418386827,0.004649764017328339
을지로3가,24시이후,19,268.55737704918033,149.37704918032787,0.0,0.0,0.0,0.0,업무 유입형,85146.22131147541,0.003154072757577394,0.0017543591116496895
을지로4가,06시이전,0,60.06147540983606,69.29918032786885,0.0,0.0,0.0,0.0,업무 유입형,48062.889344262294,0.0012496434614995978,0.0014418438273965677
을지로4가,06-07시간대,1,128.34016393442624,876.0245901639345,0.0,0.0,0.0,0.0,업무 유입형,48062.889344262294,0.0026702548616076363,0.01822663185912924
을지로4가,07-08시간대,2,365.5655737704918,2449.2090163934427,365.5655737704918,2449.2090163934427,0.0,0.0,업무 유입형,48062.889344262294,0.007605984133663673,0.050958422388017066
을지로4가,08-09시간대,3,682.0573770491803,5491.7786885245905,682.0573770491803,5491.7786885245905,0.0,0.0,업무 유입형,48062.889344262294,0.014190935800046814,0.11426235008861768
을지로4가,09-10시간대,4,694.2909836065573,2560.1803278688526,694.2909836065573,2560.1803278688526,0.0,0.0,업무 유입형,48062.889344262294,0.014445469115132198,0.05326729963175809
을지로4가,10-11시간대,5,830.3729508196722,1447.6639344262296,0.0,0.0,0.0,0.0,업무 유입형,48062.889344262294,0.017276800503438758,0.0301202019723987
을지로4가,11-12시간대,6,981.7254098360655,1324.9795081967213,0.0,0.0,0.0,0.0,업무 유입형,48062.889344262294,0.02042585086394235,0.02756762080419737
을지로4가,12-13시간대,7,1024.6024590163934,1137.1598360655737,0.0,0.0,0.0,0.0,업무 유입형,48062.889344262294,0.021317953893229883,0.023659830933600058
을지로4가,13-14시간대,8,1136.9631147540983,1112.532786885246,0.0,0.0,0.0,0.0,업무 유입형,48062.889344262294,0.023655737935568535,0.02314743874252868
을지로4가,14-15시간대,9,1291.2540983606557,1017.516393442623,0.0,0.0,0.0,0.0,업무 유입형,48062.889344262294,0.026865927454168013,0.021170520693302705
을지로4가,15-16시간대,10,1504.8811475409836,956.3073770491803,0.0,0.0,0.0,0.0,업무 유입형,48062.889344262294,0.03131066750402585,0.019897001409952552
을지로4가,16-17시간대,11,1952.7131147540983,912.6762295081967,0.0,0.0,0.0,0.0,업무 유입형,48062.889344262294,0.040628292251997364,0.01898920855487751
을지로4가,17-18시간대,12,3867.7377049180327,978.1680327868852,0.0,0.0,3867.7377049180327,978.1680327868852,업무 유입형,48062.889344262294,0.08047243429778864,0.02035183581620563
을지로4가,18-19시간대,13,4674.3401639344265,1104.4795081967213,0.0,0.0,4674.3401639344265,1104.4795081967213,업무 유입형,48062.889344262294,0.09725466420575161,0.022979881635613177
을지로4가,19-20시간대,14,1795.3032786885246,700.4631147540983,0.0,0.0,1795.3032786885246,700.4631147540983,업무 유입형,48062.889344262294,0.03735321166043977,0.014573886928371256
을지로4가,20-21시간대,15,1131.3483606557377,490.7663934426229,0.0,0.0,0.0,0.0,업무 유입형,48062.889344262294,0.02353891695008546,0.010210921568351575
을지로4가,21-22시간대,16,965.2295081967213,467.40983606557376,0.0,0.0,0.0,0.0,업무 유입형,48062.889344262294,0.02008263592484062,0.009724963322900453
을지로4가,22-23시간대,17,666.422131147541,430.0655737704918,0.0,0.0,0.0,0.0,업무 유입형,48062.889344262294,0.013865627727333,0.008947975863249526
을지로4가,23-24시간대,18,329.5696721311475,260.2827868852459,0.0,0.0,0.0,0.0,업무 유입형,48062.889344262294,0.006857050764687148,0.0054154627496675505
을지로4가,24시이후,19,76.77049180327869,116.37704918032787,0.0,0.0,0.0,0.0,업무 유입형,48062.889344262294,0.0015972924818021472,0.0024213494188155974
을지로입구,06시이전,0,95.01639344262296,111.86065573770492,0.0,0.0,0.0,0.0,업무 유입형,113133.89754098361,0.0008398578631855457,0.000988745709014246
을지로입구,06-07시간대,1,173.87704918032787,1386.6475409836066,0.0,0.0,0.0,0.0,업무 유입형,113133.89754098361,0.0015369138070872135,0.012256693803740679
을지로입구,07-08시간대,2,455.54918032786884,6025.938524590164,455.54918032786884,6025.938524590164,0.0,0.0,업무 유입형,113133.89754098361,0.004026637375971624,0.05326377554001639
을지로입구,08-09시간대,3,716.5204918032787,15610.241803278688,716.5204918032787,15610.241803278688,0.0,0.0,업무 유입형,113133.89754098361,0.006333384665225678,0.13798023530148212
을지로입구,09-10시간대,4,1036.0081967213114,6927.553278688524,1036.0081967213114,6927.553278688524,0.0,0.0,업무 유입형,113133.89754098361,0.009157363259283183,0.06123322389895536
을지로입구,10-11시간대,5,1259.8155737704917,3339.348360655738,0.0,0.0,0.0,0.0,업무 유입형,113133.89754098361,0.011135615418129779,0.029516779968143798
을지로입구,11-12시간대,6,1576.3196721311476,2537.9795081967213,0.0,0.0,0.0,0.0,업무 유입형,113133.89754098361,0.013933221663826387,0.022433413533528436
을지로입구,12-13시간대,7,1760.2909836065573,2215.1147540983607,0.0,0.0,0.0,0.0,업무 유입형,113133.89754098361,0.01555935950115109,0.019579584918798704
을지로입구,13-14시간대,8,2176.4180327868853,2316.7254098360654,0.0,0.0,0.0,0.0,업무 유입형,113133.89754098361,0.019237541356678368,0.020477730018952225
을지로입구,14-15시간대,9,2473.7418032786886,2021.8360655737704,0.0,0.0,0.0,0.0,업무 유입형,113133.89754098361,0.02186561107719777,0.017871178395859163
을지로입구,15-16시간대,10,3001.94262295082,2049.6762295081967,0.0,0.0,0.0,0.0,업무 유입형,113133.89754098361,0.02653442238090793,0.018117259937638814
을지로입구,16-17시간대,11,3735.094262295082,2219.1188524590166,0.0,0.0,0.0,0.0,업무 유입형,113133.89754098361,0.03301481115279367,0.019614977479717112
을지로입구,17-18시간대,12,7257.286885245901,2680.6762295081967,0.0,0.0,7257.286885245901,2680.6762295081967,업무 유입형,113133.89754098361,0.06414776687612034,0.023694721809942962
을지로입구,18-19시간대,13,12045.245901639344,2924.3606557377047,0.0,0.0,12045.245901639344,2924.3606557377047,업무 유입형,113133.89754098361,0.10646893781128562,0.02584866887201807
을지로입구,19-20시간대,14,5387.9057377049185,1801.5983606557377,0.0,0.0,5387.9057377049185,1801.5983606557377,업무 유입형,113133.89754098361,0.04762415027514728,0.015924478868087216
을지로입구,20-21시간대,15,4842.3401639344265,1150.2377049180327,0.0,0.0,0.0,0.0,업무 유입형,113133.89754098361,0.042801850454946555,0.01016704745367188
을지로입구,21-22시간대,16,3512.4877049180327,942.905737704918,0.0,0.0,0.0,0.0,업무 유입형,113133.89754098361,0.03104717313964727,0.008334422822862116
을지로입구,22-23시간대,17,2676.0368852459014,740.8811475409836,0.0,0.0,0.0,0.0,업무 유입형,113133.89754098361,0.02365371425727189,0.006548710542502028
을지로입구,23-24시간대,18,1162.8934426229507,393.87704918032784,0.0,0.0,0.0,0.0,업무 유입형,113133.89754098361,0.010278912579686241,0.003481512241171068
을지로입구,24시이후,19,227.6844262295082,164.84426229508196,0.0,0.0,0.0,0.0,업무 유입형,113133.89754098361,0.0020125217214144665,0.0014570722469396573
응암,06시이전,0,472.655737704918,50.91393442622951,0.0,0.0,0.0,0.0,주거 유출·귀가형,39562.67213114754,0.011947012480302057,0.0012869184937117826
응암,06-07시간대,1,1162.872950819672,211.87295081967213,0.0,0.0,0.0,0.0,주거 유출·귀가형,39562.67213114754,0.0293931852470639,0.005355375140418419
응암,07-08시간대,2,3228.8934426229507,382.9344262295082,3228.8934426229507,382.9344262295082,0.0,0.0,주거 유출·귀가형,39562.67213114754,0.08161464503508233,0.009679185090433398
응암,08-09시간대,3,3871.9836065573772,761.7049180327868,3871.9836065573772,761.7049180327868,0.0,0.0,주거 유출·귀가형,39562.67213114754,0.09786961795002161,0.019253121111430172
응암,09-10시간대,4,1843.5983606557377,645.5983606557377,1843.5983606557377,645.5983606557377,0.0,0.0,주거 유출·귀가형,39562.67213114754,0.04659943985948006,0.01631837097645031
응암,10-11시간대,5,999.4754098360655,575.5655737704918,0.0,0.0,0.0,0.0,주거 유출·귀가형,39562.67213114754,0.025263091596110423,0.01454819765112254
응암,11-12시간대,6,873.7090163934427,537.8196721311475,0.0,0.0,0.0,0.0,주거 유출·귀가형,39562.67213114754,0.022084176051030052,0.013594118980343699
응암,12-13시간대,7,924.233606557377,638.733606557377,0.0,0.0,0.0,0.0,주거 유출·귀가형,39562.67213114754,0.023361253342383096,0.01614485504012517
응암,13-14시간대,8,834.2622950819672,674.6598360655738,0.0,0.0,0.0,0.0,주거 유출·귀가형,39562.67213114754,0.02108710686468409,0.01705293903882738
응암,14-15시간대,9,710.2868852459017,783.1598360655738,0.0,0.0,0.0,0.0,주거 유출·귀가형,39562.67213114754,0.017953460850453917,0.0197954231571986
응암,15-16시간대,10,748.922131147541,1047.311475409836,0.0,0.0,0.0,0.0,주거 유출·귀가형,39562.67213114754,0.018930018899252193,0.026472212795386276
응암,16-17시간대,11,924.7131147540983,1290.7418032786886,0.0,0.0,0.0,0.0,주거 유출·귀가형,39562.67213114754,0.02337337356002491,0.03262524328488147
응암,17-18시간대,12,884.2295081967213,1914.827868852459,0.0,0.0,884.2295081967213,1914.827868852459,주거 유출·귀가형,39562.67213114754,0.02235009569792357,0.04839986193311049
응암,18-19시간대,13,848.8073770491803,3186.6147540983607,0.0,0.0,848.8073770491803,3186.6147540983607,주거 유출·귀가형,39562.67213114754,0.021454753466485836,0.08054599405052701
응암,19-20시간대,14,508.2172131147541,2421.2622950819673,0.0,0.0,508.2172131147541,2421.2622950819673,주거 유출·귀가형,39562.67213114754,0.012845876826268178,0.061200676411736016
응암,20-21시간대,15,367.7909836065574,1467.5122950819673,0.0,0.0,0.0,0.0,주거 유출·귀가형,39562.67213114754,0.009296414114480326,0.037093356338956704
응암,21-22시간대,16,310.74590163934425,1146.6598360655737,0.0,0.0,0.0,0.0,주거 유출·귀가형,39562.67213114754,0.00785452258151934,0.028983376862525237
응암,22-23시간대,17,222.95491803278688,1051.1516393442623,0.0,0.0,0.0,0.0,주거 유출·귀가형,39562.67213114754,0.005635486837029274,0.026569278128124582
응암,23-24시간대,18,98.6311475409836,683.0983606557377,0.0,0.0,0.0,0.0,주거 유출·귀가형,39562.67213114754,0.0024930355364781256,0.01726623415100258
응암,24시이후,19,23.40573770491803,230.13934426229508,0.0,0.0,0.0,0.0,주거 유출·귀가형,39562.67213114754,0.0005916116491659011,0.0058170829184489604
이대,06시이전,0,126.72131147540983,30.672131147540984,0.0,0.0,0.0,0.0,혼합형,39548.852459016394,0.0032041716408011674,0.0007755504708847327
이대,06-07시간대,1,392.23770491803276,281.46311475409834,0.0,0.0,0.0,0.0,혼합형,39548.852459016394,0.009917802427377635,0.007116846564531105
이대,07-08시간대,2,1244.8319672131147,672.0696721311475,1244.8319672131147,672.0696721311475,0.0,0.0,혼합형,39548.852459016394,0.03147580498076668,0.016993405126674625
이대,08-09시간대,3,1693.672131147541,2035.0737704918033,1693.672131147541,2035.0737704918033,0.0,0.0,혼합형,39548.852459016394,0.042824810982888976,0.051457214153070696
이대,09-10시간대,4,930.9877049180328,1968.0737704918033,930.9877049180328,1968.0737704918033,0.0,0.0,혼합형,39548.852459016394,0.023540195151876907,0.04976310684440907
이대,10-11시간대,5,682.9467213114754,1426.049180327869,0.0,0.0,0.0,0.0,혼합형,39548.852459016394,0.017268433313436794,0.036057915506035286
이대,11-12시간대,6,720.9549180327868,1004.3032786885246,0.0,0.0,0.0,0.0,혼합형,39548.852459016394,0.018229477550072953,0.025393992903568113
이대,12-13시간대,7,979.0983606557377,1124.049180327869,0.0,0.0,0.0,0.0,혼합형,39548.852459016394,0.024756681920679133,0.028421790025202284
이대,13-14시간대,8,986.1762295081967,1183.9180327868853,0.0,0.0,0.0,0.0,혼합형,39548.852459016394,0.024935647134898525,0.02993558495821727
이대,14-15시간대,9,955.516393442623,889.5122950819672,0.0,0.0,0.0,0.0,혼합형,39548.852459016394,0.024160407547420083,0.022491481794667728
이대,15-16시간대,10,1283.344262295082,960.25,0.0,0.0,0.0,0.0,혼합형,39548.852459016394,0.032449595437060615,0.024280097658840694
이대,16-17시간대,11,1415.7704918032787,1015.6229508196722,0.0,0.0,0.0,0.0,혼합형,39548.852459016394,0.035798016978379095,0.025680212892956626
이대,17-18시간대,12,1909.4959016393443,1375.4098360655737,0.0,0.0,1909.4959016393443,1375.4098360655737,혼합형,39548.852459016394,0.04828195466905425,0.034777490383339965
이대,18-19시간대,13,1786.0081967213114,1996.3975409836066,0.0,0.0,1786.0081967213114,1996.3975409836066,혼합형,39548.852459016394,0.04515954536410664,0.05047927858469293
이대,19-20시간대,14,1032.1516393442623,1369.9795081967213,0.0,0.0,1032.1516393442623,1369.9795081967213,혼합형,39548.852459016394,0.02609814381880886,0.03464018354556307
이대,20-21시간대,15,869.266393442623,878.2295081967213,0.0,0.0,0.0,0.0,혼합형,39548.852459016394,0.021979560452314632,0.022206194455498075
이대,21-22시간대,16,895.1926229508197,828.2786885245902,0.0,0.0,0.0,0.0,혼합형,39548.852459016394,0.022635109928372463,0.020943178803554847
이대,22-23시간대,17,703.0122950819672,814.9590163934427,0.0,0.0,0.0,0.0,혼합형,39548.852459016394,0.01777579503249768,0.0206063884467436
이대,23-24시간대,18,269.6106557377049,539.8401639344262,0.0,0.0,0.0,0.0,혼합형,39548.852459016394,0.006817154960870142,0.013649957719856744
이대,24시이후,19,50.467213114754095,227.2377049180328,0.0,0.0,0.0,0.0,혼합형,39548.852459016394,0.0012760727550072952,0.0057457471150019895
이수,06시이전,0,173.20081967213116,58.40163934426229,0.0,0.0,0.0,0.0,혼합형,37048.49590163934,0.004674975743467829,0.0015763565543744007
이수,06-07시간대,1,406.71311475409834,709.5040983606557,0.0,0.0,0.0,0.0,혼합형,37048.49590163934,0.010977857666175914,0.019150685637666094
이수,07-08시간대,2,1280.299180327869,762.2377049180328,1280.299180327869,762.2377049180328,0.0,0.0,혼합형,37048.49590163934,0.034557386181802256,0.020574052640131738
이수,08-09시간대,3,1856.6967213114754,1910.7745901639344,1856.6967213114754,1910.7745901639344,0.0,0.0,혼합형,37048.49590163934,0.05011530633364577,0.05157495719224017
이수,09-10시간대,4,1183.2131147540983,1203.9098360655737,1183.2131147540983,1203.9098360655737,0.0,0.0,혼합형,37048.49590163934,0.03193687317011277,0.03249551180868054
이수,10-11시간대,5,750.2459016393443,736.438524590164,0.0,0.0,0.0,0.0,혼합형,37048.49590163934,0.020250374094300198,0.01987769021839231
이수,11-12시간대,6,707.3524590163935,687.3934426229508,0.0,0.0,0.0,0.0,혼합형,37048.49590163934,0.019092609343557568,0.018553882577255577
이수,12-13시간대,7,780.6065573770492,690.0655737704918,0.0,0.0,0.0,0.0,혼합형,37048.49590163934,0.02106985825954971,0.018626007803462744
이수,13-14시간대,8,810.0286885245902,782.938524590164,0.0,0.0,0.0,0.0,혼합형,37048.49590163934,0.021864010098416643,0.0211328019002121
이수,14-15시간대,9,823.9016393442623,790.0081967213115,0.0,0.0,0.0,0.0,혼합형,37048.49590163934,0.022238463918525932,0.02132362400942584
이수,15-16시간대,10,927.4016393442623,886.5204918032787,0.0,0.0,0.0,0.0,혼합형,37048.49590163934,0.025032099597415133,0.023928650009353052
이수,16-17시간대,11,1252.6024590163934,1062.3852459016393,0.0,0.0,0.0,0.0,혼합형,37048.49590163934,0.03380980599973473,0.028675529736002868
이수,17-18시간대,12,1485.6844262295083,1597.622950819672,0.0,0.0,1485.6844262295083,1597.622950819672,혼합형,37048.49590163934,0.04010107266362112,0.04312247803692834
이수,18-19시간대,13,1884.3524590163934,2432.55737704918,0.0,0.0,1884.3524590163934,2432.55737704918,혼합형,37048.49590163934,0.05086178030058741,0.0656587350673403
이수,19-20시간대,14,1038.1475409836066,1541.6024590163934,0.0,0.0,1038.1475409836066,1541.6024590163934,혼합형,37048.49590163934,0.02802131411055935,0.04161039258136738
이수,20-21시간대,15,918.844262295082,782.8770491803278,0.0,0.0,0.0,0.0,혼합형,37048.49590163934,0.02480112187913206,0.02113114257752328
이수,21-22시간대,16,1029.377049180328,629.9672131147541,0.0,0.0,0.0,0.0,혼합형,37048.49590163934,0.02778458407362172,0.017003853942877047
이수,22-23시간대,17,871.6926229508197,568.6803278688525,0.0,0.0,0.0,0.0,혼합형,37048.49590163934,0.023528421376810833,0.01534961984364092
이수,23-24시간대,18,454.9016393442623,336.094262295082,0.0,0.0,0.0,0.0,혼합형,37048.49590163934,0.012278545411181823,0.009071738382777647
이수,24시이후,19,99.96311475409836,143.29098360655738,0.0,0.0,0.0,0.0,혼합형,37048.49590163934,0.0026981693135260353,0.003867659944602959
이촌(국립중앙박물관),06시이전,0,49.90163934426229,36.47950819672131,0.0,0.0,0.0,0.0,혼합형,22003.131147540986,0.0022679335504410324,0.0016579234997105478
이촌(국립중앙박물관),06-07시간대,1,221.2704918032787,333.5,0.0,0.0,0.0,0.0,혼합형,22003.131147540986,0.010056318363034769,0.015156933700196171
이촌(국립중앙박물관),07-08시간대,2,573.5491803278688,564.266393442623,573.5491803278688,564.266393442623,0.0,0.0,혼합형,22003.131147540986,0.026066707346420886,0.025644822532709576
이촌(국립중앙박물관),08-09시간대,3,764.9713114754098,1105.8319672131147,764.9713114754098,1105.8319672131147,0.0,0.0,혼합형,22003.131147540986,0.0347664751141976,0.05025793646358826
이촌(국립중앙박물관),09-10시간대,4,483.94262295081967,898.1311475409836,483.94262295081967,898.1311475409836,0.0,0.0,혼합형,22003.131147540986,0.02199426162148308,0.040818333605276744
이촌(국립중앙박물관),10-11시간대,5,352.4344262295082,825.9631147540983,0.0,0.0,0.0,0.0,혼합형,22003.131147540986,0.0160174669626007,0.037538435289761286
이촌(국립중앙박물관),11-12시간대,6,441.9672131147541,719.6516393442623,0.0,0.0,0.0,0.0,혼합형,22003.131147540986,0.020086559960542125,0.032706783162754036
이촌(국립중앙박물관),12-13시간대,7,638.5573770491803,709.766393442623,0.0,0.0,0.0,0.0,혼합형,22003.131147540986,0.029021204880676443,0.03225751774523894
이촌(국립중앙박물관),13-14시간대,8,625.6024590163935,811.844262295082,0.0,0.0,0.0,0.0,혼합형,22003.131147540986,0.02843242876758971,0.0368967605951761
이촌(국립중앙박물관),14-15시간대,9,706.1147540983607,736.516393442623,0.0,0.0,0.0,0.0,혼합형,22003.131147540986,0.03209155775891807,0.03347325380664898
이촌(국립중앙박물관),15-16시간대,10,900.4426229508197,695.9139344262295,0.0,0.0,0.0,0.0,혼합형,22003.131147540986,0.040923385717830024,0.031627950120362895
이촌(국립중앙박물관),16-17시간대,11,1172.2581967213114,626.1434426229508,0.0,0.0,0.0,0.0,혼합형,22003.131147540986,0.0532768808612187,0.028457015432229837
이촌(국립중앙박물관),17-18시간대,12,1254.6598360655737,672.766393442623,0.0,0.0,1254.6598360655737,672.766393442623,혼합형,22003.131147540986,0.0570218769161766,0.030575938893942813
이촌(국립중앙박물관),18-19시간대,13,1119.483606557377,930.7254098360655,0.0,0.0,1119.483606557377,930.7254098360655,혼합형,22003.131147540986,0.05087837722052971,0.04229968014984454
이촌(국립중앙박물관),19-20시간대,14,394.92622950819674,591.266393442623,0.0,0.0,394.92622950819674,591.266393442623,혼합형,22003.131147540986,0.017948637712516324,0.026871920613385128
이촌(국립중앙박물관),20-21시간대,15,315.92622950819674,369.79918032786884,0.0,0.0,0.0,0.0,혼합형,22003.131147540986,0.014358239624613784,0.016806661645026675
이촌(국립중앙박물관),21-22시간대,16,282.35655737704917,343.844262295082,0.0,0.0,0.0,0.0,혼합형,22003.131147540986,0.012832562578649386,0.015627060530133192
이촌(국립중앙박물관),22-23시간대,17,158.77459016393442,288.57377049180326,0.0,0.0,0.0,0.0,혼합형,22003.131147540986,0.0072159998092670855,0.013115122959399964
이촌(국립중앙박물관),23-24시간대,18,58.30327868852459,151.43032786885246,0.0,0.0,0.0,0.0,혼합형,22003.131147540986,0.0026497719028066792,0.006882217210516238
이촌(국립중앙박물관),24시이후,19,10.557377049180328,64.7172131147541,0.0,0.0,0.0,0.0,혼합형,22003.131147540986,0.00047981248570434456,0.0029412728888809415
이태원,06시이전,0,141.69262295081967,89.24590163934427,0.0,0.0,0.0,0.0,업무 유입형,24742.92213114754,0.00572659212197295,0.003606926504731524
이태원,06-07시간대,1,166.18852459016392,638.4426229508197,0.0,0.0,0.0,0.0,업무 유입형,24742.92213114754,0.006716608641020539,0.025803040544961277
이태원,07-08시간대,2,279.9754098360656,528.0655737704918,279.9754098360656,528.0655737704918,0.0,0.0,업무 유입형,24742.92213114754,0.01131537367947416,0.0213420860709794
이태원,08-09시간대,3,388.85655737704917,1343.8360655737704,388.85655737704917,1343.8360655737704,0.0,0.0,업무 유입형,24742.92213114754,0.01571587039380197,0.05431193851926192
이태원,09-10시간대,4,345.5983606557377,1135.827868852459,345.5983606557377,1135.827868852459,0.0,0.0,업무 유입형,24742.92213114754,0.01396756449476444,0.04590516281109037
이태원,10-11시간대,5,312.1475409836066,702.8073770491803,0.0,0.0,0.0,0.0,업무 유입형,24742.92213114754,0.01261562960628085,0.028404380587063065
이태원,11-12시간대,6,339.8114754098361,509.89344262295083,0.0,0.0,0.0,0.0,업무 유입형,24742.92213114754,0.013733684065636919,0.02060764851945572
이태원,12-13시간대,7,382.5327868852459,521.5737704918033,0.0,0.0,0.0,0.0,업무 유입형,24742.92213114754,0.015460291426278057,0.021079715957850506
이태원,13-14시간대,8,438.1393442622951,536.6967213114754,0.0,0.0,0.0,0.0,업무 유입형,24742.92213114754,0.0177076637084326,0.02169091906229849
이태원,14-15시간대,9,510.46311475409834,505.24590163934425,0.0,0.0,0.0,0.0,업무 유입형,24742.92213114754,0.02063067215943357,0.0204198153702839
이태원,15-16시간대,10,663.155737704918,558.6270491803278,0.0,0.0,0.0,0.0,업무 유입형,24742.92213114754,0.02680183586198603,0.02257724638259691
이태원,16-17시간대,11,1114.6926229508197,669.75,0.0,0.0,0.0,0.0,업무 유입형,24742.92213114754,0.04505096920414233,0.027068346917556982
이태원,17-18시간대,12,1138.7540983606557,839.8647540983607,0.0,0.0,1138.7540983606557,839.8647540983607,업무 유입형,24742.92213114754,0.04602342812723559,0.03394363647295724
이태원,18-19시간대,13,1435.8811475409836,1094.3073770491803,0.0,0.0,1435.8811475409836,1094.3073770491803,업무 유입형,24742.92213114754,0.058031995571510515,0.044227087295870174
이태원,19-20시간대,14,973.5122950819672,906.3524590163935,0.0,0.0,973.5122950819672,906.3524590163935,업무 유입형,24742.92213114754,0.03934508179437968,0.03663077684245851
이태원,20-21시간대,15,783.5737704918033,662.1926229508197,0.0,0.0,0.0,0.0,업무 유입형,24742.92213114754,0.031668602695289746,0.026762911003030673
이태원,21-22시간대,16,790.1188524590164,602.7213114754098,0.0,0.0,0.0,0.0,업무 유입형,24742.92213114754,0.0319331260984885,0.024359342371961645
이태원,22-23시간대,17,745.8032786885246,563.4098360655738,0.0,0.0,0.0,0.0,업무 유입형,24742.92213114754,0.030142085673448924,0.02277054557579225
이태원,23-24시간대,18,524.9795081967213,453.2663934426229,0.0,0.0,0.0,0.0,업무 유입형,24742.92213114754,0.021217360884624566,0.018319032450578265
이태원,24시이후,19,155.2172131147541,249.70081967213116,0.0,0.0,0.0,0.0,업무 유입형,24742.92213114754,0.006273196524324807,0.010091808006694413
일원,06시이전,0,101.97950819672131,71.57377049180327,0.0,0.0,0.0,0.0,혼합형,25562.967213114756,0.003989345499156374,0.0027999007272944145
일원,06-07시간대,1,400.8114754098361,528.0655737704918,0.0,0.0,0.0,0.0,혼합형,25562.967213114756,0.01567937994319395,0.020657444394779588
일원,07-08시간대,2,1153.217213114754,1593.077868852459,1153.217213114754,1593.077868852459,0.0,0.0,혼합형,25562.967213114756,0.04511280726922462,0.06231975558905973
일원,08-09시간대,3,1137.7295081967213,1182.6188524590164,1137.7295081967213,1182.6188524590164,0.0,0.0,혼합형,25562.967213114756,0.044506942355777214,0.04626297262753945
일원,09-10시간대,4,777.0409836065573,886.8565573770492,777.0409836065573,886.8565573770492,0.0,0.0,혼합형,25562.967213114756,0.03039713571309931,0.03469302096206025
일원,10-11시간대,5,737.7622950819672,704.139344262295,0.0,0.0,0.0,0.0,혼합형,25562.967213114756,0.028860589184790238,0.027545289965440523
일원,11-12시간대,6,728.360655737705,522.4672131147541,0.0,0.0,0.0,0.0,혼합형,25562.967213114756,0.028492805614679532,0.020438441623737206
일원,12-13시간대,7,670.922131147541,617.9877049180328,0.0,0.0,0.0,0.0,혼합형,25562.967213114756,0.026245862835646595,0.02417511628309651
일원,13-14시간대,8,622.9303278688525,649.9426229508197,0.0,0.0,0.0,0.0,혼합형,25562.967213114756,0.024368467192230563,0.025425163578716905
일원,14-15시간대,9,716.0491803278688,614.7213114754098,0.0,0.0,0.0,0.0,혼합형,25562.967213114756,0.028011191907350602,0.024047337945965634
일원,15-16시간대,10,979.3155737704918,573.7008196721312,0.0,0.0,0.0,0.0,혼합형,25562.967213114756,0.03830993349113503,0.022442653659462554
일원,16-17시간대,11,1235.5204918032787,539.733606557377,0.0,0.0,0.0,0.0,혼합형,25562.967213114756,0.04833243658699412,0.021113887212610965
일원,17-18시간대,12,1699.0696721311476,677.811475409836,0.0,0.0,1699.0696721311476,677.811475409836,혼합형,25562.967213114756,0.06646605841826772,0.026515367709821002
일원,18-19시간대,13,842.5901639344262,962.2581967213115,0.0,0.0,842.5901639344262,962.2581967213115,혼합형,25562.967213114756,0.032961359959110925,0.03764266443324455
일원,19-20시간대,14,449.49590163934425,772.9590163934427,0.0,0.0,449.49590163934425,772.9590163934427,혼합형,25562.967213114756,0.017583870365750657,0.03023745287271995
일원,20-21시간대,15,280.19262295081967,494.75,0.0,0.0,0.0,0.0,혼합형,25562.967213114756,0.010960880269293245,0.019354169485699405
일원,21-22시간대,16,215.37295081967213,451.2581967213115,0.0,0.0,0.0,0.0,혼합형,25562.967213114756,0.008425193719654648,0.0176528097446293
일원,22-23시간대,17,146.98360655737704,489.2418032786885,0.0,0.0,0.0,0.0,혼합형,25562.967213114756,0.0057498648467525695,0.019138693845669418
일원,23-24시간대,18,56.39344262295082,193.70081967213116,0.0,0.0,0.0,0.0,혼합형,25562.967213114756,0.0022060601241165336,0.007577399683584283
일원,24시이후,19,8.922131147540984,75.44262295081967,0.0,0.0,0.0,0.0,혼합형,25562.967213114756,0.0003490256460902394,0.002951246712553572
자양(뚝섬한강공원),06시이전,0,190.7622950819672,25.2172131147541,0.0,0.0,0.0,0.0,주거 유출·귀가형,19504.7868852459,0.009780280923052097,0.0012928730399935453
자양(뚝섬한강공원),06-07시간대,1,399.3114754098361,161.50819672131146,0.0,0.0,0.0,0.0,주거 유출·귀가형,19504.7868852459,0.020472485947123534,0.00828043893386407
자양(뚝섬한강공원),07-08시간대,2,978.6967213114754,278.4672131147541,978.6967213114754,278.4672131147541,0.0,0.0,주거 유출·귀가형,19504.7868852459,0.050177257873645145,0.014276865199967726
자양(뚝섬한강공원),08-09시간대,3,1349.9754098360656,549.7213114754098,1349.9754098360656,549.7213114754098,0.0,0.0,주거 유출·귀가형,19504.7868852459,0.0692125178182405,0.028183917861273233
자양(뚝섬한강공원),09-10시간대,4,808.827868852459,403.32377049180326,808.827868852459,403.32377049180326,0.0,0.0,주거 유출·귀가형,19504.7868852459,0.04146817258814987,0.020678194171754392
자양(뚝섬한강공원),10-11시간대,5,428.1803278688525,297.405737704918,0.0,0.0,0.0,0.0,주거 유출·귀가형,19504.7868852459,0.02195257658481483,0.015247833234716656
자양(뚝섬한강공원),11-12시간대,6,353.58196721311475,303.8483606557377,0.0,0.0,0.0,0.0,주거 유출·귀가형,19504.7868852459,0.0181279585003093,0.015578143070385412
자양(뚝섬한강공원),12-13시간대,7,361.905737704918,364.077868852459,0.0,0.0,0.0,0.0,주거 유출·귀가형,19504.7868852459,0.018554713765095075,0.01866607776821495
자양(뚝섬한강공원),13-14시간대,8,369.91803278688525,424.3975409836066,0.0,0.0,0.0,0.0,주거 유출·귀가형,19504.7868852459,0.018965499852074987,0.021758635122777766
자양(뚝섬한강공원),14-15시간대,9,366.9467213114754,454.21311475409834,0.0,0.0,0.0,0.0,주거 유출·귀가형,19504.7868852459,0.018813162300637426,0.023287263656168476
자양(뚝섬한강공원),15-16시간대,10,430.27868852459017,557.1434426229508,0.0,0.0,0.0,0.0,주거 유출·귀가형,19504.7868852459,0.022060158414243837,0.028564446558726236
자양(뚝섬한강공원),16-17시간대,11,518.7909836065573,648.0204918032787,0.0,0.0,0.0,0.0,주거 유출·귀가형,19504.7868852459,0.02659813648099836,0.033223664304349
자양(뚝섬한강공원),17-18시간대,12,605.4098360655738,911.0122950819672,0.0,0.0,605.4098360655738,911.0122950819672,주거 유출·귀가형,19504.7868852459,0.031039038756354057,0.04670711351227778
자양(뚝섬한강공원),18-19시간대,13,648.6762295081967,1404.8073770491803,0.0,0.0,648.6762295081967,1404.8073770491803,주거 유출·귀가형,19504.7868852459,0.03325728362604556,0.07202372347435519
자양(뚝섬한강공원),19-20시간대,14,464.22131147540983,990.1024590163935,0.0,0.0,464.22131147540983,990.1024590163935,주거 유출·귀가형,19504.7868852459,0.023800378553562304,0.050762023950404786
자양(뚝섬한강공원),20-21시간대,15,458.9303278688525,597.4795081967213,0.0,0.0,0.0,0.0,주거 유출·귀가형,19504.7868852459,0.023529112651623146,0.030632455084586216
자양(뚝섬한강공원),21-22시간대,16,473.78688524590166,535.6475409836065,0.0,0.0,0.0,0.0,주거 유출·귀가형,19504.7868852459,0.024290800408810955,0.027462363169360696
자양(뚝섬한강공원),22-23시간대,17,394.8606557377049,447.0614754098361,0.0,0.0,0.0,0.0,주거 유출·귀가형,19504.7868852459,0.020244294801108096,0.022920602928915308
자양(뚝섬한강공원),23-24시간대,18,196.58196721311475,217.74590163934425,0.0,0.0,0.0,0.0,주거 유출·귀가형,19504.7868852459,0.010078652403109116,0.011163716010865765
자양(뚝섬한강공원),24시이후,19,48.471311475409834,85.47131147540983,0.0,0.0,0.0,0.0,주거 유출·귀가형,19504.7868852459,0.0024850982356579977,0.004382068462386703
잠실(송파구청),06시이전,0,580.577868852459,323.0204918032787,0.0,0.0,0.0,0.0,혼합형,211205.61065573772,0.0027488752171399133,0.0015294124564228441
잠실(송파구청),06-07시간대,1,2292.565573770492,1851.1967213114754,0.0,0.0,0.0,0.0,혼합형,211205.61065573772,0.010854662272714633,0.008764903146104867
잠실(송파구청),07-08시간대,2,5852.008196721312,5179.676229508197,5852.008196721312,5179.676229508197,0.0,0.0,혼합형,211205.61065573772,0.02770763607345643,0.02452433064361628
잠실(송파구청),08-09시간대,3,7751.377049180328,11848.594262295082,7751.377049180328,11848.594262295082,0.0,0.0,혼합형,211205.61065573772,0.036700620902609296,0.056099808265075546
잠실(송파구청),09-10시간대,4,5268.5327868852455,8664.852459016394,5268.5327868852455,8664.852459016394,0.0,0.0,혼합형,211205.61065573772,0.024945041803235438,0.04102567366517543
잠실(송파구청),10-11시간대,5,3473.0778688524592,5808.709016393443,0.0,0.0,0.0,0.0,혼합형,211205.61065573772,0.016444060638680327,0.027502626461290175
잠실(송파구청),11-12시간대,6,3404.1434426229507,5264.073770491803,0.0,0.0,0.0,0.0,혼합형,211205.61065573772,0.01611767524571901,0.024923929597079557
잠실(송파구청),12-13시간대,7,3839.217213114754,4910.725409836065,0.0,0.0,0.0,0.0,혼합형,211205.61065573772,0.01817762890481459,0.02325092309143473
잠실(송파구청),13-14시간대,8,4222.393442622951,5014.516393442623,0.0,0.0,0.0,0.0,혼합형,211205.61065573772,0.01999186209832936,0.023742344617995098
잠실(송파구청),14-15시간대,9,4747.7786885245905,4920.795081967213,0.0,0.0,0.0,0.0,혼합형,211205.61065573772,0.022479415550486513,0.02329860019669668
잠실(송파구청),15-16시간대,10,5891.188524590164,5505.487704918033,0.0,0.0,0.0,0.0,혼합형,211205.61065573772,0.027893144061370233,0.02606695763348779
잠실(송파구청),16-17시간대,11,6992.2786885245905,6309.377049180328,0.0,0.0,0.0,0.0,혼합형,211205.61065573772,0.03310650065978555,0.02987315076333141
잠실(송파구청),17-18시간대,12,9438.651639344262,8485.848360655738,0.0,0.0,9438.651639344262,8485.848360655738,혼합형,211205.61065573772,0.04468939821266934,0.04017813889654454
잠실(송파구청),18-19시간대,13,12227.852459016394,11818.672131147541,0.0,0.0,12227.852459016394,11818.672131147541,혼합형,211205.61065573772,0.05789549065979894,0.055958135271376934
잠실(송파구청),19-20시간대,14,7820.950819672131,7277.80737704918,0.0,0.0,7820.950819672131,7277.80737704918,혼합형,211205.61065573772,0.03703003341336502,0.03445839982400802
잠실(송파구청),20-21시간대,15,7109.397540983607,4322.872950819672,0.0,0.0,0.0,0.0,혼합형,211205.61065573772,0.033661025949598605,0.02046760470708279
잠실(송파구청),21-22시간대,16,6568.315573770492,3759.3975409836066,0.0,0.0,0.0,0.0,혼합형,211205.61065573772,0.031099152874668454,0.017799704890943326
잠실(송파구청),22-23시간대,17,4674.63524590164,3391.344262295082,0.0,0.0,0.0,0.0,혼합형,211205.61065573772,0.022133101632045335,0.016057074676027083
잠실(송파구청),23-24시간대,18,1550.9754098360656,1784.4959016393443,0.0,0.0,0.0,0.0,혼합형,211205.61065573772,0.007343438486414712,0.008449093260822736
잠실(송파구청),24시이후,19,482.7581967213115,575.4713114754098,0.0,0.0,0.0,0.0,혼합형,211205.61065573772,0.002285726194595279,0.002724697083987131
잠실나루,06시이전,0,143.14754098360655,115.9672131147541,0.0,0.0,0.0,0.0,혼합형,33795.270491803276,0.004235727038146525,0.003431462788347288
잠실나루,06-07시간대,1,587.3032786885246,717.4344262295082,0.0,0.0,0.0,0.0,혼합형,33795.270491803276,0.017378268323994316,0.021228841071223713
잠실나루,07-08시간대,2,1794.2254098360656,1016.5819672131148,1794.2254098360656,1016.5819672131148,0.0,0.0,혼합형,33795.270491803276,0.05309102083592549,0.030080598628724607
잠실나루,08-09시간대,3,2134.55737704918,1726.4959016393443,2134.55737704918,1726.4959016393443,0.0,0.0,혼합형,33795.270491803276,0.06316142306264118,0.05108690880453493
잠실나루,09-10시간대,4,1296.4918032786886,1020.094262295082,1296.4918032786886,1020.094262295082,0.0,0.0,혼합형,33795.270491803276,0.03836311366684106,0.03018452722674601
잠실나루,10-11시간대,5,970.3729508196722,761.4754098360655,0.0,0.0,0.0,0.0,혼합형,33795.270491803276,0.028713276641920263,0.022532011099622776
잠실나루,11-12시간대,6,908.7868852459017,644.8729508196722,0.0,0.0,0.0,0.0,혼합형,33795.270491803276,0.02689094870438511,0.019081751423652017
잠실나루,12-13시간대,7,824.1926229508197,790.6680327868852,0.0,0.0,0.0,0.0,혼합형,33795.270491803276,0.02438780962415199,0.023395819038603473
잠실나루,13-14시간대,8,752.8032786885246,819.1434426229508,0.0,0.0,0.0,0.0,혼합형,33795.270491803276,0.02227540326600167,0.024238404685106053
잠실나루,14-15시간대,9,828.5860655737705,745.6844262295082,0.0,0.0,0.0,0.0,혼합형,33795.270491803276,0.024517811324360792,0.022064756854376026
잠실나루,15-16시간대,10,980.405737704918,757.110655737705,0.0,0.0,0.0,0.0,혼합형,33795.270491803276,0.029010146196128427,0.0224028582911131
잠실나루,16-17시간대,11,1334.467213114754,824.3647540983607,0.0,0.0,0.0,0.0,혼합형,33795.270491803276,0.039486803735996626,0.024392902974346736
잠실나루,17-18시간대,12,1627.3565573770493,1139.3155737704917,0.0,0.0,1627.3565573770493,1139.3155737704917,혼합형,33795.270491803276,0.04815338163284562,0.033712278587822574
잠실나루,18-19시간대,13,1306.22131147541,1743.9139344262296,0.0,0.0,1306.22131147541,1743.9139344262296,혼합형,33795.270491803276,0.03865100922308705,0.051602307336146326
잠실나루,19-20시간대,14,612.5532786885246,1228.2745901639344,0.0,0.0,612.5532786885246,1228.2745901639344,혼합형,33795.270491803276,0.018125414289466738,0.03634457047656538
잠실나루,20-21시간대,15,426.85655737704917,732.2704918032787,0.0,0.0,0.0,0.0,혼합형,33795.270491803276,0.012630659591275625,0.021667839349913887
잠실나루,21-22시간대,16,312.594262295082,708.3319672131148,0.0,0.0,0.0,0.0,혼합형,33795.270491803276,0.009249645223904888,0.020959499862115736
잠실나루,22-23시간대,17,218.55327868852459,656.5860655737705,0.0,0.0,0.0,0.0,혼합형,33795.270491803276,0.0064669782341742945,0.019428341777380335
잠실나루,23-24시간대,18,98.1311475409836,329.92622950819674,0.0,0.0,0.0,0.0,혼합형,33795.270491803276,0.0029036946919772217,0.009762497080418908
잠실나루,24시이후,19,25.348360655737704,133.80327868852459,0.0,0.0,0.0,0.0,혼합형,33795.270491803276,0.0007500564512979918,0.003959230884717354
잠실새내,06시이전,0,225.29918032786884,40.52459016393443,0.0,0.0,0.0,0.0,주거 유출·귀가형,51901.61475409836,0.004340889611918641,0.0007807963269723596
잠실새내,06-07시간대,1,809.3852459016393,349.2704918032787,0.0,0.0,0.0,0.0,주거 유출·귀가형,51901.61475409836,0.015594606251392728,0.006729472550287058
잠실새내,07-08시간대,2,2846.3811475409834,739.6926229508197,2846.3811475409834,739.6926229508197,0.0,0.0,주거 유출·귀가형,51901.61475409836,0.054841861106377655,0.014251822924110672
잠실새내,08-09시간대,3,3776.811475409836,1206.7745901639344,3776.811475409836,1206.7745901639344,0.0,0.0,주거 유출·귀가형,51901.61475409836,0.07276866997883923,0.02325119547592963
잠실새내,09-10시간대,4,2215.0532786885246,1148.6639344262296,2215.0532786885246,1148.6639344262296,0.0,0.0,주거 유출·귀가형,51901.61475409836,0.042677926095037635,0.022131564496950966
잠실새내,10-11시간대,5,1339.7581967213114,908.344262295082,0.0,0.0,0.0,0.0,주거 유출·귀가형,51901.61475409836,0.02581342031589718,0.017501271715700435
잠실새내,11-12시간대,6,1132.3811475409836,929.6516393442623,0.0,0.0,0.0,0.0,주거 유출·귀가형,51901.61475409836,0.021817840406431022,0.01791180570679361
잠실새내,12-13시간대,7,1173.094262295082,1029.622950819672,0.0,0.0,0.0,0.0,주거 유출·귀가형,51901.61475409836,0.022602269078775623,0.019837975286469654
잠실새내,13-14시간대,8,1112.6926229508197,1187.3524590163934,0.0,0.0,0.0,0.0,주거 유출·귀가형,51901.61475409836,0.02143849720712123,0.022876984938558876
잠실새내,14-15시간대,9,1040.5983606557377,1323.4303278688524,0.0,0.0,0.0,0.0,주거 유출·귀가형,51901.61475409836,0.020049440958358002,0.025498827621049092
잠실새내,15-16시간대,10,1217.233606557377,1533.172131147541,0.0,0.0,0.0,0.0,주거 유출·귀가형,51901.61475409836,0.02345271168005923,0.029539969775727943
잠실새내,16-17시간대,11,1367.7868852459017,1861.9344262295083,0.0,0.0,0.0,0.0,주거 유출·귀가형,51901.61475409836,0.026353455315913765,0.035874306320738944
잠실새내,17-18시간대,12,1542.9098360655737,2577.848360655738,0.0,0.0,1542.9098360655737,2577.848360655738,주거 유출·귀가형,51901.61475409836,0.029727588310607223,0.04966797994376814
잠실새내,18-19시간대,13,1688.5,3695.19262295082,0.0,0.0,1688.5,3695.19262295082,주거 유출·귀가형,51901.61475409836,0.032532706506335995,0.07119610132474795
잠실새내,19-20시간대,14,1204.327868852459,2440.905737704918,0.0,0.0,1204.327868852459,2440.905737704918,주거 유출·귀가형,51901.61475409836,0.023204053950120318,0.04702947585098351
잠실새내,20-21시간대,15,994.016393442623,1411.204918032787,0.0,0.0,0.0,0.0,주거 유출·귀가형,51901.61475409836,0.019151935795294915,0.027190000247947058
잠실새내,21-22시간대,16,975.6516393442623,1262.1188524590164,0.0,0.0,0.0,0.0,주거 유출·귀가형,51901.61475409836,0.018798097977620647,0.024317525734772142
잠실새내,22-23시간대,17,942.25,1161.3073770491803,0.0,0.0,0.0,0.0,주거 유출·귀가형,51901.61475409836,0.018154541134495168,0.02237516852898067
잠실새내,23-24시간대,18,510.33196721311475,604.2213114754098,0.0,0.0,0.0,0.0,주거 유출·귀가형,51901.61475409836,0.009832679958629166,0.011641666918035495
잠실새내,24시이후,19,129.25,246.66803278688525,0.0,0.0,0.0,0.0,주거 유출·귀가형,51901.61475409836,0.0024902886087911917,0.004752608063459285
잠원,06시이전,0,60.131147540983605,32.99590163934426,0.0,0.0,0.0,0.0,주거 유출·귀가형,13311.147540983608,0.004517352644153797,0.002478817212246607
잠원,06-07시간대,1,222.69672131147541,344.3688524590164,0.0,0.0,0.0,0.0,주거 유출·귀가형,13311.147540983608,0.016730091874184092,0.025870711101258652
잠원,07-08시간대,2,724.5286885245902,346.7418032786885,724.5286885245902,346.7418032786885,0.0,0.0,주거 유출·귀가형,13311.147540983608,0.05443021995615655,0.02604897903889258
잠원,08-09시간대,3,974.6844262295082,462.7049180327869,974.6844262295082,462.7049180327869,0.0,0.0,주거 유출·귀가형,13311.147540983608,0.07322317052144141,0.03476070839183231
잠원,09-10시간대,4,553.5696721311475,307.97131147540983,553.5696721311475,307.97131147540983,0.0,0.0,주거 유출·귀가형,13311.147540983608,0.041586923323234555,0.02313634572280105
잠원,10-11시간대,5,371.1516393442623,206.97131147540983,0.0,0.0,0.0,0.0,주거 유출·귀가형,13311.147540983608,0.027882768048474102,0.015548720411832802
잠원,11-12시간대,6,334.2090163934426,199.80327868852459,0.0,0.0,0.0,0.0,주거 유출·귀가형,13311.147540983608,0.025107453385551363,0.015010221926648437
잠원,12-13시간대,7,326.2581967213115,249.25819672131146,0.0,0.0,0.0,0.0,주거 유출·귀가형,13311.147540983608,0.024510148033202787,0.01872552279612798
잠원,13-14시간대,8,309.1024590163934,299.5532786885246,0.0,0.0,0.0,0.0,주거 유출·귀가형,13311.147540983608,0.023221323185300128,0.02250394098376807
잠원,14-15시간대,9,279.1188524590164,303.6024590163934,0.0,0.0,0.0,0.0,주거 유출·귀가형,13311.147540983608,0.020968804650360846,0.022808135668366213
잠원,15-16시간대,10,370.36475409836066,355.1475409836066,0.0,0.0,0.0,0.0,주거 유출·귀가형,13311.147540983608,0.027823653291953004,0.026680460109854923
잠원,16-17시간대,11,506.0327868852459,364.80737704918033,0.0,0.0,0.0,0.0,주거 유출·귀가형,13311.147540983608,0.03801571467277519,0.027406155324022758
잠원,17-18시간대,12,553.9180327868852,545.422131147541,0.0,0.0,553.9180327868852,545.422131147541,주거 유출·귀가형,13311.147540983608,0.04161309391856942,0.04097483928175571
잠원,18-19시간대,13,448.4918032786885,744.6229508196722,0.0,0.0,448.4918032786885,744.6229508196722,주거 유출·귀가형,13311.147540983608,0.03369294810217,0.05593980147294268
잠원,19-20시간대,14,269.7745901639344,516.4303278688525,0.0,0.0,269.7745901639344,516.4303278688525,주거 유출·귀가형,13311.147540983608,0.02026681691667282,0.03879682997118156
잠원,20-21시간대,15,178.61885245901638,332.7950819672131,0.0,0.0,0.0,0.0,주거 유출·귀가형,13311.147540983608,0.01341874184093204,0.02500123155742752
잠원,21-22시간대,16,162.00819672131146,334.0860655737705,0.0,0.0,0.0,0.0,주거 유출·귀가형,13311.147540983608,0.012170866277494518,0.025098216704844946
잠원,22-23시간대,17,110.56967213114754,347.1106557377049,0.0,0.0,0.0,0.0,주거 유출·귀가형,13311.147540983608,0.00830654695928471,0.026076689081011847
잠원,23-24시간대,18,36.217213114754095,149.75409836065575,0.0,0.0,0.0,0.0,주거 유출·귀가형,13311.147540983608,0.0027208182467548456,0.011250277100421192
잠원,24시이후,19,9.46311475409836,66.09016393442623,0.0,0.0,0.0,0.0,주거 유출·귀가형,13311.147540983608,0.0007109165250375624,0.004965023769058351
장승배기,06시이전,0,208.34016393442624,75.88524590163935,0.0,0.0,0.0,0.0,주거 유출·귀가형,20964.02868852459,0.009937983153422637,0.0036197835363189447
장승배기,06-07시간대,1,459.76229508196724,356.1475409836066,0.0,0.0,0.0,0.0,주거 유출·귀가형,20964.02868852459,0.02193100867743205,0.01698850665943596
장승배기,07-08시간대,2,1186.7131147540983,393.54918032786884,1186.7131147540983,393.54918032786884,0.0,0.0,주거 유출·귀가형,20964.02868852459,0.05660711175250815,0.018772593101024138
장승배기,08-09시간대,3,1613.639344262295,873.0696721311475,1613.639344262295,873.0696721311475,0.0,0.0,주거 유출·귀가형,20964.02868852459,0.07697181530502188,0.04164608268300326
장승배기,09-10시간대,4,941.3155737704918,491.4549180327869,941.3155737704918,491.4549180327869,0.0,0.0,주거 유출·귀가형,20964.02868852459,0.0449014637289518,0.023442770725733756
장승배기,10-11시간대,5,561.0737704918033,354.07377049180326,0.0,0.0,0.0,0.0,주거 유출·귀가형,20964.02868852459,0.026763642562601865,0.016889586240912663
장승배기,11-12시간대,6,492.5163934426229,354.3606557377049,0.0,0.0,0.0,0.0,주거 유출·귀가형,20964.02868852459,0.023493403904385007,0.01690327088379138
장승배기,12-13시간대,7,499.44262295081967,421.95081967213116,0.0,0.0,0.0,0.0,주거 유출·귀가형,20964.02868852459,0.023823790282456892,0.020127372746017134
장승배기,13-14시간대,8,491.12704918032784,455.12704918032784,0.0,0.0,0.0,0.0,주거 유출·귀가형,20964.02868852459,0.02342713113387236,0.021709903947491633
장승배기,14-15시간대,9,455.9918032786885,459.9016393442623,0.0,0.0,0.0,0.0,주거 유출·귀가형,20964.02868852459,0.021751153371026052,0.02193765550397314
장승배기,15-16시간대,10,496.1967213114754,560.0204918032787,0.0,0.0,0.0,0.0,주거 유출·귀가형,20964.02868852459,0.02366895832302912,0.026713400373747143
장승배기,16-17시간대,11,630.3934426229508,635.4016393442623,0.0,0.0,0.0,0.0,주거 유출·귀가형,20964.02868852459,0.030070243271896453,0.030309138037579203
장승배기,17-18시간대,12,707.6475409836065,832.9713114754098,0.0,0.0,707.6475409836065,832.9713114754098,주거 유출·귀가형,20964.02868852459,0.0337553221042367,0.039733360598355145
장승배기,18-19시간대,13,697.0409836065573,1309.22131147541,0.0,0.0,697.0409836065573,1309.22131147541,주거 유출·귀가형,20964.02868852459,0.033249381307520705,0.062450845251516895
장승배기,19-20시간대,14,343.6311475409836,914.3237704918033,0.0,0.0,343.6311475409836,914.3237704918033,주거 유출·귀가형,20964.02868852459,0.01639146524012736,0.04361393432896278
장승배기,20-21시간대,15,281.6803278688525,570.1844262295082,0.0,0.0,0.0,0.0,주거 유출·귀가형,20964.02868852459,0.013436364357917533,0.027198227721450266
장승배기,21-22시간대,16,255.58196721311475,477.7336065573771,0.0,0.0,0.0,0.0,주거 유출·귀가형,20964.02868852459,0.01219145284575081,0.022788253806334542
장승배기,22-23시간대,17,182.04098360655738,436.9918032786885,0.0,0.0,0.0,0.0,주거 유출·귀가형,20964.02868852459,0.008683492391240812,0.02084483902265844
장승배기,23-24시간대,18,70.87704918032787,276.8114754098361,0.0,0.0,0.0,0.0,주거 유출·귀가형,20964.02868852459,0.003380888770636197,0.013204116418775877
장승배기,24시이후,19,24.59016393442623,115.24590163934427,0.0,0.0,0.0,0.0,주거 유출·귀가형,20964.02868852459,0.0011729693896043241,0.005497316539278933
장암,06시이전,0,87.57377049180327,5.959016393442623,0.0,0.0,0.0,0.0,주거 유출·귀가형,4357.331967213115,0.02009802584488741,0.0013675837503962136
장암,06-07시간대,1,373.7909836065574,40.77049180327869,0.0,0.0,0.0,0.0,주거 유출·귀가형,4357.331967213115,0.08578437135824393,0.009356755948377945
장암,07-08시간대,2,833.577868852459,48.97540983606557,833.577868852459,48.97540983606557,0.0,0.0,주거 유출·귀가형,4357.331967213115,0.19130465044314793,0.011239770163160077
장암,08-09시간대,3,527.561475409836,53.25819672131148,527.561475409836,53.25819672131148,0.0,0.0,주거 유출·귀가형,4357.331967213115,0.121074427970944,0.012222662198348553
장암,09-10시간대,4,192.34016393442624,57.118852459016395,192.34016393442624,57.118852459016395,0.0,0.0,주거 유출·귀가형,4357.331967213115,0.04414172832864148,0.013108675879829458
장암,10-11시간대,5,93.74590163934427,64.34836065573771,0.0,0.0,0.0,0.0,주거 유출·귀가형,4357.331967213115,0.021514519055407837,0.014767835257889238
장암,11-12시간대,6,77.40573770491804,99.45081967213115,0.0,0.0,0.0,0.0,주거 유출·귀가형,4357.331967213115,0.017764480257038025,0.022823787680271334
장암,12-13시간대,7,99.77049180327869,88.14754098360656,0.0,0.0,0.0,0.0,주거 유출·귀가형,4357.331967213115,0.02289715187045765,0.020229705160606442
장암,13-14시간대,8,99.63524590163935,62.90163934426229,0.0,0.0,0.0,0.0,주거 유출·귀가형,4357.331967213115,0.022866113174609595,0.01443581526896911
장암,14-15시간대,9,103.23770491803279,49.9344262295082,0.0,0.0,0.0,0.0,주거 유출·귀가형,4357.331967213115,0.023692871164016936,0.01145986273371903
장암,15-16시간대,10,113.48360655737704,51.372950819672134,0.0,0.0,0.0,0.0,주거 유출·귀가형,4357.331967213115,0.026044287516142472,0.011790001589557455
장암,16-17시간대,11,117.45901639344262,71.02459016393442,0.0,0.0,0.0,0.0,주거 유출·귀가형,4357.331967213115,0.02695663706076718,0.016300018152934238
장암,17-18시간대,12,119.70901639344262,97.63524590163935,0.0,0.0,119.70901639344262,97.63524590163935,주거 유출·귀가형,4357.331967213115,0.02747300809169395,0.02240711670267469
장암,18-19시간대,13,109.10655737704919,160.53688524590163,0.0,0.0,109.10655737704919,160.53688524590163,주거 유출·귀가형,4357.331967213115,0.025039762450514445,0.036842931971643796
장암,19-20시간대,14,58.89754098360656,127.47540983606558,0.0,0.0,58.89754098360656,127.47540983606558,주거 유출·귀가형,4357.331967213115,0.013516881758558452,0.02925538168660511
장암,20-21시간대,15,37.18852459016394,77.42622950819673,0.0,0.0,0.0,0.0,주거 유출·귀가형,4357.331967213115,0.008534700791674859,0.017769183089742277
장암,21-22시간대,16,26.081967213114755,31.192622950819672,0.0,0.0,0.0,0.0,주거 유출·귀가형,4357.331967213115,0.005985765465970773,0.0071586519424109915
장암,22-23시간대,17,19.40983606557377,34.96311475409836,0.0,0.0,0.0,0.0,주거 유출·귀가형,4357.331967213115,0.004454523137466622,0.00802397315999319
장암,23-24시간대,18,8.290983606557377,23.581967213114755,0.0,0.0,0.0,0.0,주거 유출·귀가형,4357.331967213115,0.0019027661121399865,0.005412019876052141
장암,24시이후,19,1.9754098360655739,11.01639344262295,0.0,0.0,0.0,0.0,주거 유출·귀가형,4357.331967213115,0.000453353072689804,0.0025282428618053797
장지,06시이전,0,217.87704918032787,122.65983606557377,0.0,0.0,0.0,0.0,혼합형,36863.24180327869,0.005910414779661334,0.0033274294409631703
장지,06-07시간대,1,821.7254098360655,470.905737704918,0.0,0.0,0.0,0.0,혼합형,36863.24180327869,0.02229118682022642,0.012774398416121794
장지,07-08시간대,2,2103.565573770492,1179.4016393442623,2103.565573770492,1179.4016393442623,0.0,0.0,혼합형,36863.24180327869,0.057064041871200726,0.031993975072462676
장지,08-09시간대,3,2257.1024590163934,2185.188524590164,2257.1024590163934,2185.188524590164,0.0,0.0,혼합형,36863.24180327869,0.06122908210464665,0.05927825165923983
장지,09-10시간대,4,1304.8688524590164,1366.7868852459017,1304.8688524590164,1366.7868852459017,0.0,0.0,혼합형,36863.24180327869,0.0353975610561456,0.03707722973849622
장지,10-11시간대,5,771.139344262295,690.9631147540983,0.0,0.0,0.0,0.0,혼합형,36863.24180327869,0.020918923744620538,0.0187439595910049
장지,11-12시간대,6,640.0081967213115,740.5983606557377,0.0,0.0,0.0,0.0,혼합형,36863.24180327869,0.017361690546282556,0.020090429501777227
장지,12-13시간대,7,679.4467213114754,703.0040983606557,0.0,0.0,0.0,0.0,혼합형,36863.24180327869,0.018431550999701934,0.019070598893940173
장지,13-14시간대,8,721.7950819672132,664.6967213114754,0.0,0.0,0.0,0.0,혼합형,36863.24180327869,0.019580347431706762,0.018031423412477952
장지,14-15시간대,9,751.6147540983607,680.8237704918033,0.0,0.0,0.0,0.0,혼합형,36863.24180327869,0.020389274446055653,0.018468906617736737
장지,15-16시간대,10,982.2131147540983,797.5,0.0,0.0,0.0,0.0,혼합형,36863.24180327869,0.026644783982800405,0.021634017004143916
장지,16-17시간대,11,1173.2090163934427,991.3852459016393,0.0,0.0,0.0,0.0,혼합형,36863.24180327869,0.031825985968740686,0.026893599081496505
장지,17-18시간대,12,1784.3196721311476,1309.02868852459,0.0,0.0,1784.3196721311476,1309.02868852459,혼합형,36863.24180327869,0.048403764423465515,0.0355104061522924
장지,18-19시간대,13,2045.122950819672,2084.8606557377047,0.0,0.0,2045.122950819672,2084.8606557377047,혼합형,36863.24180327869,0.05547865165341413,0.056556628059561305
장지,19-20시간대,14,1082.7418032786886,1304.22131147541,0.0,0.0,1082.7418032786886,1304.22131147541,혼합형,36863.24180327869,0.02937185527677567,0.03537999502147448
장지,20-21시간대,15,829.1639344262295,743.6803278688525,0.0,0.0,0.0,0.0,혼합형,36863.24180327869,0.022492973864075137,0.020174034932617026
장지,21-22시간대,16,563.561475409836,644.889344262295,0.0,0.0,0.0,0.0,혼합형,36863.24180327869,0.015287897858177838,0.017494102870923775
장지,22-23시간대,17,298.16803278688525,552.6147540983607,0.0,0.0,0.0,0.0,혼합형,36863.24180327869,0.00808849190144654,0.01499094293028808
장지,23-24시간대,18,110.11475409836065,349.594262295082,0.0,0.0,0.0,0.0,혼합형,36863.24180327869,0.0029871153135687277,0.009483546351151038
장지,24시이후,19,28.147540983606557,114.5327868852459,0.0,0.0,0.0,0.0,혼합형,36863.24180327869,0.0007635666210209179,0.003106964588097055
장한평,06시이전,0,308.9549180327869,48.81147540983606,0.0,0.0,0.0,0.0,혼합형,44844.438524590165,0.006889481242214091,0.0010884621820623443
장한평,06-07시간대,1,847.2704918032787,510.9590163934426,0.0,0.0,0.0,0.0,혼합형,44844.438524590165,0.018893546662172685,0.01139403308870199
장한평,07-08시간대,2,2648.4180327868853,1165.8647540983607,2648.4180327868853,1165.8647540983607,0.0,0.0,혼합형,44844.438524590165,0.05905789257088461,0.02599797862245652
장한평,08-09시간대,3,3531.0819672131147,3243.9262295081967,3531.0819672131147,3243.9262295081967,0.0,0.0,혼합형,44844.438524590165,0.07874068855331677,0.07233731397326806
장한평,09-10시간대,4,1663.561475409836,1298.032786885246,1663.561475409836,1298.032786885246,0.0,0.0,혼합형,44844.438524590165,0.03709627169258976,0.028945234450275876
장한평,10-11시간대,5,887.2909836065573,768.0081967213115,0.0,0.0,0.0,0.0,혼합형,44844.438524590165,0.0197859759827301,0.01712605223722846
장한평,11-12시간대,6,753.1229508196722,685.0737704918033,0.0,0.0,0.0,0.0,혼합형,44844.438524590165,0.016794121536535728,0.01527667182444814
장한평,12-13시간대,7,813.8073770491803,684.9467213114754,0.0,0.0,0.0,0.0,혼합형,44844.438524590165,0.018147342319894007,0.015273838715493988
장한평,13-14시간대,8,805.4508196721312,731.9713114754098,0.0,0.0,0.0,0.0,혼합형,44844.438524590165,0.017960996863200043,0.016322454590975376
장한평,14-15시간대,9,785.889344262295,721.8729508196722,0.0,0.0,0.0,0.0,혼합형,44844.438524590165,0.017524789474872286,0.016097268124426124
장한평,15-16시간대,10,861.327868852459,871.4713114754098,0.0,0.0,0.0,0.0,혼합형,44844.438524590165,0.019207016459357726,0.019433208222632645
장한평,16-17시간대,11,1173.045081967213,1098.3319672131147,0.0,0.0,0.0,0.0,혼합형,44844.438524590165,0.026158094973671733,0.02449204412740838
장한평,17-18시간대,12,1850.6475409836066,1729.6680327868853,0.0,0.0,1850.6475409836066,1729.6680327868853,혼합형,44844.438524590165,0.04126816171349354,0.03857040225486228
장한평,18-19시간대,13,2775.245901639344,2965.405737704918,0.0,0.0,2775.245901639344,2965.405737704918,혼합형,44844.438524590165,0.06188606643201822,0.06612649941149015
장한평,19-20시간대,14,1086.5696721311476,1987.7909836065573,0.0,0.0,1086.5696721311476,1987.7909836065573,혼합형,44844.438524590165,0.024229753072620902,0.04432636574358189
장한평,20-21시간대,15,636.3483606557377,1120.27868852459,0.0,0.0,0.0,0.0,혼합형,44844.438524590165,0.014190128845225703,0.024981440851585025
장한평,21-22시간대,16,513.8237704918033,1003.1188524590164,0.0,0.0,0.0,0.0,혼합형,44844.438524590165,0.011457915126087515,0.022368857442801128
장한평,22-23시간대,17,387.3483606557377,916.0532786885246,0.0,0.0,0.0,0.0,혼합형,44844.438524590165,0.008637600857536384,0.020427355293705207
장한평,23-24시간대,18,166.5327868852459,540.3483606557377,0.0,0.0,0.0,0.0,혼합형,44844.438524590165,0.00371356610461136,0.012049395163225002
장한평,24시이후,19,39.9344262295082,216.83196721311475,0.0,0.0,0.0,0.0,혼합형,44844.438524590165,0.0008905101177175049,0.004835203078620692
제기동,06시이전,0,210.38934426229508,91.88934426229508,0.0,0.0,0.0,0.0,혼합형,35645.19262295082,0.005902320306913757,0.002577888839998312
제기동,06-07시간대,1,361.30737704918033,378.5696721311475,0.0,0.0,0.0,0.0,혼합형,35645.19262295082,0.010136216147603194,0.01062049730339789
제기동,07-08시간대,2,942.7418032786885,870.0245901639345,942.7418032786885,870.0245901639345,0.0,0.0,혼합형,35645.19262295082,0.026447936843850488,0.024407908223891966
제기동,08-09시간대,3,1342.360655737705,1623.3032786885246,1342.360655737705,1623.3032786885246,0.0,0.0,혼합형,35645.19262295082,0.037658953619271546,0.04554059493687041
제기동,09-10시간대,4,844.639344262295,1210.532786885246,844.639344262295,1210.532786885246,0.0,0.0,혼합형,35645.19262295082,0.023695743580256553,0.0339606184679676
제기동,10-11시간대,5,843.389344262295,1253.266393442623,0.0,0.0,0.0,0.0,혼합형,35645.19262295082,0.023660675737778542,0.03515947877458472
제기동,11-12시간대,6,1061.889344262295,1508.3934426229507,0.0,0.0,0.0,0.0,혼합형,35645.19262295082,0.02979053460293487,0.042316882912613124
제기동,12-13시간대,7,1233.795081967213,1492.2745901639344,0.0,0.0,0.0,0.0,혼합형,35645.19262295082,0.03461322526765675,0.04186468020944585
제기동,13-14시간대,8,1300.3524590163934,1529.8360655737704,0.0,0.0,0.0,0.0,혼합형,35645.19262295082,0.03648044415894494,0.042918440131776904
제기동,14-15시간대,9,1448.4795081967213,1458.3647540983607,0.0,0.0,0.0,0.0,혼합형,35645.19262295082,0.0406360409808556,0.04091336437776368
제기동,15-16시간대,10,1567.6352459016393,1232.1639344262296,0.0,0.0,0.0,0.0,혼합형,35645.19262295082,0.043978868693005414,0.03456746460763627
제기동,16-17시간대,11,1605.6680327868853,1153.5204918032787,0.0,0.0,0.0,0.0,혼합형,35645.19262295082,0.04504585091659867,0.03236117992137215
제기동,17-18시간대,12,1626.422131147541,964.0573770491803,0.0,0.0,1626.422131147541,964.0573770491803,혼합형,35645.19262295082,0.04562809207826637,0.027045929790500113
제기동,18-19시간대,13,1457.1967213114754,1073.8237704918033,0.0,0.0,1457.1967213114754,1073.8237704918033,혼합형,35645.19262295082,0.04088059606593996,0.03012534626620034
제기동,19-20시간대,14,719.6926229508197,691.6803278688525,0.0,0.0,719.6926229508197,691.6803278688525,혼합형,35645.19262295082,0.020190454027380744,0.019404589426275154
제기동,20-21시간대,15,469.55737704918033,434.0450819672131,0.0,0.0,0.0,0.0,혼합형,35645.19262295082,0.01317309130619895,0.01217681965022529
제기동,21-22시간대,16,316.7827868852459,406.70081967213116,0.0,0.0,0.0,0.0,혼합형,35645.19262295082,0.008887111096189714,0.011409696223952211
제기동,22-23시간대,17,205.77868852459017,345.0245901639344,0.0,0.0,0.0,0.0,혼합형,35645.19262295082,0.0057729717076096185,0.009679414383127333
제기동,23-24시간대,18,90.39754098360656,209.41803278688525,0.0,0.0,0.0,0.0,혼합형,35645.19262295082,0.0025360373820901287,0.0058750708686603524
제기동,24시이후,19,10.069672131147541,59.75819672131148,0.0,0.0,0.0,0.0,혼합형,35645.19262295082,0.00028249734088023966,0.0016764728235143568
종각,06시이전,0,127.79098360655738,263.8524590163934,0.0,0.0,0.0,0.0,업무 유입형,88896.29918032787,0.0014375287248722343,0.0029680927265730555
종각,06-07시간대,1,145.85655737704917,1541.0122950819673,0.0,0.0,0.0,0.0,업무 유입형,88896.29918032787,0.001640749488133092,0.017334943178635525
종각,07-08시간대,2,251.5983606557377,5445.413934426229,251.5983606557377,5445.413934426229,0.0,0.0,업무 유입형,88896.29918032787,0.002830245611747746,0.06125580012481849
종각,08-09시간대,3,391.2704918032787,12587.659836065573,391.2704918032787,12587.659836065573,0.0,0.0,업무 유입형,88896.29918032787,0.004401426104472346,0.14159936861411138
종각,09-10시간대,4,506.5696721311475,6358.811475409836,506.5696721311475,6358.811475409836,0.0,0.0,업무 유입형,88896.29918032787,0.005698433757107943,0.07153066588869873
종각,10-11시간대,5,723.7459016393443,2337.909836065574,0.0,0.0,0.0,0.0,업무 유입형,88896.29918032787,0.008141462674067136,0.026299293194681574
종각,11-12시간대,6,1127.5655737704917,2037.7581967213114,0.0,0.0,0.0,0.0,업무 유입형,88896.29918032787,0.012684055288771954,0.022922868730313274
종각,12-13시간대,7,1281.049180327869,1695.2745901639344,0.0,0.0,0.0,0.0,업무 유입형,88896.29918032787,0.014410601927637457,0.019070249333158817
종각,13-14시간대,8,1609.3073770491803,1725.4262295081967,0.0,0.0,0.0,0.0,업무 유입형,88896.29918032787,0.018103198804538184,0.01940942699997146
종각,14-15시간대,9,2044.204918032787,1390.6844262295083,0.0,0.0,0.0,0.0,업무 유입형,88896.29918032787,0.022995388299417028,0.01564389562954109
종각,15-16시간대,10,2525.688524590164,1262.2581967213114,0.0,0.0,0.0,0.0,업무 유입형,88896.29918032787,0.028411627344201988,0.01419922098400065
종각,16-17시간대,11,3274.0860655737706,1388.545081967213,0.0,0.0,0.0,0.0,업무 유입형,88896.29918032787,0.03683039784290933,0.015619830012839144
종각,17-18시간대,12,6769.270491803279,1760.5819672131147,0.0,0.0,6769.270491803279,1760.5819672131147,업무 유입형,88896.29918032787,0.07614794490006475,0.01980489608056394
종각,18-19시간대,13,9746.709016393443,1993.450819672131,0.0,0.0,9746.709016393443,1993.450819672131,업무 유입형,88896.29918032787,0.10964133609906587,0.022424452289384705
종각,19-20시간대,14,3930.7909836065573,964.3319672131148,0.0,0.0,3930.7909836065573,964.3319672131148,업무 유입형,88896.29918032787,0.044217712321554255,0.010847830293328057
종각,20-21시간대,15,3416.901639344262,486.1516393442623,0.0,0.0,0.0,0.0,업무 유입형,88896.29918032787,0.038436939117263036,0.005468750036017746
종각,21-22시간대,16,3456.2418032786886,358.7172131147541,0.0,0.0,0.0,0.0,업무 유입형,88896.29918032787,0.038879479068837666,0.004035232247262501
종각,22-23시간대,17,2395.7090163934427,256.46311475409834,0.0,0.0,0.0,0.0,업무 유입형,88896.29918032787,0.026949479770059948,0.002884969533251974
종각,23-24시간대,18,1017.2213114754098,149.55737704918033,0.0,0.0,0.0,0.0,업무 유입형,88896.29918032787,0.011442785817348332,0.0016823802388646156
종각,24시이후,19,97.09426229508196,53.76639344262295,0.0,0.0,0.0,0.0,업무 유입형,88896.29918032787,0.0010922193970991341,0.0006048215048137917
종로3가,06시이전,0,197.2827868852459,197.422131147541,0.0,0.0,0.0,0.0,업무 유입형,111090.5,0.001775874506688204,0.0017771288377272673
종로3가,06-07시간대,1,259.9590163934426,1106.6926229508197,0.0,0.0,0.0,0.0,업무 유입형,111090.5,0.002340065229641082,0.00996208157268911
종로3가,07-08시간대,2,445.8360655737705,2576.2254098360654,445.8360655737705,2576.2254098360654,0.0,0.0,업무 유입형,111090.5,0.004013269051573001,0.02319033049483138
종로3가,08-09시간대,3,713.844262295082,6821.934426229508,713.844262295082,6821.934426229508,0.0,0.0,업무 유입형,111090.5,0.006425790344764691,0.061408801168682366
종로3가,09-10시간대,4,1003.6639344262295,5911.290983606557,1003.6639344262295,5911.290983606557,0.0,0.0,업무 유입형,111090.5,0.009034651337659202,0.053211489583776805
종로3가,10-11시간대,5,1436.0819672131147,4579.954918032787,0.0,0.0,0.0,0.0,업무 유입형,111090.5,0.012927135688588266,0.04122724191567044
종로3가,11-12시간대,6,2028.6967213114754,4421.622950819672,0.0,0.0,0.0,0.0,업무 유입형,111090.5,0.018261658029367727,0.039801989826489866
종로3가,12-13시간대,7,2720.1352459016393,3974.159836065574,0.0,0.0,0.0,0.0,업무 유입형,111090.5,0.024485759321468886,0.03577407461543133
종로3가,13-14시간대,8,2995.9508196721313,3743.934426229508,0.0,0.0,0.0,0.0,업무 유입형,111090.5,0.026968560044937518,0.03370166149427276
종로3가,14-15시간대,9,3591.0245901639346,3312.094262295082,0.0,0.0,0.0,0.0,업무 유입형,111090.5,0.03232521763934751,0.02981437892794687
종로3가,15-16시간대,10,4201.19262295082,3035.3196721311474,0.0,0.0,0.0,0.0,업무 유입형,111090.5,0.037817748798959584,0.027322945455562332
종로3가,16-17시간대,11,4929.856557377049,3027.7377049180327,0.0,0.0,0.0,0.0,업무 유입형,111090.5,0.04437694093893762,0.027254695090201526
종로3가,17-18시간대,12,6696.454918032787,3296.598360655738,0.0,0.0,6696.454918032787,3296.598360655738,업무 유입형,111090.5,0.0602792760680057,0.029674889937985137
종로3가,18-19시간대,13,8131.69262295082,3741.4836065573772,0.0,0.0,8131.69262295082,3741.4836065573772,업무 유입형,111090.5,0.07319881198618082,0.033679600024820996
종로3가,19-20시간대,14,4286.393442622951,1929.0204918032787,0.0,0.0,4286.393442622951,1929.0204918032787,업무 유입형,111090.5,0.03858469844516813,0.01736440552345411
종로3가,20-21시간대,15,3604.155737704918,1070.2868852459017,0.0,0.0,0.0,0.0,업무 유입형,111090.5,0.03244341989373455,0.009634369142689083
종로3가,21-22시간대,16,3994.3319672131147,838.405737704918,0.0,0.0,0.0,0.0,업무 유입형,111090.5,0.035955657479380454,0.007547051617419294
종로3가,22-23시간대,17,3096.47131147541,674.8524590163935,0.0,0.0,0.0,0.0,업무 유입형,111090.5,0.027873412321264283,0.006074799006363222
종로3가,23-24시간대,18,1559.8852459016393,432.4303278688525,0.0,0.0,0.0,0.0,업무 유입형,111090.5,0.014041571924706788,0.0038925950271972176
종로3가,24시이후,19,287.40983606557376,218.71311475409837,0.0,0.0,0.0,0.0,업무 유입형,111090.5,0.0025871684443365883,0.001968783242078291
종로5가,06시이전,0,71.29508196721312,167.09016393442624,0.0,0.0,0.0,0.0,업무 유입형,50961.79508196721,0.0013989907901113324,0.0032787338763416315
종로5가,06-07시간대,1,116.4672131147541,699.7295081967213,0.0,0.0,0.0,0.0,업무 유입형,50961.79508196721,0.0022853828623467373,0.01373047215215384
종로5가,07-08시간대,2,238.3155737704918,1849.4467213114754,238.3155737704918,1849.4467213114754,0.0,0.0,업무 유입형,50961.79508196721,0.004676357522084609,0.036290847257966795
종로5가,08-09시간대,3,408.35655737704917,4021.6475409836066,408.35655737704917,4021.6475409836066,0.0,0.0,업무 유입형,50961.79508196721,0.008012993983438896,0.07891495059220674
종로5가,09-10시간대,4,542.4467213114754,2568.7868852459014,542.4467213114754,2568.7868852459014,0.0,0.0,업무 유입형,50961.79508196721,0.010644183950722325,0.050406130339683906
종로5가,10-11시간대,5,882.2131147540983,2073.27868852459,0.0,0.0,0.0,0.0,업무 유입형,50961.79508196721,0.017311264513644824,0.04068299959194761
종로5가,11-12시간대,6,1233.9590163934427,2039.5245901639344,0.0,0.0,0.0,0.0,업무 유입형,50961.79508196721,0.024213413487667312,0.040020658355608404
종로5가,12-13시간대,7,1501.172131147541,1741.7377049180327,0.0,0.0,0.0,0.0,업무 유입형,50961.79508196721,0.029456814241591137,0.0341773224847479
종로5가,13-14시간대,8,1722.9918032786886,1709.4877049180327,0.0,0.0,0.0,0.0,업무 유입형,50961.79508196721,0.03380948022940361,0.033544495482713745
종로5가,14-15시간대,9,2053.532786885246,1629.122950819672,0.0,0.0,0.0,0.0,업무 유입형,50961.79508196721,0.040295534793904596,0.03196753466394546
종로5가,15-16시간대,10,2203.1393442622953,1383.3688524590164,0.0,0.0,0.0,0.0,업무 유입형,50961.79508196721,0.043231195854046243,0.02714521437547478
종로5가,16-17시간대,11,2484.0450819672133,1290.3852459016393,0.0,0.0,0.0,0.0,업무 유입형,50961.79508196721,0.048743280686480185,0.02532063958552043
종로5가,17-18시간대,12,3467.3278688524592,1215.7581967213114,0.0,0.0,3467.3278688524592,1215.7581967213114,업무 유입형,50961.79508196721,0.06803778915706543,0.02385626712649897
종로5가,18-19시간대,13,3698.1065573770493,1178.8032786885246,0.0,0.0,3698.1065573770493,1178.8032786885246,업무 유입형,50961.79508196721,0.07256625382659689,0.023131117669472425
종로5가,19-20시간대,14,1794.7909836065573,670.8729508196722,0.0,0.0,1794.7909836065573,670.8729508196722,업무 유입형,50961.79508196721,0.03521836271112127,0.013164233122884245
종로5가,20-21시간대,15,1248.5204918032787,366.405737704918,0.0,0.0,0.0,0.0,업무 유입형,50961.79508196721,0.024499146660653375,0.00718981223317564
종로5가,21-22시간대,16,1080.7090163934427,267.172131147541,0.0,0.0,0.0,0.0,업무 유입형,50961.79508196721,0.02120625881908643,0.005242596551354205
종로5가,22-23시간대,17,737.2008196721312,207.90573770491804,0.0,0.0,0.0,0.0,업무 유입형,50961.79508196721,0.014465754561557607,0.004079639215426407
종로5가,23-24시간대,18,210.2704918032787,125.95081967213115,0.0,0.0,0.0,0.0,업무 유입형,50961.79508196721,0.004126041703693494,0.0024714753369568555
종로5가,24시이후,19,18.983606557377048,41.47540983606557,0.0,0.0,0.0,0.0,업무 유입형,50961.79508196721,0.0003725066302480852,0.0008138530004556612
종합운동장,06시이전,0,66.24180327868852,54.221311475409834,0.0,0.0,0.0,0.0,주거 유출·귀가형,28476.147540983606,0.0023262206793721522,0.0019040957488147975
종합운동장,06-07시간대,1,254.25819672131146,553.4467213114754,0.0,0.0,0.0,0.0,주거 유출·귀가형,28476.147540983606,0.008928813012904099,0.01943544928312162
종합운동장,07-08시간대,2,787.0122950819672,707.4549180327868,787.0122950819672,707.4549180327868,0.0,0.0,주거 유출·귀가형,28476.147540983606,0.027637597183722933,0.02484377203814524
종합운동장,08-09시간대,3,1023.5532786885246,1167.7131147540983,1023.5532786885246,1167.7131147540983,0.0,0.0,주거 유출·귀가형,28476.147540983606,0.03594423287825013,0.04100670967073392
종합운동장,09-10시간대,4,677.6229508196722,525.6680327868852,677.6229508196722,525.6680327868852,0.0,0.0,주거 유출·귀가형,28476.147540983606,0.02379615956984419,0.018459942027984306
종합운동장,10-11시간대,5,436.6885245901639,398.38524590163934,0.0,0.0,0.0,0.0,주거 유출·귀가형,28476.147540983606,0.01533523886830796,0.013990138424738565
종합운동장,11-12시간대,6,395.12704918032784,337.2663934426229,0.0,0.0,0.0,0.0,주거 유출·귀가형,28476.147540983606,0.013875719972712279,0.011843820971822837
종합운동장,12-13시간대,7,429.1967213114754,442.1885245901639,0.0,0.0,0.0,0.0,주거 유출·귀가형,28476.147540983606,0.015072148389938086,0.015528382972231577
종합운동장,13-14시간대,8,433.6106557377049,421.27868852459017,0.0,0.0,0.0,0.0,주거 유출·귀가형,28476.147540983606,0.01522715300985294,0.014794089963127035
종합운동장,14-15시간대,9,495.9139344262295,476.5655737704918,0.0,0.0,0.0,0.0,주거 유출·귀가형,28476.147540983606,0.017415064088725393,0.01673560558304477
종합운동장,15-16시간대,10,611.2991803278688,591.9672131147541,0.0,0.0,0.0,0.0,주거 유출·귀가형,28476.147540983606,0.021467060438848735,0.020788177623492773
종합운동장,16-17시간대,11,766.9303278688525,988.516393442623,0.0,0.0,0.0,0.0,주거 유출·귀가형,28476.147540983606,0.026932376536013748,0.034713838731869354
종합운동장,17-18시간대,12,877.4098360655738,2668.7909836065573,0.0,0.0,877.4098360655738,2668.7909836065573,주거 유출·귀가형,28476.147540983606,0.03081209755648242,0.09372022601602147
종합운동장,18-19시간대,13,768.3934426229508,3031.184426229508,0.0,0.0,768.3934426229508,3031.184426229508,주거 유출·귀가형,28476.147540983606,0.026983756897489705,0.10644643633296777
종합운동장,19-20시간대,14,421.5163934426229,997.9098360655738,0.0,0.0,421.5163934426229,997.9098360655738,주거 유출·귀가형,28476.147540983606,0.014802437472834612,0.035043709287899856
종합운동장,20-21시간대,15,597.4467213114754,468.0655737704918,0.0,0.0,0.0,0.0,주거 유출·귀가형,28476.147540983606,0.02098060211451056,0.01643711014970827
종합운동장,21-22시간대,16,2930.877049180328,472.2049180327869,0.0,0.0,0.0,0.0,주거 유출·귀가형,28476.147540983606,0.10292393115895099,0.016582471956685062
종합운동장,22-23시간대,17,1335.1475409836066,414.12295081967216,0.0,0.0,0.0,0.0,주거 유출·귀가형,28476.147540983606,0.04688652280165454,0.014542801136412702
종합운동장,23-24시간대,18,134.4344262295082,203.52459016393442,0.0,0.0,0.0,0.0,주거 유출·귀가형,28476.147540983606,0.0047209485073789114,0.007147195380660835
종합운동장,24시이후,19,26.209016393442624,86.7827868852459,0.0,0.0,0.0,0.0,주거 유출·귀가형,28476.147540983606,0.0009203849065510682,0.003047560656171832
중계,06시이전,0,379.37295081967216,81.17622950819673,0.0,0.0,0.0,0.0,주거 유출·귀가형,31891.569672131147,0.011895712714046559,0.002545382066256011
중계,06-07시간대,1,1064.4426229508197,207.86475409836066,0.0,0.0,0.0,0.0,주거 유출·귀가형,31891.569672131147,0.03337692794346828,0.006517858990177141
중계,07-08시간대,2,2767.9631147540986,712.1352459016393,2767.9631147540986,712.1352459016393,0.0,0.0,주거 유출·귀가형,31891.569672131147,0.08679294068027384,0.022329890100202494
중계,08-09시간대,3,2714.2991803278687,1259.1434426229507,2714.2991803278687,1259.1434426229507,0.0,0.0,주거 유출·귀가형,31891.569672131147,0.08511024098947985,0.03948201532780838
중계,09-10시간대,4,1296.6844262295083,604.6065573770492,1296.6844262295083,604.6065573770492,0.0,0.0,주거 유출·귀가형,31891.569672131147,0.04065915975790406,0.018958193766968837
중계,10-11시간대,5,859.3155737704918,433.9754098360656,0.0,0.0,0.0,0.0,주거 유출·귀가형,31891.569672131147,0.02694491311042039,0.013607841015592924
중계,11-12시간대,6,774.5245901639345,476.1393442622951,0.0,0.0,0.0,0.0,주거 유출·귀가형,31891.569672131147,0.024286185914541628,0.01492994384275715
중계,12-13시간대,7,883.5491803278688,535.3524590163935,0.0,0.0,0.0,0.0,주거 유출·귀가형,31891.569672131147,0.027704788112074944,0.016786645013720288
중계,13-14시간대,8,735.4672131147541,551.3155737704918,0.0,0.0,0.0,0.0,주거 유출·귀가형,31891.569672131147,0.023061493074059993,0.01728718841494547
중계,14-15시간대,9,664.6598360655738,528.0409836065573,0.0,0.0,0.0,0.0,주거 유출·귀가형,31891.569672131147,0.020841239327470146,0.0165573845701296
중계,15-16시간대,10,667.8729508196722,683.2090163934427,0.0,0.0,0.0,0.0,주거 유출·귀가형,31891.569672131147,0.020941990553801478,0.021422872044785976
중계,16-17시간대,11,871.4549180327868,848.3401639344262,0.0,0.0,0.0,0.0,주거 유출·귀가형,31891.569672131147,0.02732555741194259,0.02660076542659984
중계,17-18시간대,12,812.75,1202.5204918032787,0.0,0.0,812.75,1202.5204918032787,주거 유출·귀가형,31891.569672131147,0.025484791383919618,0.03770653198215315
중계,18-19시간대,13,711.2868852459017,2020.1024590163934,0.0,0.0,711.2868852459017,2020.1024590163934,주거 유출·귀가형,31891.569672131147,0.022303288692229806,0.06334283573322155
중계,19-20시간대,14,369.422131147541,1911.827868852459,0.0,0.0,369.422131147541,1911.827868852459,주거 유출·귀가형,31891.569672131147,0.01158369233454085,0.059947750722446694
중계,20-21시간대,15,272.1024590163934,1055.8237704918033,0.0,0.0,0.0,0.0,주거 유출·귀가형,31891.569672131147,0.008532112461500244,0.033106673059571864
중계,21-22시간대,16,333.6024590163934,853.483606557377,0.0,0.0,0.0,0.0,주거 유출·귀가형,31891.569672131147,0.0104605217756941,0.02676204449426033
중계,22-23시간대,17,234.7704918032787,762.327868852459,0.0,0.0,0.0,0.0,주거 유출·귀가형,31891.569672131147,0.007361522001484796,0.02390374248397779
중계,23-24시간대,18,104.65163934426229,456.5614754098361,0.0,0.0,0.0,0.0,주거 유출·귀가형,31891.569672131147,0.003281482862717587,0.01431605531190922
중계,24시이후,19,19.737704918032787,169.69262295081967,0.0,0.0,0.0,0.0,주거 유출·귀가형,31891.569672131147,0.0006189003903210456,0.005320924140623524
중곡,06시이전,0,245.59016393442624,27.28688524590164,0.0,0.0,0.0,0.0,주거 유출·귀가형,23963.15163934426,0.010248658758691838,0.001138701855940362
중곡,06-07시간대,1,536.8073770491803,165.0122950819672,0.0,0.0,0.0,0.0,주거 유출·귀가형,23963.15163934426,0.022401367947270136,0.006886084834143406
중곡,07-08시간대,2,1320.5860655737704,712.0573770491803,1320.5860655737704,712.0573770491803,0.0,0.0,주거 유출·귀가형,23963.15163934426,0.055109030959247705,0.02971467976190904
중곡,08-09시간대,3,1942.0368852459017,1337.9016393442623,1942.0368852459017,1337.9016393442623,0.0,0.0,주거 유출·귀가형,23963.15163934426,0.0810426322244416,0.0558316226296214
중곡,09-10시간대,4,1088.8360655737704,616.516393442623,1088.8360655737704,616.516393442623,0.0,0.0,주거 유출·귀가형,23963.15163934426,0.04543793245401195,0.025727684017589167
중곡,10-11시간대,5,603.9303278688525,354.01229508196724,0.0,0.0,0.0,0.0,주거 유출·귀가형,23963.15163934426,0.02520245821410571,0.014773194294724021
중곡,11-12시간대,6,525.5532786885246,335.422131147541,0.0,0.0,0.0,0.0,주거 유출·귀가형,23963.15163934426,0.021931726118430812,0.013997413036306255
중곡,12-13시간대,7,537.1475409836065,394.64344262295083,0.0,0.0,0.0,0.0,주거 유출·귀가형,23963.15163934426,0.022415563239256173,0.016468762062791423
중곡,13-14시간대,8,499.594262295082,435.90983606557376,0.0,0.0,0.0,0.0,주거 유출·귀가형,23963.15163934426,0.020848437209520287,0.018190839111073713
중곡,14-15시간대,9,470.4303278688525,440.21311475409834,0.0,0.0,0.0,0.0,주거 유출·귀가형,23963.15163934426,0.019631404706235277,0.018370418106077827
중곡,15-16시간대,10,509.344262295082,573.9016393442623,0.0,0.0,0.0,0.0,주거 유출·귀가형,23963.15163934426,0.02125531190391532,0.023949338884205584
중곡,16-17시간대,11,771.7827868852459,704.8934426229508,0.0,0.0,0.0,0.0,주거 유출·귀가형,23963.15163934426,0.032207065184951825,0.029415723492130764
중곡,17-18시간대,12,892.5040983606557,873.9713114754098,0.0,0.0,892.5040983606557,873.9713114754098,주거 유출·귀가형,23963.15163934426,0.03724485459146719,0.036471467719649486
중곡,18-19시간대,13,1013.2049180327868,1409.5409836065573,0.0,0.0,1013.2049180327868,1409.5409836065573,주거 유출·귀가형,23963.15163934426,0.04228178885991111,0.05882118532740415
중곡,19-20시간대,14,490.7745901639344,1116.2295081967213,0.0,0.0,490.7745901639344,1116.2295081967213,주거 유출·귀가형,23963.15163934426,0.020480385783569,0.046581081027923854
중곡,20-21시간대,15,326.08196721311475,658.8237704918033,0.0,0.0,0.0,0.0,주거 유출·귀가형,23963.15163934426,0.013607641103340187,0.027493202079901025
중곡,21-22시간대,16,260.5532786885246,572.3401639344262,0.0,0.0,0.0,0.0,주거 유출·귀가형,23963.15163934426,0.01087308057846328,0.023884177363161233
중곡,22-23시간대,17,197.64754098360655,505.24590163934425,0.0,0.0,0.0,0.0,주거 유출·귀가형,23963.15163934426,0.008247977726731736,0.021084284289625686
중곡,23-24시간대,18,72.31557377049181,275.79918032786884,0.0,0.0,0.0,0.0,주거 유출·귀가형,23963.15163934426,0.003017782254140536,0.011509303303620705
중곡,24시이후,19,21.274590163934427,127.43442622950819,0.0,0.0,0.0,0.0,주거 유출·귀가형,23963.15163934426,0.0008878043457774737,0.00531793263872178
중화,06시이전,0,311.7295081967213,37.954918032786885,0.0,0.0,0.0,0.0,주거 유출·귀가형,23790.040983606556,0.013103361545763227,0.0015954120490562073
중화,06-07시간대,1,640.110655737705,174.10655737704917,0.0,0.0,0.0,0.0,주거 유출·귀가형,23790.040983606556,0.026906664691279763,0.007318463952921477
중화,07-08시간대,2,1573.0819672131147,392.37295081967216,1573.0819672131147,392.37295081967216,0.0,0.0,주거 유출·귀가형,23790.040983606556,0.06612355011481937,0.01649315993570805
중화,08-09시간대,3,1968.766393442623,941.9959016393443,1968.766393442623,941.9959016393443,0.0,0.0,주거 유출·귀가형,23790.040983606556,0.08275590591875304,0.03959622861887724
중화,09-10시간대,4,999.9180327868852,449.7745901639344,999.9180327868852,449.7745901639344,0.0,0.0,주거 유출·귀가형,23790.040983606556,0.042030950408026506,0.01890600316636146
중화,10-11시간대,5,584.483606557377,357.0450819672131,0.0,0.0,0.0,0.0,주거 유출·귀가형,23790.040983606556,0.024568415286049233,0.015008174311815971
중화,11-12시간대,6,518.9508196721312,365.7254098360656,0.0,0.0,0.0,0.0,주거 유출·귀가형,23790.040983606556,0.02181378418094085,0.01537304664956579
중화,12-13시간대,7,548.0901639344262,419.172131147541,0.0,0.0,0.0,0.0,주거 유출·귀가형,23790.040983606556,0.023038638912480598,0.01761964729007351
중화,13-14시간대,8,504.4590163934426,427.45081967213116,0.0,0.0,0.0,0.0,주거 유출·귀가형,23790.040983606556,0.021204629985339642,0.017967636960637547
중화,14-15시간대,9,456.2827868852459,479.11475409836066,0.0,0.0,0.0,0.0,주거 유출·귀가형,23790.040983606556,0.01917957128361675,0.0201392992314941
중화,15-16시간대,10,509.8032786885246,631.016393442623,0.0,0.0,0.0,0.0,주거 유출·귀가형,23790.040983606556,0.021429272822179,0.026524392870001745
중화,16-17시간대,11,602.2131147540983,795.9754098360655,0.0,0.0,0.0,0.0,주거 유출·귀가형,23790.040983606556,0.02531366445182152,0.03345834546416137
중화,17-18시간대,12,690.3729508196722,955.5696721311475,0.0,0.0,690.3729508196722,955.5696721311475,주거 유출·귀가형,23790.040983606556,0.029019409899100224,0.04016679386091094
중화,18-19시간대,13,766.5204918032787,1574.22131147541,0.0,0.0,766.5204918032787,1574.22131147541,주거 유출·귀가형,23790.040983606556,0.032220225779832794,0.06617144176255046
중화,19-20시간대,14,437.7909836065574,1332.545081967213,0.0,0.0,437.7909836065574,1332.545081967213,주거 유출·귀가형,23790.040983606556,0.018402279504614313,0.05601272746379271
중화,20-21시간대,15,290.4754098360656,763.7622950819672,0.0,0.0,0.0,0.0,주거 유출·귀가형,23790.040983606556,0.012209958361830014,0.03210428664701616
중화,21-22시간대,16,250.88524590163934,655.6188524590164,0.0,0.0,0.0,0.0,주거 유출·귀가형,23790.040983606556,0.010545809739231702,0.027558542371187832
중화,22-23시간대,17,181.11475409836066,610.1680327868852,0.0,0.0,0.0,0.0,주거 유출·귀가형,23790.040983606556,0.007613049268101924,0.025648044625368446
중화,23-24시간대,18,81.09426229508196,358.35655737704917,0.0,0.0,0.0,0.0,주거 유출·귀가형,23790.040983606556,0.0034087483225002887,0.015063301388340968
중화,24시이후,19,18.80327868852459,133.14754098360655,0.0,0.0,0.0,0.0,주거 유출·귀가형,23790.040983606556,0.0007903844596771276,0.005596776444200201
증산(명지대앞),06시이전,0,284.1393442622951,26.487704918032787,0.0,0.0,0.0,0.0,주거 유출·귀가형,20691.409836065573,0.013732237025581219,0.0012801305047790482
증산(명지대앞),06-07시간대,1,597.2213114754098,143.0122950819672,0.0,0.0,0.0,0.0,주거 유출·귀가형,20691.409836065573,0.02886324886545141,0.006911674758512284
증산(명지대앞),07-08시간대,2,1615.3073770491803,184.22540983606558,1615.3073770491803,184.22540983606558,0.0,0.0,주거 유출·귀가형,20691.409836065573,0.07806656916309611,0.008903473049717314
증산(명지대앞),08-09시간대,3,1959.7909836065573,456.9836065573771,1959.7909836065573,456.9836065573771,0.0,0.0,주거 유출·귀가형,20691.409836065573,0.09471519819739878,0.02208566792586771
증산(명지대앞),09-10시간대,4,960.2172131147541,336.11475409836066,960.2172131147541,336.11475409836066,0.0,0.0,주거 유출·귀가형,20691.409836065573,0.046406562951601046,0.016244168800547628
증산(명지대앞),10-11시간대,5,560.6516393442623,254.35655737704917,0.0,0.0,0.0,0.0,주거 유출·귀가형,20691.409836065573,0.027095864602084022,0.012292857731409883
증산(명지대앞),11-12시간대,6,463.0532786885246,312.172131147541,0.0,0.0,0.0,0.0,주거 유출·귀가형,20691.409836065573,0.022379010534188577,0.015087040159217099
증산(명지대앞),12-13시간대,7,477.405737704918,328.02868852459017,0.0,0.0,0.0,0.0,주거 유출·귀가형,20691.409836065573,0.02307265389295946,0.01585337544050909
증산(명지대앞),13-14시간대,8,455.2704918032787,382.3155737704918,0.0,0.0,0.0,0.0,주거 유출·귀가형,20691.409836065573,0.022002874401034402,0.018477019052810385
증산(명지대앞),14-15시간대,9,388.9549180327869,406.7581967213115,0.0,0.0,0.0,0.0,주거 유출·귀가형,20691.409836065573,0.01879789347919783,0.01965831231143676
증산(명지대앞),15-16시간대,10,394.25409836065575,533.1065573770492,0.0,0.0,0.0,0.0,주거 유출·귀가형,20691.409836065573,0.01905399880840707,0.025764631873843268
증산(명지대앞),16-17시간대,11,458.3811475409836,678.5,0.0,0.0,0.0,0.0,주거 유출·귀가형,20691.409836065573,0.02215321001191593,0.03279138567046117
증산(명지대앞),17-18시간대,12,460.844262295082,961.8073770491803,0.0,0.0,460.844262295082,961.8073770491803,주거 유출·귀가형,20691.409836065573,0.022272250462693002,0.04648341435742717
증산(명지대앞),18-19시간대,13,486.70081967213116,1687.0819672131147,0.0,0.0,486.70081967213116,1687.0819672131147,주거 유출·귀가형,20691.409836065573,0.023521878089901884,0.08153538016885126
증산(명지대앞),19-20시간대,14,271.0081967213115,1224.1065573770493,0.0,0.0,271.0081967213115,1224.1065573770493,주거 유출·귀가형,20691.409836065573,0.013097618715614939,0.05916013297670056
증산(명지대앞),20-21시간대,15,197.0204918032787,706.0655737704918,0.0,0.0,0.0,0.0,주거 유출·귀가형,20691.409836065573,0.00952184956773065,0.03412360875186979
증산(명지대앞),21-22시간대,16,149.40983606557376,679.75,0.0,0.0,0.0,0.0,주거 유출·귀가형,20691.409836065573,0.007220863017518951,0.03285179721370078
증산(명지대앞),22-23시간대,17,115.34836065573771,568.139344262295,0.0,0.0,0.0,0.0,주거 유출·귀가형,20691.409836065573,0.005574697981897929,0.02745773964962097
증산(명지대앞),23-24시간대,18,53.48360655737705,327.29918032786884,0.0,0.0,0.0,0.0,주거 유출·귀가형,20691.409836065573,0.0025848217681210864,0.015818118867733183
증산(명지대앞),24시이후,19,16.7827868852459,129.85245901639345,0.0,0.0,0.0,0.0,주거 유출·귀가형,20691.409836065573,0.0008110992444793752,0.006275669954110996
지축,06시이전,0,142.11885245901638,31.14344262295082,0.0,0.0,0.0,0.0,주거 유출·귀가형,17107.745901639344,0.008307280998684805,0.0018204293424750077
지축,06-07시간대,1,530.061475409836,171.54508196721312,0.0,0.0,0.0,0.0,주거 유출·귀가형,17107.745901639344,0.030983712200158588,0.010027333989732386
지축,07-08시간대,2,1439.9098360655737,251.2704918032787,1439.9098360655737,251.2704918032787,0.0,0.0,주거 유출·귀가형,17107.745901639344,0.08416712782293516,0.014687527699321322
지축,08-09시간대,3,1413.8155737704917,515.639344262295,1413.8155737704917,515.639344262295,0.0,0.0,주거 유출·귀가형,17107.745901639344,0.08264183849229449,0.03014069458518694
지축,09-10시간대,4,660.9467213114754,297.2745901639344,660.9467213114754,297.2745901639344,0.0,0.0,주거 유출·귀가형,17107.745901639344,0.03863435458485155,0.01737660775844515
지축,10-11시간대,5,402.87704918032784,222.97131147540983,0.0,0.0,0.0,0.0,주거 유출·귀가형,17107.745901639344,0.023549394028685118,0.013033354175201052
지축,11-12시간대,6,318.9795081967213,224.79508196721312,0.0,0.0,0.0,0.0,주거 유출·귀가형,17107.745901639344,0.018645326510616178,0.013139959130774335
지축,12-13시간대,7,341.9016393442623,266.25409836065575,0.0,0.0,0.0,0.0,주거 유출·귀가형,17107.745901639344,0.0199851950870687,0.015563365266907667
지축,13-14시간대,8,319.6516393442623,328.15983606557376,0.0,0.0,0.0,0.0,주거 유출·귀가형,17107.745901639344,0.018684614629074645,0.019181944713951352
지축,14-15시간대,9,301.1885245901639,322.4344262295082,0.0,0.0,0.0,0.0,주거 유출·귀가형,17107.745901639344,0.01760538917995635,0.01884727702196062
지축,15-16시간대,10,340.2950819672131,402.40983606557376,0.0,0.0,0.0,0.0,주거 유출·귀가형,17107.745901639344,0.01989128690148504,0.023522083995122522
지축,16-17시간대,11,390.42622950819674,553.2868852459017,0.0,0.0,0.0,0.0,주거 유출·귀가형,17107.745901639344,0.022821605590411784,0.03234130834225701
지축,17-18시간대,12,475.98770491803276,775.7786885245902,0.0,0.0,475.98770491803276,775.7786885245902,주거 유출·귀가형,17107.745901639344,0.027822935157835224,0.04534663379880171
지축,18-19시간대,13,447.24590163934425,1331.327868852459,0.0,0.0,447.24590163934425,1331.327868852459,주거 유출·귀가형,17107.745901639344,0.026142888970339867,0.07782018019830918
지축,19-20시간대,14,286.21311475409834,1003.9098360655738,0.0,0.0,286.21311475409834,1003.9098360655738,주거 유출·귀가형,17107.745901639344,0.01673003073576584,0.058681596151680886
지축,20-21시간대,15,223.5737704918033,621.139344262295,0.0,0.0,0.0,0.0,주거 유출·귀가형,17107.745901639344,0.013068569744794924,0.03630749181297897
지축,21-22시간대,16,203.47540983606558,525.9754098360655,0.0,0.0,0.0,0.0,주거 유출·귀가형,17107.745901639344,0.011893759178207551,0.03074486918733485
지축,22-23시간대,17,151.20491803278688,469.5,0.0,0.0,0.0,0.0,주거 유출·귀가형,17107.745901639344,0.008838389282967882,0.02744370899003184
지축,23-24시간대,18,73.35655737704919,249.5655737704918,0.0,0.0,0.0,0.0,주거 유출·귀가형,17107.745901639344,0.004287914831025157,0.014587870032987645
지축,24시이후,19,19.62704918032787,60.50819672131148,0.0,0.0,0.0,0.0,주거 유출·귀가형,17107.745901639344,0.0011472609713268605,0.003536888908053825
창동,06시이전,0,749.9098360655738,93.97950819672131,0.0,0.0,0.0,0.0,주거 유출·귀가형,60672.33606557377,0.012359996082153196,0.0015489680188867235
창동,06-07시간대,1,1707.610655737705,584.061475409836,0.0,0.0,0.0,0.0,주거 유출·귀가형,60672.33606557377,0.02814479821400225,0.009626487346368054
창동,07-08시간대,2,3973.3811475409834,866.9959016393443,3973.3811475409834,866.9959016393443,0.0,0.0,주거 유출·귀가형,60672.33606557377,0.06548917357074584,0.014289805830161342
창동,08-09시간대,3,3354.4303278688526,1952.9795081967213,3354.4303278688526,1952.9795081967213,0.0,0.0,주거 유출·귀가형,60672.33606557377,0.05528764088205593,0.0321889618043711
창동,09-10시간대,4,1923.6147540983607,1387.8237704918033,1923.6147540983607,1387.8237704918033,0.0,0.0,주거 유출·귀가형,60672.33606557377,0.03170497262573417,0.022874078377200836
창동,10-11시간대,5,1455.049180327869,1107.7909836065573,0.0,0.0,0.0,0.0,주거 유출·귀가형,60672.33606557377,0.023982085983227566,0.018258584644066995
창동,11-12시간대,6,1426.7459016393443,1136.3975409836066,0.0,0.0,0.0,0.0,주거 유출·귀가형,60672.33606557377,0.023515592017049388,0.018730077242376242
창동,12-13시간대,7,1458.2459016393443,1342.6065573770493,0.0,0.0,0.0,0.0,주거 유출·귀가형,60672.33606557377,0.024034774267852377,0.022128809346091106
창동,13-14시간대,8,1385.7540983606557,1577.1147540983607,0.0,0.0,0.0,0.0,주거 유출·귀가형,60672.33606557377,0.022839966090360406,0.025993967866901287
창동,14-15시간대,9,1346.0655737704917,1609.454918032787,0.0,0.0,0.0,0.0,주거 유출·귀가형,60672.33606557377,0.022185820772018465,0.026526997679689007
창동,15-16시간대,10,1544.200819672131,1806.52868852459,0.0,0.0,0.0,0.0,주거 유출·귀가형,60672.33606557377,0.02545148118251424,0.029775162877726025
창동,16-17시간대,11,1807.094262295082,2095.55737704918,0.0,0.0,0.0,0.0,주거 유출·귀가형,60672.33606557377,0.02978448465115965,0.034538926847720725
창동,17-18시간대,12,1881.1598360655737,2674.6967213114754,0.0,0.0,1881.1598360655737,2674.6967213114754,주거 유출·귀가형,60672.33606557377,0.03100523167646691,0.04408428774558314
창동,18-19시간대,13,1917.5737704918033,3857.9877049180327,0.0,0.0,1917.5737704918033,3857.9877049180327,주거 유출·귀가형,60672.33606557377,0.03160540527760984,0.06358726159395571
창동,19-20시간대,14,1088.1475409836066,3125.02868852459,0.0,0.0,1088.1475409836066,3125.02868852459,주거 유출·귀가형,60672.33606557377,0.01793482188995579,0.05150664851847974
창동,20-21시간대,15,853.9139344262295,1825.405737704918,0.0,0.0,0.0,0.0,주거 유출·귀가형,60672.33606557377,0.01407418915769671,0.03008629395334385
창동,21-22시간대,16,742.4877049180328,1522.72131147541,0.0,0.0,0.0,0.0,주거 유출·귀가형,60672.33606557377,0.012237664693107629,0.0250974564392852
창동,22-23시간대,17,591.0122950819672,1413.5040983606557,0.0,0.0,0.0,0.0,주거 유출·귀가형,60672.33606557377,0.009741050590885602,0.023297340930353516
창동,23-24시간대,18,259.922131147541,819.6762295081967,0.0,0.0,0.0,0.0,주거 유출·귀가형,60672.33606557377,0.004284030383577467,0.013509884119548366
창동,24시이후,19,58.88934426229508,346.8155737704918,0.0,0.0,0.0,0.0,주거 유출·귀가형,60672.33606557377,0.0009706127715050949,0.005716206038212516
창신,06시이전,0,107.38524590163935,10.89344262295082,0.0,0.0,0.0,0.0,주거 유출·귀가형,7568.577868852459,0.014188299012363998,0.0014392984800726473
창신,06-07시간대,1,222.9672131147541,76.97131147540983,0.0,0.0,0.0,0.0,주거 유출·귀가형,7568.577868852459,0.029459591613947442,0.010169851299565233
창신,07-08시간대,2,688.8196721311475,225.76639344262296,688.8196721311475,225.76639344262296,0.0,0.0,주거 유출·귀가형,7568.577868852459,0.09101044926364558,0.029829433924665884
창신,08-09시간대,3,762.7049180327868,243.86475409836066,762.7049180327868,243.86475409836066,0.0,0.0,주거 유출·귀가형,7568.577868852459,0.1007725534768697,0.032220683769662424
창신,09-10시간대,4,365.08196721311475,161.30737704918033,365.08196721311475,161.30737704918033,0.0,0.0,주거 유출·귀가형,7568.577868852459,0.04823653446383424,0.02131277233904414
창신,10-11시간대,5,186.62295081967213,111.7172131147541,0.0,0.0,0.0,0.0,주거 유출·귀가형,7568.577868852459,0.024657598039348406,0.014760661124266475
창신,11-12시간대,6,160.2827868852459,111.93852459016394,0.0,0.0,0.0,0.0,주거 유출·귀가형,7568.577868852459,0.02117739814039171,0.0147899019511754
창신,12-13시간대,7,160.20901639344262,126.28688524590164,0.0,0.0,0.0,0.0,주거 유출·귀가형,7568.577868852459,0.021167651198088732,0.016685682229104045
창신,13-14시간대,8,155.9139344262295,135.49590163934425,0.0,0.0,0.0,0.0,주거 유출·귀가형,7568.577868852459,0.02060016255733774,0.017902425526592096
창신,14-15시간대,9,137.56967213114754,133.49180327868854,0.0,0.0,0.0,0.0,주거 유출·귀가형,7568.577868852459,0.018176422904664615,0.01763763359402794
창신,15-16시간대,10,165.0983606557377,154.97540983606558,0.0,0.0,0.0,0.0,주거 유출·귀가형,7568.577868852459,0.021813656874058136,0.020476159791372118
창신,16-17시간대,11,235.63934426229508,193.0655737704918,0.0,0.0,0.0,0.0,주거 유출·귀가형,7568.577868852459,0.03113389970288071,0.025508831000474894
창신,17-18시간대,12,198.68852459016392,285.0450819672131,0.0,0.0,198.68852459016392,285.0450819672131,주거 유출·귀가형,7568.577868852459,0.026251764602679434,0.03766164356190094
창신,18-19시간대,13,191.56147540983608,418.5983606557377,0.0,0.0,191.56147540983608,418.5983606557377,주거 유출·귀가형,7568.577868852459,0.025310101676853127,0.05530739960784802
창신,19-20시간대,14,127.45081967213115,323.61475409836066,0.0,0.0,127.45081967213115,323.61475409836066,주거 유출·귀가형,7568.577868852459,0.016839467318773206,0.04275766989597305
창신,20-21시간대,15,111.22950819672131,200.94262295081967,0.0,0.0,0.0,0.0,주거 유출·귀가형,7568.577868852459,0.014696223005707918,0.026549587839714783
창신,21-22시간대,16,74.34016393442623,192.24180327868854,0.0,0.0,0.0,0.0,주거 유출·귀가형,7568.577868852459,0.00982221035742579,0.02539999014475834
창신,22-23시간대,17,46.35245901639344,181.3483606557377,0.0,0.0,0.0,0.0,주거 유출·귀가형,7568.577868852459,0.006124328747035982,0.02396069166468569
창신,23-24시간대,18,23.581967213114755,111.67622950819673,0.0,0.0,0.0,0.0,주거 유출·귀가형,7568.577868852459,0.003115772556184354,0.014755246156320378
창신,24시이후,19,6.233606557377049,41.60245901639344,0.0,0.0,0.0,0.0,주거 유출·귀가형,7568.577868852459,0.0008236166246013907,0.005496733962083311
천왕,06시이전,0,337.9549180327869,33.39344262295082,0.0,0.0,0.0,0.0,주거 유출·귀가형,26190.905737704918,0.012903521604686649,0.0012750014435307213
천왕,06-07시간대,1,879.2377049180328,226.09426229508196,0.0,0.0,0.0,0.0,주거 유출·귀가형,26190.905737704918,0.033570343604126134,0.008632548433389703
천왕,07-08시간대,2,2444.5368852459014,418.74590163934425,2444.5368852459014,418.74590163934425,0.0,0.0,주거 유출·귀가형,26190.905737704918,0.09333533210830126,0.015988217659708873
천왕,08-09시간대,3,2578.6475409836066,799.9918032786885,2578.6475409836066,799.9918032786885,0.0,0.0,주거 유출·귀가형,26190.905737704918,0.09845583680106708,0.030544640620312927
천왕,09-10시간대,4,1270.200819672131,354.6803278688525,1270.200819672131,354.6803278688525,0.0,0.0,주거 유출·귀가형,26190.905737704918,0.04849778134413756,0.013542117688516899
천왕,10-11시간대,5,666.438524590164,277.5983606557377,0.0,0.0,0.0,0.0,주거 유출·귀가형,26190.905737704918,0.025445417247664963,0.010599036300455309
천왕,11-12시간대,6,537.3729508196722,325.4344262295082,0.0,0.0,0.0,0.0,주거 유출·귀가형,26190.905737704918,0.020517539798024627,0.012425474303510119
천왕,12-13시간대,7,527.4098360655738,436.61475409836066,0.0,0.0,0.0,0.0,주거 유출·귀가형,26190.905737704918,0.0201371362009182,0.016670471745839698
천왕,13-14시간대,8,486.9303278688525,452.8483606557377,0.0,0.0,0.0,0.0,주거 유출·귀가형,26190.905737704918,0.018591580327359906,0.017290290194271852
천왕,14-15시간대,9,447.54918032786884,490.5327868852459,0.0,0.0,0.0,0.0,주거 유출·귀가형,26190.905737704918,0.017087961172857366,0.01872912650665096
천왕,15-16시간대,10,490.4590163934426,654.266393442623,0.0,0.0,0.0,0.0,주거 유출·귀가형,26190.905737704918,0.018726309861341245,0.024980670771562085
천왕,16-17시간대,11,607.8524590163935,860.6639344262295,0.0,0.0,0.0,0.0,주거 유출·귀가형,26190.905737704918,0.023208531430866774,0.03286117490725804
천왕,17-18시간대,12,624.9016393442623,1259.1598360655737,0.0,0.0,624.9016393442623,1259.1598360655737,주거 유출·귀가형,26190.905737704918,0.023859489458000767,0.04807622342945031
천왕,18-19시간대,13,619.2950819672132,2003.799180327869,0.0,0.0,619.2950819672132,2003.799180327869,주거 유출·귀가형,26190.905737704918,0.023645424414462473,0.07650744118570753
천왕,19-20시간대,14,278.22131147540983,1568.122950819672,0.0,0.0,278.22131147540983,1568.122950819672,주거 유출·귀가형,26190.905737704918,0.0106228213052929,0.05987280342741919
천왕,20-21시간대,15,201.04508196721312,870.2704918032787,0.0,0.0,0.0,0.0,주거 유출·귀가형,26190.905737704918,0.007676140870446678,0.03322796471870085
천왕,21-22시간대,16,152.2827868852459,701.2090163934427,0.0,0.0,0.0,0.0,주거 유출·귀가형,26190.905737704918,0.005814338320725455,0.026772996070310355
천왕,22-23시간대,17,103.54508196721312,622.077868852459,0.0,0.0,0.0,0.0,주거 유출·귀가형,26190.905737704918,0.003953474652774138,0.023751674534756698
천왕,23-24시간대,18,45.92622950819672,392.4672131147541,0.0,0.0,0.0,0.0,주거 유출·귀가형,26190.905737704918,0.001753518185592202,0.01498486600827061
천왕,24시이후,19,14.87704918032787,128.25,0.0,0.0,0.0,0.0,주거 유출·귀가형,26190.905737704918,0.0005680234707924052,0.004896737870938496
천호(풍납토성),06시이전,0,706.016393442623,158.58196721311475,0.0,0.0,0.0,0.0,주거 유출·귀가형,82983.11475409837,0.008507952437489752,0.0019110148815579704
천호(풍납토성),06-07시간대,1,1229.1598360655737,961.844262295082,0.0,0.0,0.0,0.0,주거 유출·귀가형,82983.11475409837,0.014812167989932772,0.011590843090733449
천호(풍납토성),07-08시간대,2,3505.594262295082,1648.5737704918033,3505.594262295082,1648.5737704918033,0.0,0.0,주거 유출·귀가형,82983.11475409837,0.04224466956540635,0.019866376134192815
천호(풍납토성),08-09시간대,3,4300.393442622951,3278.7377049180327,4300.393442622951,3278.7377049180327,0.0,0.0,주거 유출·귀가형,82983.11475409837,0.05182251178888851,0.039510901882073575
천호(풍납토성),09-10시간대,4,2289.1065573770493,2563.1024590163934,2289.1065573770493,2563.1024590163934,0.0,0.0,주거 유출·귀가형,82983.11475409837,0.027585208920637618,0.03088703607488784
천호(풍납토성),10-11시간대,5,1598.3032786885246,1777.6188524590164,0.0,0.0,0.0,0.0,주거 유출·귀가형,82983.11475409837,0.019260584317963163,0.021421452517498125
천호(풍납토성),11-12시간대,6,1670.0819672131147,1838.2581967213114,0.0,0.0,0.0,0.0,주거 유출·귀가형,82983.11475409837,0.02012556376272479,0.022152195686659538
천호(풍납토성),12-13시간대,7,1849.22131147541,1902.1967213114754,0.0,0.0,0.0,0.0,주거 유출·귀가형,82983.11475409837,0.02228430828313878,0.02292269610448106
천호(풍납토성),13-14시간대,8,1862.7295081967213,2174.4467213114754,0.0,0.0,0.0,0.0,주거 유출·귀가형,82983.11475409837,0.02244709075715581,0.026203484019067674
천호(풍납토성),14-15시간대,9,1925.8155737704917,2045.1311475409836,0.0,0.0,0.0,0.0,주거 유출·귀가형,82983.11475409837,0.023207318494578195,0.024645148035251096
천호(풍납토성),15-16시간대,10,2267.909836065574,2389.72131147541,0.0,0.0,0.0,0.0,주거 유출·귀가형,82983.11475409837,0.02732977477148225,0.028797681535054534
천호(풍납토성),16-17시간대,11,2695.2704918032787,2628.4549180327867,0.0,0.0,0.0,0.0,주거 유출·귀가형,82983.11475409837,0.032479746027732286,0.031674575313563685
천호(풍납토성),17-18시간대,12,3355.004098360656,3622.3893442622953,0.0,0.0,3355.004098360656,3622.3893442622953,주거 유출·귀가형,82983.11475409837,0.04042996106259025,0.04365212555586066
천호(풍납토성),18-19시간대,13,3593.3524590163934,5500.131147540984,0.0,0.0,3593.3524590163934,5500.131147540984,주거 유출·귀가형,82983.11475409837,0.043302212379765184,0.06628012414139159
천호(풍납토성),19-20시간대,14,2334.094262295082,3612.69262295082,0.0,0.0,2334.094262295082,3612.69262295082,주거 유출·귀가형,82983.11475409837,0.02812733975112456,0.043535273816320524
천호(풍납토성),20-21시간대,15,1945.3524590163934,2006.9344262295083,0.0,0.0,0.0,0.0,주거 유출·귀가형,82983.11475409837,0.023442750549687176,0.024184852932751476
천호(풍납토성),21-22시간대,16,1473.2909836065573,1758.8975409836066,0.0,0.0,0.0,0.0,주거 유출·귀가형,82983.11475409837,0.017754105615007596,0.021195848651809474
천호(풍납토성),22-23시간대,17,1131.454918032787,1470.639344262295,0.0,0.0,0.0,0.0,주거 유출·귀가형,82983.11475409837,0.013634760774955205,0.017722151652419905
천호(풍납토성),23-24시간대,18,549.7991803278688,842.1270491803278,0.0,0.0,0.0,0.0,주거 유출·귀가형,82983.11475409837,0.0066254343664620685,0.010148173537180187
천호(풍납토성),24시이후,19,162.99180327868854,357.69262295081967,0.0,0.0,0.0,0.0,주거 유출·귀가형,82983.11475409837,0.001964156247468871,0.004310426573053573
철산,06시이전,0,407.3893442622951,128.00409836065575,0.0,0.0,0.0,0.0,주거 유출·귀가형,48849.12704918033,0.008339746662251376,0.0026203968441807315
철산,06-07시간대,1,1472.4631147540983,424.87295081967216,0.0,0.0,0.0,0.0,주거 유출·귀가형,48849.12704918033,0.030143079389559034,0.008697656979456736
철산,07-08시간대,2,3971.1106557377047,736.6844262295082,3971.1106557377047,736.6844262295082,0.0,0.0,주거 유출·귀가형,48849.12704918033,0.08129338016091198,0.015080810461317536
철산,08-09시간대,3,3785.094262295082,1502.9098360655737,3785.094262295082,1502.9098360655737,0.0,0.0,주거 유출·귀가형,48849.12704918033,0.07748540231812791,0.030766360155268978
철산,09-10시간대,4,1916.3196721311476,979.2991803278688,1916.3196721311476,979.2991803278688,0.0,0.0,주거 유출·귀가형,48849.12704918033,0.039229353478555204,0.020047424375504806
철산,10-11시간대,5,1142.9467213114754,698.0327868852459,0.0,0.0,0.0,0.0,주거 유출·귀가형,48849.12704918033,0.0233974850801485,0.014289565219507
철산,11-12시간대,6,1031.905737704918,677.4098360655738,0.0,0.0,0.0,0.0,주거 유출·귀가형,48849.12704918033,0.021124343464029888,0.013867388774083333
철산,12-13시간대,7,1026.6352459016393,780.094262295082,0.0,0.0,0.0,0.0,주거 유출·귀가형,48849.12704918033,0.02101645019916207,0.015969461675532065
철산,13-14시간대,8,897.0327868852459,908.7581967213115,0.0,0.0,0.0,0.0,주거 유출·귀가형,48849.12704918033,0.018363333002494212,0.0186033661524062
철산,14-15시간대,9,846.610655737705,921.5532786885246,0.0,0.0,0.0,0.0,주거 유출·귀가형,48849.12704918033,0.017331131729034874,0.01886529676898265
철산,15-16시간대,10,944.2991803278688,1144.5040983606557,0.0,0.0,0.0,0.0,주거 유출·귀가형,48849.12704918033,0.0193309325543764,0.023429366449238525
철산,16-17시간대,11,1115.2459016393443,1489.3934426229507,0.0,0.0,0.0,0.0,주거 유출·귀가형,48849.12704918033,0.022830416202044655,0.030489663430903462
철산,17-18시간대,12,1285.766393442623,2412.9303278688526,0.0,0.0,1285.766393442623,2412.9303278688526,주거 유출·귀가형,48849.12704918033,0.026321174422383003,0.04939556699630604
철산,18-19시간대,13,1388.217213114754,4019.8975409836066,0.0,0.0,1388.217213114754,4019.8975409836066,주거 유출·귀가형,48849.12704918033,0.02841846511846823,0.08229210599682679
철산,19-20시간대,14,764.516393442623,2966.0778688524592,0.0,0.0,764.516393442623,2966.0778688524592,주거 유출·귀가형,48849.12704918033,0.01565056408629213,0.06071915811036441
철산,20-21시간대,15,667.9262295081967,1559.6065573770493,0.0,0.0,0.0,0.0,주거 유출·귀가형,48849.12704918033,0.013673248015993036,0.03192700978682523
철산,21-22시간대,16,631.9672131147541,1296.295081967213,0.0,0.0,0.0,0.0,주거 유출·귀가형,48849.12704918033,0.012937123983372356,0.026536709257099497
철산,22-23시간대,17,533.2540983606557,1155.8811475409836,0.0,0.0,0.0,0.0,주거 유출·귀가형,48849.12704918033,0.01091634857310318,0.023662268240275112
철산,23-24시간대,18,236.3360655737705,684.4098360655738,0.0,0.0,0.0,0.0,주거 유출·귀가형,48849.12704918033,0.00483808165775065,0.014010687138309014
철산,24시이후,19,57.92213114754098,239.55327868852459,0.0,0.0,0.0,0.0,주거 유출·귀가형,48849.12704918033,0.0011857352351297113,0.00490394185442346
청구,06시이전,0,110.3360655737705,25.0327868852459,0.0,0.0,0.0,0.0,업무 유입형,16371.188524590165,0.006739649073617435,0.001529075720290294
청구,06-07시간대,1,204.63934426229508,193.50409836065575,0.0,0.0,0.0,0.0,업무 유입형,16371.188524590165,0.012499968707520459,0.011819795372217785
청구,07-08시간대,2,583.9549180327868,452.6967213114754,583.9549180327868,452.6967213114754,0.0,0.0,업무 유입형,16371.188524590165,0.03566967157916872,0.02765203764109779
청구,08-09시간대,3,816.655737704918,1596.9959016393443,816.655737704918,1596.9959016393443,0.0,0.0,업무 유입형,16371.188524590165,0.04988371714602573,0.09754917300235069
청구,09-10시간대,4,450.23770491803276,804.016393442623,450.23770491803276,804.016393442623,0.0,0.0,업무 유입형,16371.188524590165,0.0275018337393011,0.04911166909079075
청구,10-11시간대,5,351.9754098360656,327.52868852459017,0.0,0.0,0.0,0.0,업무 유입형,16371.188524590165,0.021499685823505407,0.02000640869980999
청구,11-12시간대,6,324.58196721311475,263.7049180327869,0.0,0.0,0.0,0.0,업무 유입형,16371.188524590165,0.01982641435749029,0.01610786642867693
청구,12-13시간대,7,319.4139344262295,293.1024590163934,0.0,0.0,0.0,0.0,업무 유입형,16371.188524590165,0.019510735823880916,0.017903554074656342
청구,13-14시간대,8,325.0614754098361,321.2663934426229,0.0,0.0,0.0,0.0,업무 유입형,16371.188524590165,0.019855704118340648,0.01962388942990109
청구,14-15시간대,9,330.2254098360656,315.1475409836066,0.0,0.0,0.0,0.0,업무 유입형,16371.188524590165,0.020171132312113694,0.019250132054263663
청구,15-16시간대,10,372.26229508196724,349.28688524590166,0.0,0.0,0.0,0.0,업무 유입형,16371.188524590165,0.022738868013328094,0.021335462890874363
청구,16-17시간대,11,534.2008196721312,395.40983606557376,0.0,0.0,0.0,0.0,업무 유입형,16371.188524590165,0.03263054596614905,0.02415278740890759
청구,17-18시간대,12,669.2745901639345,509.24590163934425,0.0,0.0,669.2745901639345,509.24590163934425,업무 유입형,16371.188524590165,0.04088124629184117,0.031106226702748978
청구,18-19시간대,13,1174.5245901639344,716.3770491803278,0.0,0.0,1174.5245901639344,716.3770491803278,업무 유입형,16371.188524590165,0.07174339165417053,0.043758402030756746
청구,19-20시간대,14,643.639344262295,453.7049180327869,0.0,0.0,643.639344262295,453.7049180327869,업무 유입형,16371.188524590165,0.03931537061561068,0.027713621240834433
청구,20-21시간대,15,370.7663934426229,298.655737704918,0.0,0.0,0.0,0.0,업무 유입형,16371.188524590165,0.022647493973068436,0.018242764552880535
청구,21-22시간대,16,313.19262295081967,270.44262295081967,0.0,0.0,0.0,0.0,업무 유입형,16371.188524590165,0.019130719952335295,0.016519425119599855
청구,22-23시간대,17,250.30737704918033,255.48360655737704,0.0,0.0,0.0,0.0,업무 유입형,16371.188524590165,0.015289505503721301,0.015605684717003332
청구,23-24시간대,18,131.49590163934425,157.43852459016392,0.0,0.0,0.0,0.0,업무 유입형,16371.188524590165,0.008032153648577943,0.009616804812533013
청구,24시이후,19,30.5,64.90163934426229,0.0,0.0,0.0,0.0,업무 유입형,16371.188524590165,0.0018630290619515992,0.003964381648087278
청담,06시이전,0,91.63934426229508,145.18032786885246,0.0,0.0,0.0,0.0,업무 유입형,43690.44262295082,0.0020974688916096367,0.003322931038299632
청담,06-07시간대,1,252.0204918032787,1278.8401639344263,0.0,0.0,0.0,0.0,업무 유입형,43690.44262295082,0.005768320865462943,0.029270478556851352
청담,07-08시간대,2,481.2909836065574,2576.598360655738,481.2909836065574,2576.598360655738,0.0,0.0,업무 유입형,43690.44262295082,0.011015932883997215,0.05897395874177382
청담,08-09시간대,3,631.5204918032787,5987.676229508197,631.5204918032787,5987.676229508197,0.0,0.0,업무 유입형,43690.44262295082,0.0144544310812621,0.1370477356153595
청담,09-10시간대,4,515.2295081967213,3721.6393442622953,515.2295081967213,3721.6393442622953,0.0,0.0,업무 유입형,43690.44262295082,0.011792728049087526,0.08518200139055809
청담,10-11시간대,5,465.54918032786884,1315.7090163934427,0.0,0.0,0.0,0.0,업무 유입형,43690.44262295082,0.01065562975284012,0.030114343948126857
청담,11-12시간대,6,563.516393442623,762.1311475409836,0.0,0.0,0.0,0.0,업무 유입형,43690.44262295082,0.012897932811204913,0.017443887078878714
청담,12-13시간대,7,674.4344262295082,767.0819672131148,0.0,0.0,0.0,0.0,업무 유입형,43690.44262295082,0.015436658127954608,0.01755720292955244
청담,13-14시간대,8,658.0573770491803,806.2090163934427,0.0,0.0,0.0,0.0,업무 유입형,43690.44262295082,0.015061815297414712,0.018452754607021008
청담,14-15시간대,9,876.0245901639345,696.5040983606557,0.0,0.0,0.0,0.0,업무 유입형,43690.44262295082,0.020050714471447222,0.015941795425866857
청담,15-16시간대,10,1211.2254098360656,645.9754098360655,0.0,0.0,0.0,0.0,업무 유입형,43690.44262295082,0.02772289171544814,0.014785279595604996
청담,16-17시간대,11,1690.8524590163934,677.6065573770492,0.0,0.0,0.0,0.0,업무 유입형,43690.44262295082,0.03870073996751362,0.01550926282035648
청담,17-18시간대,12,2971.1803278688526,768.1598360655738,0.0,0.0,2971.1803278688526,768.1598360655738,업무 유입형,43690.44262295082,0.06800526956227439,0.01758187351624713
청담,18-19시간대,13,4527.668032786885,819.2786885245902,0.0,0.0,4527.668032786885,819.2786885245902,업무 유입형,43690.44262295082,0.10363062859904462,0.018751897196258176
청담,19-20시간대,14,2127.684426229508,585.3237704918033,0.0,0.0,2127.684426229508,585.3237704918033,업무 유입형,43690.44262295082,0.04869908150373886,0.013397066620339746
청담,20-21시간대,15,1161.0409836065573,377.7090163934426,0.0,0.0,0.0,0.0,업무 유입형,43690.44262295082,0.026574255464206636,0.008645117643990865
청담,21-22시간대,16,1039.27868852459,321.7827868852459,0.0,0.0,0.0,0.0,업무 유입형,43690.44262295082,0.023787323408315655,0.007365061271231245
청담,22-23시간대,17,771.1762295081967,254.34426229508196,0.0,0.0,0.0,0.0,업무 유입형,43690.44262295082,0.01765091363718741,0.0058215080238503605
청담,23-24시간대,18,217.0983606557377,134.7295081967213,0.0,0.0,0.0,0.0,업무 유입형,43690.44262295082,0.004969012617457321,0.0030837295323244717
청담,24시이후,19,37.709016393442624,83.76639344262296,0.0,0.0,0.0,0.0,업무 유입형,43690.44262295082,0.0008630953162656649,0.0019172704237750164
청량리(서울시립대입구),06시이전,0,446.49590163934425,115.72950819672131,0.0,0.0,0.0,0.0,주거 유출·귀가형,48576.020491803276,0.009191693702342003,0.0023824411103468123
청량리(서울시립대입구),06-07시간대,1,752.4549180327868,388.0532786885246,0.0,0.0,0.0,0.0,주거 유출·귀가형,48576.020491803276,0.015490254459188484,0.00798857697192393
청량리(서울시립대입구),07-08시간대,2,2187.434426229508,674.4918032786885,2187.434426229508,674.4918032786885,0.0,0.0,주거 유출·귀가형,48576.020491803276,0.045031157432886375,0.013885283241604823
청량리(서울시립대입구),08-09시간대,3,2521.5122950819673,1606.627049180328,2521.5122950819673,1606.627049180328,0.0,0.0,주거 유출·귀가형,48576.020491803276,0.05190858101493612,0.033074488871549915
청량리(서울시립대입구),09-10시간대,4,1356.2540983606557,1429.2909836065573,1356.2540983606557,1429.2909836065573,0.0,0.0,주거 유출·귀가형,48576.020491803276,0.027920238929195738,0.029423797362069543
청량리(서울시립대입구),10-11시간대,5,1126.3196721311476,1363.9467213114754,0.0,0.0,0.0,0.0,주거 유출·귀가형,48576.020491803276,0.02318674236233911,0.02807860148901304
청량리(서울시립대입구),11-12시간대,6,1290.8524590163934,1606.4098360655737,0.0,0.0,0.0,0.0,주거 유출·귀가형,48576.020491803276,0.026573861875618485,0.03307001725957851
청량리(서울시립대입구),12-13시간대,7,1479.7540983606557,1577.9139344262296,0.0,0.0,0.0,0.0,주거 유출·귀가형,48576.020491803276,0.03046264563006658,0.03248339239095321
청량리(서울시립대입구),13-14시간대,8,1545.2090163934427,1645.7909836065573,0.0,0.0,0.0,0.0,주거 유출·귀가형,48576.020491803276,0.03181011949412738,0.03388072894699697
청량리(서울시립대입구),14-15시간대,9,1627.139344262295,1673.3196721311476,0.0,0.0,0.0,0.0,주거 유출·귀가형,48576.020491803276,0.033496760907716985,0.03444744248684397
청량리(서울시립대입구),15-16시간대,10,1803.52868852459,1654.2377049180327,0.0,0.0,0.0,0.0,주거 유출·귀가형,48576.020491803276,0.03712796293860502,0.034054615593658376
청량리(서울시립대입구),16-17시간대,11,1908.1516393442623,1654.3155737704917,0.0,0.0,0.0,0.0,주거 유출·귀가형,48576.020491803276,0.03928176124815008,0.03405621862436511
청량리(서울시립대입구),17-18시간대,12,1886.2540983606557,1864.5040983606557,0.0,0.0,1886.2540983606557,1864.5040983606557,주거 유출·귀가형,48576.020491803276,0.03883097213941069,0.03838322035201036
청량리(서울시립대입구),18-19시간대,13,1697.6926229508197,2433.4836065573772,0.0,0.0,1697.6926229508197,2433.4836065573772,주거 유출·귀가형,48576.020491803276,0.03494919109804988,0.05009639698599855
청량리(서울시립대입구),19-20시간대,14,919.1270491803278,1503.5655737704917,0.0,0.0,919.1270491803278,1503.5655737704917,주거 유출·귀가형,48576.020491803276,0.01892141513188429,0.030952835546176605
청량리(서울시립대입구),20-21시간대,15,715.1639344262295,881.6803278688525,0.0,0.0,0.0,0.0,주거 유출·귀가형,48576.020491803276,0.014722571490740095,0.018150526102022443
청량리(서울시립대입구),21-22시간대,16,579.8524590163935,822.6844262295082,0.0,0.0,0.0,0.0,주거 유출·귀가형,48576.020491803276,0.011937010342669752,0.01693601941658288
청량리(서울시립대입구),22-23시간대,17,359.24590163934425,730.0122950819672,0.0,0.0,0.0,0.0,주거 유출·귀가형,48576.020491803276,0.007395539980471711,0.015028244135501993
청량리(서울시립대입구),23-24시간대,18,154.70081967213116,416.9344262295082,0.0,0.0,0.0,0.0,주거 유출·귀가형,48576.020491803276,0.0031847157940456524,0.00858313262404568
청량리(서울시립대입구),24시이후,19,17.602459016393443,158.2827868852459,0.0,0.0,0.0,0.0,주거 유출·귀가형,48576.020491803276,0.0003623693097577576,0.0032584552065551475
총신대입구(이수),06시이전,0,240.14754098360655,45.454918032786885,0.0,0.0,0.0,0.0,주거 유출·귀가형,44865.13114754098,0.0053526543852924595,0.001013145774238492
총신대입구(이수),06-07시간대,1,733.2950819672132,479.0327868852459,0.0,0.0,0.0,0.0,주거 유출·귀가형,44865.13114754098,0.016344431927675405,0.010677173444783328
총신대입구(이수),07-08시간대,2,2148.6147540983607,847.4426229508197,2148.6147540983607,847.4426229508197,0.0,0.0,주거 유출·귀가형,44865.13114754098,0.047890526543487535,0.018888669246590786
총신대입구(이수),08-09시간대,3,2615.8811475409834,1825.217213114754,2615.8811475409834,1825.217213114754,0.0,0.0,주거 유출·귀가형,44865.13114754098,0.058305438558477446,0.04068231088219593
총신대입구(이수),09-10시간대,4,1460.077868852459,1218.7745901639344,1460.077868852459,1218.7745901639344,0.0,0.0,주거 유출·귀가형,44865.13114754098,0.032543711151783505,0.027165296500659717
총신대입구(이수),10-11시간대,5,1016.077868852459,913.0696721311475,0.0,0.0,0.0,0.0,주거 유출·귀가형,44865.13114754098,0.02264738434645475,0.020351432142892378
총신대입구(이수),11-12시간대,6,966.1311475409836,904.9303278688525,0.0,0.0,0.0,0.0,주거 유출·귀가형,44865.13114754098,0.021534120659623582,0.020170014100548347
총신대입구(이수),12-13시간대,7,1058.204918032787,977.0819672131148,0.0,0.0,0.0,0.0,주거 유출·귀가형,44865.13114754098,0.023586355170852683,0.02177820374579843
총신대입구(이수),13-14시간대,8,1038.97131147541,1070.422131147541,0.0,0.0,0.0,0.0,주거 유출·귀가형,44865.13114754098,0.023157656846219985,0.023858664931289516
총신대입구(이수),14-15시간대,9,980.1967213114754,1154.704918032787,0.0,0.0,0.0,0.0,주거 유출·귀가형,44865.13114754098,0.02184762857569846,0.025737246019308144
총신대입구(이수),15-16시간대,10,1108.0245901639344,1407.2868852459017,0.0,0.0,0.0,0.0,주거 유출·귀가형,44865.13114754098,0.02469678705541161,0.031367051633438364
총신대입구(이수),16-17시간대,11,1213.8483606557377,1628.200819672131,0.0,0.0,0.0,0.0,주거 유출·귀가형,44865.13114754098,0.027055495651265193,0.03629100769409812
총신대입구(이수),17-18시간대,12,1539.1147540983607,2149.4221311475408,0.0,0.0,1539.1147540983607,2149.4221311475408,주거 유출·귀가형,44865.13114754098,0.03430536621049682,0.0479085221901853
총신대입구(이수),18-19시간대,13,1777.889344262295,3256.504098360656,0.0,0.0,1777.889344262295,3256.504098360656,주거 유출·귀가형,44865.13114754098,0.039627418861557025,0.07258429909970612
총신대입구(이수),19-20시간대,14,1009.1475409836065,1955.2254098360656,0.0,0.0,1009.1475409836065,1955.2254098360656,주거 유출·귀가형,44865.13114754098,0.022492914099927177,0.0435800667428391
총신대입구(이수),20-21시간대,15,919.483606557377,1081.8237704918033,0.0,0.0,0.0,0.0,주거 유출·귀가형,44865.13114754098,0.020494392483410204,0.02411279634810779
총신대입구(이수),21-22시간대,16,760.389344262295,932.2991803278688,0.0,0.0,0.0,0.0,주거 유출·귀가형,44865.13114754098,0.016948336599345287,0.02078003911906468
총신대입구(이수),22-23시간대,17,623.1024590163935,816.905737704918,0.0,0.0,0.0,0.0,주거 유출·귀가형,44865.13114754098,0.013888345873040988,0.018208031868189287
총신대입구(이수),23-24시간대,18,281.9836065573771,472.7254098360656,0.0,0.0,0.0,0.0,주거 유출·귀가형,44865.13114754098,0.0062851394690023625,0.010536588164235763
총신대입구(이수),24시이후,19,60.34016393442623,177.6844262295082,0.0,0.0,0.0,0.0,주거 유출·귀가형,44865.13114754098,0.0013449233823923286,0.003960412500415636
충무로,06시이전,0,117.99590163934427,120.04918032786885,0.0,0.0,0.0,0.0,업무 유입형,72879.98770491804,0.0016190439290014007,0.0016472173515441988
충무로,06-07시간대,1,207.56967213114754,983.7827868852459,0.0,0.0,0.0,0.0,업무 유입형,72879.98770491804,0.0028481024581339283,0.013498668398085624
충무로,07-08시간대,2,485.51229508196724,2799.2868852459014,485.51229508196724,2799.2868852459014,0.0,0.0,업무 유입형,72879.98770491804,0.006661805392280606,0.03840954112917615
충무로,08-09시간대,3,834.405737704918,8429.790983606557,834.405737704918,8429.790983606557,0.0,0.0,업무 유입형,72879.98770491804,0.011449037849502974,0.11566674541353832
충무로,09-10시간대,4,1018.8770491803278,4659.959016393443,1018.8770491803278,4659.959016393443,0.0,0.0,업무 유입형,72879.98770491804,0.013980203362624507,0.0639401729218319
충무로,10-11시간대,5,1114.594262295082,2399.1188524590166,0.0,0.0,0.0,0.0,업무 유입형,72879.98770491804,0.015293557221880099,0.032918760389652496
충무로,11-12시간대,6,1229.8401639344263,1886.5245901639344,0.0,0.0,0.0,0.0,업무 유입형,72879.98770491804,0.016874867884362103,0.02588535823856388
충무로,12-13시간대,7,1213.405737704918,1682.872950819672,0.0,0.0,0.0,0.0,업무 유입형,72879.98770491804,0.01664936803526705,0.023091015844204234
충무로,13-14시간대,8,1491.1434426229507,1659.1434426229507,0.0,0.0,0.0,0.0,업무 유입형,72879.98770491804,0.02046025925059708,0.022765418805236564
충무로,14-15시간대,9,1748.639344262295,1372.8852459016393,0.0,0.0,0.0,0.0,업무 유입형,72879.98770491804,0.02399340888121877,0.018837616321510372
충무로,15-16시간대,10,1991.9467213114754,1310.9303278688524,0.0,0.0,0.0,0.0,업무 유입형,72879.98770491804,0.02733187510097585,0.017987521254485463
충무로,16-17시간대,11,2601.6967213114754,1421.2131147540983,0.0,0.0,0.0,0.0,업무 유입형,72879.98770491804,0.03569836937741291,0.01950073208722829
충무로,17-18시간대,12,4593.319672131148,1724.8647540983607,0.0,0.0,4593.319672131148,1724.8647540983607,업무 유입형,72879.98770491804,0.06302580196265846,0.02366719326411144
충무로,18-19시간대,13,7090.811475409836,2058.7090163934427,0.0,0.0,7090.811475409836,2058.7090163934427,업무 유입형,72879.98770491804,0.09729435608743028,0.02824793309143929
충무로,19-20시간대,14,2977.6721311475408,1224.4344262295083,0.0,0.0,2977.6721311475408,1224.4344262295083,업무 유입형,72879.98770491804,0.04085719859344328,0.01680069474197897
충무로,20-21시간대,15,2298.1106557377047,829.8729508196722,0.0,0.0,0.0,0.0,업무 유입형,72879.98770491804,0.031532807950551085,0.011386842629278754
충무로,21-22시간대,16,2190.4508196721313,815.0122950819672,0.0,0.0,0.0,0.0,업무 유입형,72879.98770491804,0.03005558711866134,0.011182936780695547
충무로,22-23시간대,17,1689.8032786885246,765.3565573770492,0.0,0.0,0.0,0.0,업무 유입형,72879.98770491804,0.02318610817458322,0.010501601077045763
충무로,23-24시간대,18,927.639344262295,493.7295081967213,0.0,0.0,0.0,0.0,업무 유입형,72879.98770491804,0.012728313676700808,0.006774555316828131
충무로,24시이후,19,208.99180327868854,210.02459016393442,0.0,0.0,0.0,0.0,업무 유입형,72879.98770491804,0.0028676157867214554,0.0028817868495573536
충정로(경기대입구),06시이전,0,160.41803278688525,45.14344262295082,0.0,0.0,0.0,0.0,업무 유입형,35591.59426229508,0.004507188736887474,0.0012683737145985266
충정로(경기대입구),06-07시간대,1,364.61475409836066,401.3483606557377,0.0,0.0,0.0,0.0,업무 유입형,35591.59426229508,0.010244406345253974,0.011276492918467463
충정로(경기대입구),07-08시간대,2,984.7704918032787,1951.9877049180327,984.7704918032787,1951.9877049180327,0.0,0.0,업무 유입형,35591.59426229508,0.027668625477856774,0.054844064880395754
충정로(경기대입구),08-09시간대,3,1398.110655737705,4695.393442622951,1398.110655737705,4695.393442622951,0.0,0.0,업무 유입형,35591.59426229508,0.039282046357188086,0.1319242236810151
충정로(경기대입구),09-10시간대,4,804.2418032786885,1835.9467213114754,804.2418032786885,1835.9467213114754,0.0,0.0,업무 유입형,35591.59426229508,0.02259639726593208,0.05158371686812679
충정로(경기대입구),10-11시간대,5,579.5860655737705,631.6475409836065,0.0,0.0,0.0,0.0,업무 유입형,35591.59426229508,0.01628435245981017,0.017747098832624066
충정로(경기대입구),11-12시간대,6,622.2377049180328,547.577868852459,0.0,0.0,0.0,0.0,업무 유입형,35591.59426229508,0.017482715169553874,0.015385033466526966
충정로(경기대입구),12-13시간대,7,610.9426229508197,533.2909836065573,0.0,0.0,0.0,0.0,업무 유입형,35591.59426229508,0.017165362654126406,0.014983621685402094
충정로(경기대입구),13-14시간대,8,632.9795081967213,659.561475409836,0.0,0.0,0.0,0.0,업무 유입형,35591.59426229508,0.01778452247831127,0.018531383296548767
충정로(경기대입구),14-15시간대,9,671.5409836065573,577.1926229508197,0.0,0.0,0.0,0.0,업무 유입형,35591.59426229508,0.018867965808375502,0.016217105047252246
충정로(경기대입구),15-16시간대,10,761.8524590163935,582.6229508196722,0.0,0.0,0.0,0.0,업무 유입형,35591.59426229508,0.021405404135646785,0.01636967837197699
충정로(경기대입구),16-17시간대,11,1006.0696721311475,667.561475409836,0.0,0.0,0.0,0.0,업무 유입형,35591.59426229508,0.02826705835981488,0.01875615547003005
충정로(경기대입구),17-18시간대,12,2316.7622950819673,921.483606557377,0.0,0.0,2316.7622950819673,921.483606557377,업무 유입형,35591.59426229508,0.0650929620631322,0.025890484134159047
충정로(경기대입구),18-19시간대,13,3533.9836065573772,1313.0573770491803,0.0,0.0,3533.9836065573772,1313.0573770491803,업무 유입형,35591.59426229508,0.09929264703664029,0.03689234506812197
충정로(경기대입구),19-20시간대,14,1010.1065573770492,829.8975409836065,0.0,0.0,1010.1065573770492,829.8975409836065,업무 유입형,35591.59426229508,0.028380480793666858,0.023317234256707092
충정로(경기대입구),20-21시간대,15,695.8524590163935,563.6967213114754,0.0,0.0,0.0,0.0,업무 유입형,35591.59426229508,0.019551033704426204,0.01583791715418162
충정로(경기대입구),21-22시간대,16,600.8934426229508,555.094262295082,0.0,0.0,0.0,0.0,업무 유입형,35591.59426229508,0.01688301564112635,0.01559621797788182
충정로(경기대입구),22-23시간대,17,372.5081967213115,512.094262295082,0.0,0.0,0.0,0.0,업무 유입형,35591.59426229508,0.01046618462708028,0.014388067545419927
충정로(경기대입구),23-24시간대,18,166.327868852459,301.12295081967216,0.0,0.0,0.0,0.0,업무 유입형,35591.59426229508,0.00467323457405961,0.008460507517604372
충정로(경기대입구),24시이후,19,46.49590163934426,125.57786885245902,0.0,0.0,0.0,0.0,업무 유입형,35591.59426229508,0.0013063731086809154,0.0035283013153893285
태릉입구,06시이전,0,483.4836065573771,86.1188524590164,0.0,0.0,0.0,0.0,주거 유출·귀가형,32672.864754098362,0.014797710889331512,0.0026357912936977456
태릉입구,06-07시간대,1,636.983606557377,308.20081967213116,0.0,0.0,0.0,0.0,주거 유출·귀가형,32672.864754098362,0.019495799078269566,0.00943292919037568
태릉입구,07-08시간대,2,1685.1516393442623,479.5655737704918,1685.1516393442623,479.5655737704918,0.0,0.0,주거 유출·귀가형,32672.864754098362,0.051576488686468275,0.014677793862882406
태릉입구,08-09시간대,3,2019.0901639344263,1287.704918032787,2019.0901639344263,1287.704918032787,0.0,0.0,주거 유출·귀가형,32672.864754098362,0.06179715733929206,0.039412060366431814
태릉입구,09-10시간대,4,1076.1639344262296,805.0860655737705,1076.1639344262296,805.0860655737705,0.0,0.0,주거 유출·귀가형,32672.864754098362,0.03293754442794122,0.024640816519548796
태릉입구,10-11시간대,5,750.1516393442623,593.0696721311475,0.0,0.0,0.0,0.0,주거 유출·귀가형,32672.864754098362,0.022959469424858624,0.018151749979522534
태릉입구,11-12시간대,6,685.3073770491803,773.1434426229508,0.0,0.0,0.0,0.0,주거 유출·귀가형,32672.864754098362,0.020974817549881907,0.02366316661981624
태릉입구,12-13시간대,7,756.0532786885246,644.0,0.0,0.0,0.0,0.0,주거 유출·귀가형,32672.864754098362,0.023140097581853092,0.019710545887140767
태릉입구,13-14시간대,8,764.5696721311475,711.0696721311475,0.0,0.0,0.0,0.0,주거 유출·귀가형,32672.864754098362,0.023400754047293717,0.021763309629650812
태릉입구,14-15시간대,9,781.6024590163935,754.922131147541,0.0,0.0,0.0,0.0,주거 유출·귀가형,32672.864754098362,0.023922066978174977,0.02310547718509582
태릉입구,15-16시간대,10,896.9344262295082,788.1967213114754,0.0,0.0,0.0,0.0,주거 유출·귀가형,32672.864754098362,0.027451967648995334,0.024123893856372265
태릉입구,16-17시간대,11,1008.5696721311475,1005.4303278688525,0.0,0.0,0.0,0.0,주거 유출·귀가형,32672.864754098362,0.030868724849253886,0.03077264070463044
태릉입구,17-18시간대,12,1152.2909836065573,1284.672131147541,0.0,0.0,1152.2909836065573,1284.672131147541,주거 유출·귀가형,32672.864754098362,0.03526752221694972,0.039319237563531874
태릉입구,18-19시간대,13,1244.1680327868853,1994.467213114754,0.0,0.0,1244.1680327868853,1994.467213114754,주거 유출·귀가형,32672.864754098362,0.038079551399937205,0.06104353652872069
태릉입구,19-20시간대,14,702.8688524590164,1582.516393442623,0.0,0.0,702.8688524590164,1582.516393442623,주거 유출·귀가형,32672.864754098362,0.021512311753160582,0.048435189425626295
태릉입구,20-21시간대,15,521.0081967213115,913.0081967213115,0.0,0.0,0.0,0.0,주거 유출·귀가형,32672.864754098362,0.015946204920888003,0.02794392850436499
태릉입구,21-22시간대,16,474.32377049180326,826.2254098360655,0.0,0.0,0.0,0.0,주거 유출·귀가형,32672.864754098362,0.01451736093732968,0.025287816543005368
태릉입구,22-23시간대,17,356.4467213114754,758.2827868852459,0.0,0.0,0.0,0.0,주거 유출·귀가형,32672.864754098362,0.010909564373805455,0.023208334885606554
태릉입구,23-24시간대,18,187.72540983606558,520.3647540983607,0.0,0.0,0.0,0.0,주거 유출·귀가형,32672.864754098362,0.005745606063285834,0.0159265114343268
태릉입구,24시이후,19,51.81147540983606,322.11475409836066,0.0,0.0,0.0,0.0,주거 유출·귀가형,32672.864754098362,0.0015857646949472659,0.009858785157734164
하계,06시이전,0,349.9139344262295,69.41803278688525,0.0,0.0,0.0,0.0,주거 유출·귀가형,39239.91393442623,0.008917296174781887,0.0017690668971111821
하계,06-07시간대,1,1155.9344262295083,257.0532786885246,0.0,0.0,0.0,0.0,주거 유출·귀가형,39239.91393442623,0.029458128480128392,0.006550811480322969
하계,07-08시간대,2,3068.5245901639346,701.9467213114754,3068.5245901639346,701.9467213114754,0.0,0.0,주거 유출·귀가형,39239.91393442623,0.07819906525003449,0.017888589727400973
하계,08-09시간대,3,3071.995901639344,1150.1434426229507,3071.995901639344,1150.1434426229507,0.0,0.0,주거 유출·귀가형,39239.91393442623,0.07828752903925713,0.02931054957319616
하계,09-10시간대,4,1525.4754098360656,852.1352459016393,1525.4754098360656,852.1352459016393,0.0,0.0,주거 유출·귀가형,39239.91393442623,0.03887560539468271,0.021716032489919358
하계,10-11시간대,5,1017.8237704918033,613.7581967213115,0.0,0.0,0.0,0.0,주거 유출·귀가형,39239.91393442623,0.02593848121564913,0.015641170817728145
하계,11-12시간대,6,979.5327868852459,601.389344262295,0.0,0.0,0.0,0.0,주거 유출·귀가형,39239.91393442623,0.024962663998757538,0.015325959819057605
하계,12-13시간대,7,963.5327868852459,776.889344262295,0.0,0.0,0.0,0.0,주거 유출·귀가형,39239.91393442623,0.02455491590770062,0.01979844669283816
하계,13-14시간대,8,890.2704918032787,932.9180327868852,0.0,0.0,0.0,0.0,주거 유출·귀가형,39239.91393442623,0.02268788084731808,0.023774721686339154
하계,14-15시간대,9,875.1434426229508,802.5696721311475,0.0,0.0,0.0,0.0,주거 유출·귀가형,39239.91393442623,0.022302379258155407,0.02045289073447818
하계,15-16시간대,10,1081.8565573770493,939.6680327868852,0.0,0.0,0.0,0.0,주거 유출·귀가형,39239.91393442623,0.027570309129243718,0.02394674041225379
하계,16-17시간대,11,1208.7254098360656,1119.1311475409836,0.0,0.0,0.0,0.0,주거 유출·귀가형,39239.91393442623,0.030803467404540315,0.028520224315760793
하계,17-18시간대,12,1202.4631147540983,1492.0737704918033,0.0,0.0,1202.4631147540983,1492.0737704918033,주거 유출·귀가형,39239.91393442623,0.03064387747545861,0.038024389477133054
하계,18-19시간대,13,979.8032786885246,2517.840163934426,0.0,0.0,979.8032786885246,2517.840163934426,주거 유출·귀가형,39239.91393442623,0.02496955728103463,0.06416528252691853
하계,19-20시간대,14,523.8852459016393,2202.7950819672133,0.0,0.0,523.8852459016393,2202.7950819672133,주거 유출·귀가형,39239.91393442623,0.013350825559329801,0.05613659310385597
하계,20-21시간대,15,479.3032786885246,1214.4631147540983,0.0,0.0,0.0,0.0,주거 유출·귀가형,39239.91393442623,0.012214687307660453,0.030949688543751297
하계,21-22시간대,16,402.1516393442623,994.0081967213115,0.0,0.0,0.0,0.0,주거 유출·귀가형,39239.91393442623,0.010248535203627037,0.025331559044252678
하계,22-23시간대,17,298.07377049180326,957.7991803278688,0.0,0.0,0.0,0.0,주거 유출·귀가형,39239.91393442623,0.007596188182010643,0.024408799212160503
하계,23-24시간대,18,109.90983606557377,608.0450819672132,0.0,0.0,0.0,0.0,주거 유출·귀가형,39239.91393442623,0.0028009703652572726,0.01549557634054235
하계,24시이후,19,26.34426229508197,225.20491803278688,0.0,0.0,0.0,0.0,주거 유출·귀가형,39239.91393442623,0.0006713639163201487,0.00573917971403114
하남검단산,06시이전,0,183.0,1.6065573770491803,0.0,0.0,0.0,0.0,주거 유출·귀가형,13770.508196721312,0.013289269893726316,0.00011666652777794312
하남검단산,06-07시간대,1,452.63524590163934,113.78688524590164,0.0,0.0,0.0,0.0,주거 유출·귀가형,13770.508196721312,0.03286990134535554,0.008263085401088808
하남검단산,07-08시간대,2,1115.1024590163934,177.63114754098362,1115.1024590163934,177.63114754098362,0.0,0.0,주거 유출·귀가형,13770.508196721312,0.08097758216954502,0.012899389405488803
하남검단산,08-09시간대,3,845.8565573770492,451.3606557377049,845.8565573770492,451.3606557377049,0.0,0.0,주거 유출·귀가형,13770.508196721312,0.061425224493780364,0.032777341931735794
하남검단산,09-10시간대,4,474.08196721311475,289.7745901639344,474.08196721311475,289.7745901639344,0.0,0.0,주거 유출·귀가형,13770.508196721312,0.03442733996745242,0.02104312971055987
하남검단산,10-11시간대,5,359.61475409836066,264.8483606557377,0.0,0.0,0.0,0.0,주거 유출·귀가형,13770.508196721312,0.026114849863273972,0.019233012817841882
하남검단산,11-12시간대,6,298.59016393442624,277.46311475409834,0.0,0.0,0.0,0.0,주거 유출·귀가형,13770.508196721312,0.021683307519872002,0.020149083155853384
하남검단산,12-13시간대,7,315.344262295082,342.8893442622951,0.0,0.0,0.0,0.0,주거 유출·귀가형,13770.508196721312,0.022899972738127695,0.024900267975871457
하남검단산,13-14시간대,8,329.655737704918,306.95081967213116,0.0,0.0,0.0,0.0,주거 유출·귀가형,13770.508196721312,0.02393925721516998,0.022290449654226604
하남검단산,14-15시간대,9,317.4918032786885,295.66803278688525,0.0,0.0,0.0,0.0,주거 유출·귀가형,13770.508196721312,0.023055924933422695,0.0214711053915412
하남검단산,15-16시간대,10,363.60655737704917,436.37295081967216,0.0,0.0,0.0,0.0,주거 유출·귀가형,13770.508196721312,0.02640473047055896,0.03168895037029718
하남검단산,16-17시간대,11,404.7049180327869,407.45081967213116,0.0,0.0,0.0,0.0,주거 유출·귀가형,13770.508196721312,0.02938925072708247,0.02958865525160089
하남검단산,17-18시간대,12,424.91803278688525,547.0409836065573,0.0,0.0,424.91803278688525,547.0409836065573,주거 유출·귀가형,13770.508196721312,0.03085710612249271,0.03972554794577625
하남검단산,18-19시간대,13,399.8688524590164,714.6803278688525,0.0,0.0,399.8688524590164,714.6803278688525,주거 유출·귀가형,13770.508196721312,0.029038060668975393,0.05189934297697265
하남검단산,19-20시간대,14,241.86475409836066,671.811475409836,0.0,0.0,241.86475409836066,671.811475409836,주거 유출·귀가형,13770.508196721312,0.01756396718575335,0.04878625144493875
하남검단산,20-21시간대,15,212.80737704918033,392.3893442622951,0.0,0.0,0.0,0.0,주거 유출·귀가형,13770.508196721312,0.015453850650177797,0.028494906553682673
하남검단산,21-22시간대,16,156.48360655737704,364.7418032786885,0.0,0.0,0.0,0.0,주거 유출·귀가형,13770.508196721312,0.011363676948003632,0.02648717084860613
하남검단산,22-23시간대,17,135.66803278688525,311.22131147540983,0.0,0.0,0.0,0.0,주거 유출·귀가형,13770.508196721312,0.009852071604676662,0.022600568332656747
하남검단산,23-24시간대,18,46.23770491803279,216.86065573770492,0.0,0.0,0.0,0.0,주거 유출·귀가형,13770.508196721312,0.003357734097935598,0.015748195537862456
하남검단산,24시이후,19,6.295081967213115,102.1311475409836,0.0,0.0,0.0,0.0,주거 유출·귀가형,13770.508196721312,0.0004571423129258179,0.007416657837312098
하남시청(덕풍·신장),06시이전,0,237.20901639344262,8.204918032786885,0.0,0.0,0.0,0.0,주거 유출·귀가형,18560.110655737706,0.01278058201232283,0.00044207268938078245
하남시청(덕풍·신장),06-07시간대,1,622.6270491803278,133.31967213114754,0.0,0.0,0.0,0.0,주거 유출·귀가형,18560.110655737706,0.03354651600570322,0.007183129163614812
하남시청(덕풍·신장),07-08시간대,2,1392.2540983606557,265.87704918032784,1392.2540983606557,265.87704918032784,0.0,0.0,주거 유출·귀가형,18560.110655737706,0.07501324341136144,0.014325186638805634
하남시청(덕풍·신장),08-09시간대,3,1187.6516393442623,677.344262295082,1187.6516393442623,677.344262295082,0.0,0.0,주거 유출·귀가형,18560.110655737706,0.06398946974904536,0.0364946241355348
하남시청(덕풍·신장),09-10시간대,4,691.5286885245902,324.3688524590164,691.5286885245902,324.3688524590164,0.0,0.0,주거 유출·귀가형,18560.110655737706,0.03725886668196182,0.01747666587099471
하남시청(덕풍·신장),10-11시간대,5,499.66803278688525,352.39344262295083,0.0,0.0,0.0,0.0,주거 유출·귀가형,18560.110655737706,0.026921608499808,0.0189866024593992
하남시청(덕풍·신장),11-12시간대,6,463.8483606557377,327.172131147541,0.0,0.0,0.0,0.0,주거 유출·귀가형,18560.110655737706,0.024991680774938848,0.01762770369294099
하남시청(덕풍·신장),12-13시간대,7,487.2663934426229,314.22131147540983,0.0,0.0,0.0,0.0,주거 유출·귀가형,18560.110655737706,0.026253420708566115,0.016929926620791503
하남시청(덕풍·신장),13-14시간대,8,445.9385245901639,443.69262295081967,0.0,0.0,0.0,0.0,주거 유출·귀가형,18560.110655737706,0.024026716912504274,0.02390571000252392
하남시청(덕풍·신장),14-15시간대,9,418.54918032786884,396.9467213114754,0.0,0.0,0.0,0.0,주거 유출·귀가형,18560.110655737706,0.022551006731119774,0.02138708807691093
하남시청(덕풍·신장),15-16시간대,10,460.25,598.577868852459,0.0,0.0,0.0,0.0,주거 유출·귀가형,18560.110655737706,0.02479780474033529,0.032250770480585125
하남시청(덕풍·신장),16-17시간대,11,562.8647540983607,662.3647540983607,0.0,0.0,0.0,0.0,주거 유출·귀가형,18560.110655737706,0.030326583959474167,0.035687543376450505
하남시청(덕풍·신장),17-18시간대,12,558.8811475409836,667.6967213114754,0.0,0.0,558.8811475409836,667.6967213114754,주거 유출·귀가형,18560.110655737706,0.03011195126512945,0.03597482437988926
하남시청(덕풍·신장),18-19시간대,13,585.25,1046.1147540983607,0.0,0.0,585.25,1046.1147540983607,주거 유출·귀가형,18560.110655737706,0.03153267837975281,0.05636360544946228
하남시청(덕풍·신장),19-20시간대,14,298.6967213114754,994.4016393442623,0.0,0.0,298.6967213114754,994.4016393442623,주거 유출·귀가형,18560.110655737706,0.016093477396328763,0.05357735510250588
하남시청(덕풍·신장),20-21시간대,15,224.3237704918033,495.6639344262295,0.0,0.0,0.0,0.0,주거 유출·귀가형,18560.110655737706,0.012086337988639924,0.026705871727817476
하남시청(덕풍·신장),21-22시간대,16,191.5204918032787,482.71311475409834,0.0,0.0,0.0,0.0,주거 유출·귀가형,18560.110655737706,0.010318930493233439,0.02600809465566799
하남시청(덕풍·신장),22-23시간대,17,120.07786885245902,452.8032786885246,0.0,0.0,0.0,0.0,주거 유출·귀가형,18560.110655737706,0.006469674188894878,0.024396582923849334
하남시청(덕풍·신장),23-24시간대,18,52.33196721311475,263.53688524590166,0.0,0.0,0.0,0.0,주거 유출·귀가형,18560.110655737706,0.0028195934918597457,0.014199100971654574
하남시청(덕풍·신장),24시이후,19,17.987704918032787,133.97131147540983,0.0,0.0,0.0,0.0,주거 유출·귀가형,18560.110655737706,0.0009691593574886384,0.007218238832751447
하남풍산,06시이전,0,82.48360655737704,19.635245901639344,0.0,0.0,0.0,0.0,혼합형,10271.147540983606,0.008030612570625978,0.0019116895968334026
하남풍산,06-07시간대,1,245.69672131147541,85.79918032786885,0.0,0.0,0.0,0.0,혼합형,10271.147540983606,0.02392105851182686,0.008353417180068313
하남풍산,07-08시간대,2,477.1311475409836,317.6967213114754,477.1311475409836,317.6967213114754,0.0,0.0,혼합형,10271.147540983606,0.04645353848118237,0.030930986050371888
하남풍산,08-09시간대,3,504.66803278688525,743.4590163934427,504.66803278688525,743.4590163934427,0.0,0.0,혼합형,10271.147540983606,0.049134532511890705,0.0723832476777221
하남풍산,09-10시간대,4,296.8483606557377,395.6311475409836,296.8483606557377,395.6311475409836,0.0,0.0,혼합형,10271.147540983606,0.028901187474063908,0.038518689947968206
하남풍산,10-11시간대,5,234.69672131147541,229.72131147540983,0.0,0.0,0.0,0.0,혼합형,10271.147540983606,0.022850097360104703,0.02236569093752993
하남풍산,11-12시간대,6,216.7704918032787,206.422131147541,0.0,0.0,0.0,0.0,혼합형,10271.147540983606,0.021104797778274335,0.020097280301337506
하남풍산,12-13시간대,7,228.88524590163934,182.25819672131146,0.0,0.0,0.0,0.0,혼합형,10271.147540983606,0.022284291505729883,0.017744677115587193
하남풍산,13-14시간대,8,242.70081967213116,224.672131147541,0.0,0.0,0.0,0.0,혼합형,10271.147540983606,0.02362937721454337,0.021874102212149266
하남풍산,14-15시간대,9,237.71311475409837,219.33196721311475,0.0,0.0,0.0,0.0,혼합형,10271.147540983606,0.023143773741500943,0.021354183292367608
하남풍산,15-16시간대,10,316.9303278688525,228.77459016393442,0.0,0.0,0.0,0.0,혼합형,10271.147540983606,0.030856369904555182,0.022273518051521054
하남풍산,16-17시간대,11,364.327868852459,302.58196721311475,0.0,0.0,0.0,0.0,혼합형,10271.147540983606,0.03547099945733712,0.029459412008810294
하남풍산,17-18시간대,12,510.86475409836066,285.13524590163934,0.0,0.0,510.86475409836066,285.13524590163934,혼합형,10271.147540983606,0.04973784594758515,0.027760797395218185
하남풍산,18-19시간대,13,589.922131147541,465.73770491803276,0.0,0.0,589.922131147541,465.73770491803276,혼합형,10271.147540983606,0.05743488045455997,0.04534427171449548
하남풍산,19-20시간대,14,199.48360655737704,424.0860655737705,0.0,0.0,199.48360655737704,424.0860655737705,혼합형,10271.147540983606,0.019421744820761644,0.041289063746927576
하남풍산,20-21시간대,15,143.90983606557376,227.68852459016392,0.0,0.0,0.0,0.0,혼합형,10271.147540983606,0.014011076706993966,0.022167778593545504
하남풍산,21-22시간대,16,135.4262295081967,188.49180327868854,0.0,0.0,0.0,0.0,혼합형,10271.147540983606,0.013185111884317043,0.018351581702684586
하남풍산,22-23시간대,17,84.72950819672131,201.98360655737704,0.0,0.0,0.0,0.0,혼합형,10271.147540983606,0.008249273789382961,0.01966514508251668
하남풍산,23-24시간대,18,27.241803278688526,117.62704918032787,0.0,0.0,0.0,0.0,혼합형,10271.147540983606,0.0026522648194847896,0.011452181823985701
하남풍산,24시이후,19,9.639344262295081,54.34426229508197,0.0,0.0,0.0,0.0,혼합형,10271.147540983606,0.0009384875666358093,0.005290963067002905
학동,06시이전,0,67.32377049180327,60.47540983606557,0.0,0.0,0.0,0.0,업무 유입형,53920.91393442623,0.001248565085036882,0.0011215575817132908
학동,06-07시간대,1,166.08196721311475,958.5983606557377,0.0,0.0,0.0,0.0,업무 유입형,53920.91393442623,0.0030801029710862972,0.01777785817617073
학동,07-08시간대,2,350.41803278688525,2522.8524590163934,350.41803278688525,2522.8524590163934,0.0,0.0,업무 유입형,53920.91393442623,0.0064987406039339795,0.04678801368397539
학동,08-09시간대,3,485.6475409836066,8054.848360655737,485.6475409836066,8054.848360655737,0.0,0.0,업무 유입형,53920.91393442623,0.009006663751549305,0.14938263788427844
학동,09-10시간대,4,446.9754098360656,5754.573770491803,446.9754098360656,5754.573770491803,0.0,0.0,업무 유입형,53920.91393442623,0.008289462793224109,0.10672248206864592
학동,10-11시간대,5,442.21311475409834,2139.467213114754,0.0,0.0,0.0,0.0,업무 유입형,53920.91393442623,0.008201142793905129,0.03967787370437715
학동,11-12시간대,6,563.0983606557377,1012.0696721311475,0.0,0.0,0.0,0.0,업무 유입형,53920.91393442623,0.010443041847186182,0.018769519992964803
학동,12-13시간대,7,679.3811475409836,821.8401639344262,0.0,0.0,0.0,0.0,업무 유입형,53920.91393442623,0.012599585169627983,0.015241584460787782
학동,13-14시간대,8,762.3032786885246,940.766393442623,0.0,0.0,0.0,0.0,업무 유입형,53920.91393442623,0.014137432455532364,0.017447152223471186
학동,14-15시간대,9,1026.627049180328,770.594262295082,0.0,0.0,0.0,0.0,업무 유입형,53920.91393442623,0.019039496445272044,0.014291194382057571
학동,15-16시간대,10,1346.7090163934427,670.8237704918033,0.0,0.0,0.0,0.0,업무 유입형,53920.91393442623,0.024975634093131083,0.012440882795636567
학동,16-17시간대,11,1795.032786885246,649.6270491803278,0.0,0.0,0.0,0.0,업무 유입형,53920.91393442623,0.03329010315122261,0.012047775191094607
학동,17-18시간대,12,3808.0163934426228,749.7991803278688,0.0,0.0,3808.0163934426228,749.7991803278688,업무 유입형,53920.91393442623,0.07062225239864425,0.013905535452156972
학동,18-19시간대,13,7039.241803278688,847.8852459016393,0.0,0.0,7039.241803278688,847.8852459016393,업무 유입형,53920.91393442623,0.13054752395033922,0.015724608209214726
학동,19-20시간대,14,3129.6065573770493,504.61475409836066,0.0,0.0,3129.6065573770493,504.61475409836066,업무 유입형,53920.91393442623,0.0580406808605469,0.009358423611143309
학동,20-21시간대,15,1619.2540983606557,299.3114754098361,0.0,0.0,0.0,0.0,업무 유입형,53920.91393442623,0.030030167892366347,0.005550934759263017
학동,21-22시간대,16,1341.454918032787,268.00409836065575,0.0,0.0,0.0,0.0,업무 유입형,53920.91393442623,0.024878193267720644,0.004970318171657444
학동,22-23시간대,17,1005.1065573770492,191.62704918032787,0.0,0.0,0.0,0.0,업무 유입형,53920.91393442623,0.01864038429688654,0.003553853879653588
학동,23-24시간대,18,378.11475409836066,120.0,0.0,0.0,0.0,0.0,업무 유입형,53920.91393442623,0.007012395126651411,0.0022254815663164244
학동,24시이후,19,69.43032786885246,61.09836065573771,0.0,0.0,0.0,0.0,업무 유입형,53920.91393442623,0.0012876326234619723,0.001133110628095808
학여울,06시이전,0,26.077868852459016,8.987704918032787,0.0,0.0,0.0,0.0,혼합형,5165.311475409836,0.005048653692348707,0.0017400121872262633
학여울,06-07시간대,1,93.34836065573771,72.81147540983606,0.0,0.0,0.0,0.0,혼합형,5165.311475409836,0.018072164883015322,0.01409624100239936
학여울,07-08시간대,2,204.9672131147541,152.84016393442624,204.9672131147541,152.84016393442624,0.0,0.0,혼합형,5165.311475409836,0.0396814817635932,0.02958972845336482
학여울,08-09시간대,3,207.44262295081967,347.9754098360656,207.44262295081967,347.9754098360656,0.0,0.0,혼합형,5165.311475409836,0.04016071904634955,0.06736774955250029
학여울,09-10시간대,4,140.18032786885246,209.74180327868854,140.18032786885246,209.74180327868854,0.0,0.0,혼합형,5165.311475409836,0.02713879473410265,0.04060583844308185
학여울,10-11시간대,5,104.32377049180327,141.64344262295083,0.0,0.0,0.0,0.0,혼합형,5165.311475409836,0.02019699508702441,0.02742205253202321
학여울,11-12시간대,6,107.08196721311475,112.14754098360656,0.0,0.0,0.0,0.0,혼합형,5165.311475409836,0.0207309796752612,0.021711670538650012
학여울,12-13시간대,7,117.52049180327869,126.16803278688525,0.0,0.0,0.0,0.0,혼합형,5165.311475409836,0.022751869342778435,0.024426026075586194
학여울,13-14시간대,8,120.67213114754098,148.00819672131146,0.0,0.0,0.0,0.0,혼합형,5165.311475409836,0.023362024095161926,0.02865426362493811
학여울,14-15시간대,9,129.11065573770492,134.4139344262295,0.0,0.0,0.0,0.0,혼합형,5165.311475409836,0.024995715428266747,0.026022425765827525
학여울,15-16시간대,10,159.87295081967213,134.4139344262295,0.0,0.0,0.0,0.0,혼합형,5165.311475409836,0.030951270137487146,0.026022425765827525
학여울,16-17시간대,11,212.63934426229508,136.64344262295083,0.0,0.0,0.0,0.0,혼합형,5165.311475409836,0.04116679996445392,0.02645405669599218
학여울,17-18시간대,12,299.25409836065575,169.45491803278688,0.0,0.0,299.25409836065575,169.45491803278688,혼합형,5165.311475409836,0.05793534422566681,0.032806331010143325
학여울,18-19시간대,13,320.86475409836066,204.9877049180328,0.0,0.0,320.86475409836066,204.9877049180328,혼합형,5165.311475409836,0.06211914917926648,0.03968544895964251
학여울,19-20시간대,14,117.45901639344262,156.55737704918033,0.0,0.0,117.45901639344262,156.55737704918033,혼합형,5165.311475409836,0.02273996775463051,0.030309377816709195
학여울,20-21시간대,15,76.01639344262296,102.74180327868852,0.0,0.0,0.0,0.0,혼합형,5165.311475409836,0.014716710464511052,0.019890727552017873
학여울,21-22시간대,16,67.56147540983606,90.79098360655738,0.0,0.0,0.0,0.0,혼합형,5165.311475409836,0.013079845374566782,0.01757705881606175
학여울,22-23시간대,17,49.057377049180324,81.75,0.0,0.0,0.0,0.0,혼합형,5165.311475409836,0.009497467342042121,0.015826731919107287
학여울,23-24시간대,18,12.881147540983607,43.5,0.0,0.0,0.0,0.0,혼합형,5165.311475409836,0.002493779436594686,0.008421563773469932
학여울,24시이후,19,3.7991803278688523,19.602459016393443,0.0,0.0,0.0,0.0,혼합형,5165.311475409836,0.000735518147541608,0.0037950197407675412
한강진,06시이전,0,26.581967213114755,35.69672131147541,0.0,0.0,0.0,0.0,업무 유입형,23321.241803278688,0.0011398178294852912,0.0015306526819020793
한강진,06-07시간대,1,61.15983606557377,410.5,0.0,0.0,0.0,0.0,업무 유입형,23321.241803278688,0.002622494830312828,0.01760197863658738
한강진,07-08시간대,2,184.14754098360655,1052.2090163934427,184.14754098360655,1052.2090163934427,0.0,0.0,업무 유입형,23321.241803278688,0.0078961293115068,0.045118052686436046
한강진,08-09시간대,3,271.8360655737705,1978.672131147541,271.8360655737705,1978.672131147541,0.0,0.0,업무 유입형,23321.241803278688,0.011656157415063274,0.08484420117239912
한강진,09-10시간대,4,260.6844262295082,1261.282786885246,260.6844262295082,1261.282786885246,0.0,0.0,업무 유입형,23321.241803278688,0.011177982220177445,0.054083002848841634
한강진,10-11시간대,5,176.00409836065575,765.5983606557377,0.0,0.0,0.0,0.0,업무 유입형,23321.241803278688,0.007546943676726154,0.03282837025205509
한강진,11-12시간대,6,270.1475409836066,703.655737704918,0.0,0.0,0.0,0.0,업무 유입형,23321.241803278688,0.011583754555712682,0.030172310018499633
한강진,12-13시간대,7,277.0532786885246,610.2540983606557,0.0,0.0,0.0,0.0,업무 유입형,23321.241803278688,0.011879868191648962,0.02616730719180062
한강진,13-14시간대,8,342.24590163934425,730.3975409836065,0.0,0.0,0.0,0.0,업무 유입형,23321.241803278688,0.014675286355944757,0.03131898151670986
한강진,14-15시간대,9,445.30737704918033,659.7540983606557,0.0,0.0,0.0,0.0,업무 유입형,23321.241803278688,0.01909449680276354,0.028289835675384237
한강진,15-16시간대,10,686.2459016393443,688.3852459016393,0.0,0.0,0.0,0.0,업무 유입형,23321.241803278688,0.02942578733276829,0.029517521052625104
한강진,16-17시간대,11,956.2418032786885,717.3401639344262,0.0,0.0,0.0,0.0,업무 유입형,23321.241803278688,0.041003039689947056,0.03075908950241135
한강진,17-18시간대,12,1449.7131147540983,820.516393442623,0.0,0.0,1449.7131147540983,820.516393442623,업무 유입형,23321.241803278688,0.06216277533515758,0.035183220531904445
한강진,18-19시간대,13,1764.0860655737704,985.4139344262295,0.0,0.0,1764.0860655737704,985.4139344262295,업무 유입형,23321.241803278688,0.07564288730653103,0.042253922099795393
한강진,19-20시간대,14,1040.02868852459,508.2909836065574,0.0,0.0,1040.02868852459,508.2909836065574,업무 유입형,23321.241803278688,0.04459576798257692,0.02179519375057883
한강진,20-21시간대,15,796.5860655737705,196.61065573770492,0.0,0.0,0.0,0.0,업무 유입형,23321.241803278688,0.03415710330921486,0.008430539736956195
한강진,21-22시간대,16,691.5491803278688,152.40983606557376,0.0,0.0,0.0,0.0,업무 유입형,23321.241803278688,0.029653188546359708,0.0065352367318684875
한강진,22-23시간대,17,870.5655737704918,132.9016393442623,0.0,0.0,0.0,0.0,업무 유입형,23321.241803278688,0.03732929751828656,0.005698737677235434
한강진,23-24시간대,18,158.15983606557376,90.99180327868852,0.0,0.0,0.0,0.0,업무 유입형,23321.241803278688,0.006781793070870625,0.0039016705905384574
한강진,24시이후,19,31.614754098360656,60.40163934426229,0.0,0.0,0.0,0.0,업무 유입형,23321.241803278688,0.0013556205267729782,0.0025899838376432656
한성대입구(삼선교),06시이전,0,258.75409836065575,62.32786885245902,0.0,0.0,0.0,0.0,혼합형,31534.81557377049,0.008205346809634681,0.0019764779884839747
한성대입구(삼선교),06-07시간대,1,533.6762295081967,358.5204918032787,0.0,0.0,0.0,0.0,혼합형,31534.81557377049,0.01692339783182652,0.011369037214268123
한성대입구(삼선교),07-08시간대,2,1326.1926229508197,757.3565573770492,1326.1926229508197,757.3565573770492,0.0,0.0,혼합형,31534.81557377049,0.04205487169723289,0.024016520902281437
한성대입구(삼선교),08-09시간대,3,1578.0983606557377,1388.922131147541,1578.0983606557377,1388.922131147541,0.0,0.0,혼합형,31534.81557377049,0.050043050258658954,0.044044086064127665
한성대입구(삼선교),09-10시간대,4,1027.2540983606557,1055.045081967213,1027.2540983606557,1055.045081967213,0.0,0.0,혼합형,31534.81557377049,0.03257523723129328,0.03345651663949356
한성대입구(삼선교),10-11시간대,5,713.7704918032787,730.7786885245902,0.0,0.0,0.0,0.0,혼합형,31534.81557377049,0.02263436391861974,0.02317371055540357
한성대입구(삼선교),11-12시간대,6,664.2745901639345,725.1147540983607,0.0,0.0,0.0,0.0,혼합형,31534.81557377049,0.021064800224056292,0.022994101627202307
한성대입구(삼선교),12-13시간대,7,761.2131147540983,712.9713114754098,0.0,0.0,0.0,0.0,혼합형,31534.81557377049,0.02413881612763411,0.02260902112484315
한성대입구(삼선교),13-14시간대,8,809.2049180327868,748.5737704918033,0.0,0.0,0.0,0.0,혼합형,31534.81557377049,0.025660683384679566,0.02373801009682897
한성대입구(삼선교),14-15시간대,9,775.3647540983607,759.7213114754098,0.0,0.0,0.0,0.0,혼합형,31534.81557377049,0.02458757852204726,0.02409150957925114
한성대입구(삼선교),15-16시간대,10,945.8196721311475,782.8032786885246,0.0,0.0,0.0,0.0,혼합형,31534.81557377049,0.029992871526981303,0.024823461448737053
한성대입구(삼선교),16-17시간대,11,1238.2418032786886,907.0,0.0,0.0,0.0,0.0,혼합형,31534.81557377049,0.03926586475135795,0.02876186156466409
한성대입구(삼선교),17-18시간대,12,1415.1352459016393,1163.655737704918,0.0,0.0,1415.1352459016393,1163.655737704918,혼합형,31534.81557377049,0.04487532969999981,0.0369006672952546
한성대입구(삼선교),18-19시간대,13,1321.0860655737704,1479.7090163934427,0.0,0.0,1321.0860655737704,1479.7090163934427,혼합형,31534.81557377049,0.04189293774315273,0.04692302743714825
한성대입구(삼선교),19-20시간대,14,795.9918032786885,1166.8934426229507,0.0,0.0,795.9918032786885,1166.8934426229507,혼합형,31534.81557377049,0.025241682527573285,0.03700333810081103
한성대입구(삼선교),20-21시간대,15,651.7622950819672,735.172131147541,0.0,0.0,0.0,0.0,혼합형,31534.81557377049,0.0206680230476464,0.02331303093965231
한성대입구(삼선교),21-22시간대,16,598.7950819672132,675.7377049180328,0.0,0.0,0.0,0.0,혼합형,31534.81557377049,0.018988380653961048,0.02142830686094409
한성대입구(삼선교),22-23시간대,17,417.3360655737705,629.1475409836065,0.0,0.0,0.0,0.0,혼합형,31534.81557377049,0.013234136873180112,0.019950886965291417
한성대입구(삼선교),23-24시간대,18,194.99180327868854,411.54918032786884,0.0,0.0,0.0,0.0,혼합형,31534.81557377049,0.006183381755397853,0.013050629053628601
한성대입구(삼선교),24시이후,19,39.24180327868852,217.61065573770492,0.0,0.0,0.0,0.0,혼합형,31534.81557377049,0.0012443961559530548,0.006900647800797843
한양대,06시이전,0,41.58196721311475,26.959016393442624,0.0,0.0,0.0,0.0,업무 유입형,29585.811475409835,0.0014054698904464894,0.0009112143642181164
한양대,06-07시간대,1,105.79918032786885,336.4672131147541,0.0,0.0,0.0,0.0,업무 유입형,29585.811475409835,0.003576010765018345,0.011372586937302967
한양대,07-08시간대,2,253.35245901639345,611.1926229508197,253.35245901639345,611.1926229508197,0.0,0.0,업무 유입형,29585.811475409835,0.008563309450780711,0.020658301816693814
한양대,08-09시간대,3,398.21311475409834,2647.4180327868853,398.21311475409834,2647.4180327868853,0.0,0.0,업무 유입형,29585.811475409835,0.013459597519745979,0.08948269122134032
한양대,09-10시간대,4,279.87704918032784,2382.065573770492,279.87704918032784,2382.065573770492,0.0,0.0,업무 유입형,29585.811475409835,0.009459840214724104,0.08051378194410315
한양대,10-11시간대,5,324.75409836065575,1863.688524590164,0.0,0.0,0.0,0.0,업무 유입형,29585.811475409835,0.010976683828009051,0.06299264517855674
한양대,11-12시간대,6,557.2991803278688,714.6270491803278,0.0,0.0,0.0,0.0,업무 유입형,29585.811475409835,0.018836704235442942,0.024154383927386548
한양대,12-13시간대,7,661.4098360655738,1381.0901639344263,0.0,0.0,0.0,0.0,업무 유입형,29585.811475409835,0.022355642893733124,0.04668082756771149
한양대,13-14시간대,8,757.8155737704918,991.2254098360655,0.0,0.0,0.0,0.0,업무 유입형,29585.811475409835,0.025614155433943332,0.03350340451739577
한양대,14-15시간대,9,925.1024590163935,757.3032786885246,0.0,0.0,0.0,0.0,업무 유입형,29585.811475409835,0.031268449735958395,0.025596839867581635
한양대,15-16시간대,10,1169.4016393442623,558.5204918032787,0.0,0.0,0.0,0.0,업무 유입형,29585.811475409835,0.03952575849799514,0.018877984545649235
한양대,16-17시간대,11,1624.9180327868853,459.6393442622951,0.0,0.0,0.0,0.0,업무 유입형,29585.811475409835,0.05492220600869546,0.015535803188779292
한양대,17-18시간대,12,2128.909836065574,599.3811475409836,0.0,0.0,2128.909836065574,599.3811475409836,업무 유입형,29585.811475409835,0.07195712167080533,0.020259074118658453
한양대,18-19시간대,13,1772.700819672131,778.6065573770492,0.0,0.0,1772.700819672131,778.6065573770492,업무 유입형,29585.811475409835,0.05991726206818787,0.026316890379166576
한양대,19-20시간대,14,861.8934426229508,404.9016393442623,0.0,0.0,861.8934426229508,404.9016393442623,업무 유입형,29585.811475409835,0.029131985895986364,0.01368566955416434
한양대,20-21시간대,15,690.1270491803278,258.3606557377049,0.0,0.0,0.0,0.0,업무 유입형,29585.811475409835,0.023326284281704593,0.008732586427532692
한양대,21-22시간대,16,732.172131147541,228.79918032786884,0.0,0.0,0.0,0.0,업무 유입형,29585.811475409835,0.024747407444142062,0.0077334089861971385
한양대,22-23시간대,17,487.97131147540983,218.09426229508196,0.0,0.0,0.0,0.0,업무 유입형,29585.811475409835,0.016493423270846765,0.007371582911503049
한양대,23-24시간대,18,305.4549180327869,141.4139344262295,0.0,0.0,0.0,0.0,업무 유입형,29585.811475409835,0.010324371812031078,0.004779788938483749
한양대,24시이후,19,78.26229508196721,69.04098360655738,0.0,0.0,0.0,0.0,업무 유입형,29585.811475409835,0.0026452644419442304,0.0023335842474336253
합정,06시이전,0,445.14344262295083,158.6762295081967,0.0,0.0,0.0,0.0,혼합형,98658.0368852459,0.004511983581638863,0.0016083457011491214
합정,06-07시간대,1,863.9139344262295,736.4016393442623,0.0,0.0,0.0,0.0,혼합형,98658.0368852459,0.00875665036221115,0.007464182975795554
합정,07-08시간대,2,2258.4918032786886,2057.69262295082,2258.4918032786886,2057.69262295082,0.0,0.0,혼합형,98658.0368852459,0.022892121864391577,0.02085681702083962
합정,08-09시간대,3,3053.651639344262,6033.290983606557,3053.651639344262,6033.290983606557,0.0,0.0,혼합형,98658.0368852459,0.030951879195570423,0.061153568164184935
합정,09-10시간대,4,1865.5,4785.930327868852,1865.5,4785.930327868852,0.0,0.0,혼합형,98658.0368852459,0.018908748429383976,0.048510293524648244
합정,10-11시간대,5,1367.672131147541,2401.122950819672,0.0,0.0,0.0,0.0,혼합형,98658.0368852459,0.013862754361698365,0.024337834266989704
합정,11-12시간대,6,1440.7745901639344,2063.688524590164,0.0,0.0,0.0,0.0,혼합형,98658.0368852459,0.014603722470575523,0.020917591609800053
합정,12-13시간대,7,1656.266393442623,2054.590163934426,0.0,0.0,0.0,0.0,혼합형,98658.0368852459,0.016787952058777627,0.020825370429012516
합정,13-14시간대,8,1833.311475409836,2304.4221311475408,0.0,0.0,0.0,0.0,혼합형,98658.0368852459,0.018582484846543745,0.023357672663078928
합정,14-15시간대,9,1927.7254098360656,2111.098360655738,0.0,0.0,0.0,0.0,혼합형,98658.0368852459,0.019539466532040358,0.02139813873563349
합정,15-16시간대,10,2186.4262295081967,2272.655737704918,0.0,0.0,0.0,0.0,혼합형,98658.0368852459,0.022161663646838404,0.02303568781069866
합정,16-17시간대,11,2635.754098360656,2812.782786885246,0.0,0.0,0.0,0.0,혼합형,98658.0368852459,0.02671606066342505,0.028510427286901462
합정,17-18시간대,12,3977.0450819672133,3942.9180327868853,0.0,0.0,3977.0450819672133,3942.9180327868853,혼합형,98658.0368852459,0.040311415141911985,0.03996550263181387
합정,18-19시간대,13,6421.418032786885,6218.889344262295,0.0,0.0,6421.418032786885,6218.889344262295,혼합형,98658.0368852459,0.0650876323462219,0.06303479717010582
합정,19-20시간대,14,3920.8934426229507,4058.7622950819673,0.0,0.0,3920.8934426229507,4058.7622950819673,혼합형,98658.0368852459,0.03974226090859215,0.041139702585030316
합정,20-21시간대,15,3111.9303278688526,2101.8319672131147,0.0,0.0,0.0,0.0,혼합형,98658.0368852459,0.03154259324547978,0.02130421437087645
합정,21-22시간대,16,3460.184426229508,1713.3688524590164,0.0,0.0,0.0,0.0,혼합형,98658.0368852459,0.03507250433387623,0.017366743820900483
합정,22-23시간대,17,3195.0778688524592,1535.3524590163934,0.0,0.0,0.0,0.0,혼합형,98658.0368852459,0.03238537852287507,0.015562365798969207
합정,23-24시간대,18,1719.8073770491803,1028.3237704918033,0.0,0.0,0.0,0.0,혼합형,98658.0368852459,0.017432004845683014,0.01042311202368539
합정,24시이후,19,427.5450819672131,497.7049180327869,0.0,0.0,0.0,0.0,혼합형,98658.0368852459,0.004333606216638104,0.005044747835512806
행당,06시이전,0,154.04918032786884,23.114754098360656,0.0,0.0,0.0,0.0,주거 유출·귀가형,17004.0,0.009059584822857495,0.0013593715654175874
행당,06-07시간대,1,471.52868852459017,98.11065573770492,0.0,0.0,0.0,0.0,주거 유출·귀가형,17004.0,0.02773045686453718,0.005769857429881494
행당,07-08시간대,2,1437.110655737705,202.39344262295083,1437.110655737705,202.39344262295083,0.0,0.0,주거 유출·귀가형,17004.0,0.08451603479991208,0.011902695990528747
행당,08-09시간대,3,1874.2418032786886,394.7950819672131,1874.2418032786886,394.7950819672131,0.0,0.0,주거 유출·귀가형,17004.0,0.11022358287924539,0.023217777109339748
행당,09-10시간대,4,841.1680327868852,240.25409836065575,841.1680327868852,240.25409836065575,0.0,0.0,주거 유출·귀가형,17004.0,0.04946883279151289,0.014129269487218052
행당,10-11시간대,5,490.8811475409836,185.96311475409837,0.0,0.0,0.0,0.0,주거 유출·귀가형,17004.0,0.028868569015583604,0.010936433471777134
행당,11-12시간대,6,398.36475409836066,220.672131147541,0.0,0.0,0.0,0.0,주거 유출·귀가형,17004.0,0.023427708427332432,0.012977660029848329
행당,12-13시간대,7,378.5204918032787,271.4590163934426,0.0,0.0,0.0,0.0,주거 유출·귀가형,17004.0,0.0222606734770218,0.01596442110053179
행당,13-14시간대,8,353.23770491803276,302.2827868852459,0.0,0.0,0.0,0.0,주거 유출·귀가형,17004.0,0.02077380057151451,0.017777157544415778
행당,14-15시간대,9,304.5450819672131,366.37704918032784,0.0,0.0,0.0,0.0,주거 유출·귀가형,17004.0,0.017910202421031116,0.02154652135852316
행당,15-16시간대,10,344.5204918032787,453.17622950819674,0.0,0.0,0.0,0.0,주거 유출·귀가형,17004.0,0.0202611439545565,0.026651154405327965
행당,16-17시간대,11,357.1967213114754,574.6926229508197,0.0,0.0,0.0,0.0,주거 유출·귀가형,17004.0,0.021006629105591357,0.03379749605685837
행당,17-18시간대,12,385.04918032786884,785.311475409836,0.0,0.0,385.04918032786884,785.311475409836,주거 유출·귀가형,17004.0,0.022644623637254106,0.046183925865080924
행당,18-19시간대,13,407.2950819672131,1345.610655737705,0.0,0.0,407.2950819672131,1345.610655737705,주거 유출·귀가형,17004.0,0.023952898257304935,0.07913494799680693
행당,19-20시간대,14,248.6639344262295,832.9959016393443,0.0,0.0,248.6639344262295,832.9959016393443,주거 유출·귀가형,17004.0,0.014623849354635938,0.048988232277072705
행당,20-21시간대,15,186.97540983606558,523.3934426229508,0.0,0.0,0.0,0.0,주거 유출·귀가형,17004.0,0.010995966233595953,0.03078060707027469
행당,21-22시간대,16,149.4672131147541,484.7336065573771,0.0,0.0,0.0,0.0,주거 유출·귀가형,17004.0,0.008790120743045995,0.028507034024781056
행당,22-23시간대,17,126.48770491803279,415.0614754098361,0.0,0.0,0.0,0.0,주거 유출·귀가형,17004.0,0.007438702947426064,0.024409637462352158
행당,23-24시간대,18,41.442622950819676,232.1762295081967,0.0,0.0,0.0,0.0,주거 유출·귀가형,17004.0,0.0024372278846635895,0.0136542125093035
행당,24시이후,19,11.78688524590164,88.89344262295081,0.0,0.0,0.0,0.0,주거 유출·귀가형,17004.0,0.000693183089032089,0.005227795967004871
혜화,06시이전,0,114.96311475409836,85.32377049180327,0.0,0.0,0.0,0.0,업무 유입형,77916.40163934426,0.0014754674540314908,0.0010950681589063352
혜화,06-07시간대,1,302.41803278688525,979.6803278688525,0.0,0.0,0.0,0.0,업무 유입형,77916.40163934426,0.0038813141575339103,0.012573480130711764
혜화,07-08시간대,2,719.1434426229508,2348.8319672131147,719.1434426229508,2348.8319672131147,0.0,0.0,업무 유입형,77916.40163934426,0.009229679855490348,0.030145539550007414
혜화,08-09시간대,3,928.6352459016393,5258.913934426229,928.6352459016393,5258.913934426229,0.0,0.0,업무 유입형,77916.40163934426,0.011918353855714001,0.06749431215738684
혜화,09-10시간대,4,1033.672131147541,3841.7008196721313,1033.672131147541,3841.7008196721313,0.0,0.0,업무 유입형,77916.40163934426,0.013266425417489805,0.04930541887001422
혜화,10-11시간대,5,1307.8155737704917,2593.5532786885246,0.0,0.0,0.0,0.0,업무 유입형,77916.40163934426,0.016784855900097213,0.03328635850887264
혜화,11-12시간대,6,1578.8032786885246,2101.4918032786886,0.0,0.0,0.0,0.0,업무 유입형,77916.40163934426,0.02026278479846149,0.026971109536166393
혜화,12-13시간대,7,1628.1680327868853,2209.065573770492,0.0,0.0,0.0,0.0,업무 유입형,77916.40163934426,0.02089634529483628,0.028351740163716874
혜화,13-14시간대,8,1641.155737704918,2570.8360655737706,0.0,0.0,0.0,0.0,업무 유입형,77916.40163934426,0.021063032983753817,0.0329947997017821
혜화,14-15시간대,9,2180.127049180328,2327.1188524590166,0.0,0.0,0.0,0.0,업무 유입형,77916.40163934426,0.0279803353762613,0.029866867610630607
혜화,15-16시간대,10,2924.7377049180327,1998.5368852459017,0.0,0.0,0.0,0.0,업무 유입형,77916.40163934426,0.03753686827653977,0.025649758500099047
혜화,16-17시간대,11,3336.967213114754,1880.27868852459,0.0,0.0,0.0,0.0,업무 유입형,77916.40163934426,0.04282753236681475,0.02413200108018251
혜화,17-18시간대,12,4160.795081967213,2332.25,0.0,0.0,4160.795081967213,2332.25,업무 유입형,77916.40163934426,0.053400760230516084,0.029932722134620747
혜화,18-19시간대,13,4615.700819672131,3164.401639344262,0.0,0.0,4615.700819672131,3164.401639344262,업무 유입형,77916.40163934426,0.05923914249835442,0.04061277950169586
혜화,19-20시간대,14,2359.9631147540986,2399.6475409836066,0.0,0.0,2359.9631147540986,2399.6475409836066,업무 유입형,77916.40163934426,0.03028839968351957,0.03079772025524204
혜화,20-21시간대,15,2192.344262295082,787.483606557377,0.0,0.0,0.0,0.0,업무 유입형,77916.40163934426,0.028137134366688302,0.010106775851924524
혜화,21-22시간대,16,3440.6680327868853,720.2131147540983,0.0,0.0,0.0,0.0,업무 유입형,77916.40163934426,0.044158456504612295,0.00924340831456497
혜화,22-23시간대,17,3374.9303278688526,622.1967213114754,0.0,0.0,0.0,0.0,업무 유입형,77916.40163934426,0.04331476116531369,0.007985439627865132
혜화,23-24시간대,18,1102.532786885246,391.2909836065574,0.0,0.0,0.0,0.0,업무 유입형,77916.40163934426,0.014150201545351099,0.005021933448848761
혜화,24시이후,19,196.3483606557377,163.69672131147541,0.0,0.0,0.0,0.0,업무 유입형,77916.40163934426,0.0025199875318239885,0.0021009276335576563
홍대입구,06시이전,0,705.3524590163935,125.44672131147541,0.0,0.0,0.0,0.0,혼합형,149049.30327868852,0.004732343214631092,0.0008416458081452309
홍대입구,06-07시간대,1,1038.6024590163934,660.483606557377,0.0,0.0,0.0,0.0,혼합형,149049.30327868852,0.00696818056958268,0.004431309587019148
홍대입구,07-08시간대,2,2543.2745901639346,1748.1926229508197,2543.2745901639346,1748.1926229508197,0.0,0.0,혼합형,149049.30327868852,0.017063310825469514,0.011728955348969962
홍대입구,08-09시간대,3,3324.9754098360654,4881.586065573771,3324.9754098360654,4881.586065573771,0.0,0.0,혼합형,149049.30327868852,0.02230788964923313,0.03275148530178842
홍대입구,09-10시간대,4,2321.2909836065573,5670.303278688524,2321.2909836065573,5670.303278688524,0.0,0.0,혼합형,149049.30327868852,0.01557398077377301,0.03804313843779825
홍대입구,10-11시간대,5,1944.877049180328,3840.4836065573772,0.0,0.0,0.0,0.0,혼합형,149049.30327868852,0.013048548409138468,0.025766531758800247
홍대입구,11-12시간대,6,2176.6434426229507,3902.2418032786886,0.0,0.0,0.0,0.0,혼합형,149049.30327868852,0.014603513030538086,0.026180879195271234
홍대입구,12-13시간대,7,2518.0081967213114,4353.180327868852,0.0,0.0,0.0,0.0,혼합형,149049.30327868852,0.016893793807363226,0.02920631114745561
홍대입구,13-14시간대,8,2915.6311475409834,4861.393442622951,0.0,0.0,0.0,0.0,혼합형,149049.30327868852,0.01956152147916728,0.032616009170691955
홍대입구,14-15시간대,9,3186.4262295081967,4492.225409836065,0.0,0.0,0.0,0.0,혼합형,149049.30327868852,0.021378336962436514,0.03013919093225561
홍대입구,15-16시간대,10,3877.0245901639346,4704.819672131148,0.0,0.0,0.0,0.0,혼합형,149049.30327868852,0.026011692137297513,0.03156552609530954
홍대입구,16-17시간대,11,4862.188524590164,5297.020491803279,0.0,0.0,0.0,0.0,혼합형,149049.30327868852,0.03262134352616845,0.03553871353493714
홍대입구,17-18시간대,12,5951.323770491803,6565.88524590164,0.0,0.0,5951.323770491803,6565.88524590164,혼합형,149049.30327868852,0.03992855813196371,0.04405176744519844
홍대입구,18-19시간대,13,7179.11475409836,8701.852459016394,0.0,0.0,7179.11475409836,8701.852459016394,혼합형,149049.30327868852,0.04816604033817614,0.05838237594942592
홍대입구,19-20시간대,14,5713.2172131147545,6235.176229508197,0.0,0.0,5713.2172131147545,6235.176229508197,혼합형,149049.30327868852,0.038331056150140666,0.04183297803042948
홍대입구,20-21시간대,15,5485.0327868852455,3635.9549180327867,0.0,0.0,0.0,0.0,혼합형,149049.30327868852,0.036800123625063,0.024394310057487305
홍대입구,21-22시간대,16,6265.073770491803,2873.688524590164,0.0,0.0,0.0,0.0,혼합형,149049.30327868852,0.04203356629435248,0.019280120479443073
홍대입구,22-23시간대,17,6052.86475409836,2358.844262295082,0.0,0.0,0.0,0.0,혼합형,149049.30327868852,0.04060981581900367,0.015825932831665616
홍대입구,23-24시간대,18,3106.0122950819673,1587.1803278688524,0.0,0.0,0.0,0.0,혼합형,149049.30327868852,0.020838824649011784,0.010648693371623373
홍대입구,24시이후,19,589.9098360655738,796.5,0.0,0.0,0.0,0.0,혼합형,149049.30327868852,0.003957816796785529,0.005343869326988567
홍제,06시이전,0,394.8360655737705,52.450819672131146,0.0,0.0,0.0,0.0,주거 유출·귀가형,38809.733606557376,0.010173635036419269,0.001351486207142348
홍제,06-07시간대,1,1016.5696721311475,244.77459016393442,0.0,0.0,0.0,0.0,주거 유출·귀가형,38809.733606557376,0.026193678174574887,0.006307041234691103
홍제,07-08시간대,2,2868.6188524590166,440.3114754098361,2868.6188524590166,440.3114754098361,0.0,0.0,주거 유출·귀가형,38809.733606557376,0.07391493282433478,0.011345387728593944
홍제,08-09시간대,3,3070.254098360656,1046.6680327868853,3070.254098360656,1046.6680327868853,0.0,0.0,주거 유출·귀가형,38809.733606557376,0.07911041414213416,0.02696921456348358
홍제,09-10시간대,4,1749.8934426229507,757.2581967213115,1749.8934426229507,757.2581967213115,0.0,0.0,주거 유출·귀가형,38809.733606557376,0.04508903514677269,0.01951206891544763
홍제,10-11시간대,5,1136.6844262295083,671.1434426229508,0.0,0.0,0.0,0.0,주거 유출·귀가형,38809.733606557376,0.02928864283771975,0.017293173136069994
홍제,11-12시간대,6,985.6516393442623,669.8975409836065,0.0,0.0,0.0,0.0,주거 유출·귀가형,38809.733606557376,0.025397021513637097,0.017261070322585753
홍제,12-13시간대,7,1002.2008196721312,696.1147540983607,0.0,0.0,0.0,0.0,주거 유출·귀가형,38809.733606557376,0.0258234398059047,0.017936602223436637
홍제,13-14시간대,8,919.4877049180328,766.6598360655738,0.0,0.0,0.0,0.0,주거 유출·귀가형,38809.733606557376,0.023692193155447842,0.019754318435621452
홍제,14-15시간대,9,851.1803278688525,881.827868852459,0.0,0.0,0.0,0.0,주거 유출·귀가형,38809.733606557376,0.021932135285902484,0.022721822257070673
홍제,15-16시간대,10,911.7459016393443,1085.127049180328,0.0,0.0,0.0,0.0,주거 유출·귀가형,38809.733606557376,0.02349271218613296,0.027960177727089128
홍제,16-17시간대,11,1011.25,1283.7090163934427,0.0,0.0,0.0,0.0,주거 유출·귀가형,38809.733606557376,0.026056607609106004,0.03307698603158009
홍제,17-18시간대,12,1079.8483606557377,1709.6844262295083,0.0,0.0,1079.8483606557377,1709.6844262295083,주거 유출·귀가형,38809.733606557376,0.027824163175221697,0.04405298020238501
홍제,18-19시간대,13,1079.6352459016393,2660.754098360656,0.0,0.0,1079.6352459016393,2660.754098360656,주거 유출·귀가형,38809.733606557376,0.02781867190449413,0.06855893743911422
홍제,19-20시간대,14,572.1229508196722,2086.004098360656,0.0,0.0,572.1229508196722,2086.004098360656,주거 유출·귀가형,38809.733606557376,0.014741738673594117,0.05374950829366683
홍제,20-21시간대,15,455.71311475409834,1219.1147540983607,0.0,0.0,0.0,0.0,주거 유출·귀가형,38809.733606557376,0.011742237640020803,0.03141260299432657
홍제,21-22시간대,16,364.40983606557376,1058.782786885246,0.0,0.0,0.0,0.0,주거 유출·귀가형,38809.733606557376,0.009389650538698939,0.027281372184073734
홍제,22-23시간대,17,257.4754098360656,883.9467213114754,0.0,0.0,0.0,0.0,주거 유출·귀가형,38809.733606557376,0.006634299849782066,0.022776418160265904
홍제,23-24시간대,18,109.18032786885246,543.1926229508197,0.0,0.0,0.0,0.0,주거 유출·귀가형,38809.733606557376,0.0028132202342766176,0.0139962986723269
홍제,24시이후,19,24.87295081967213,190.68032786885246,0.0,0.0,0.0,0.0,주거 유출·귀가형,38809.733606557376,0.0006408946547231528,0.004913208882130402
화곡,06시이전,0,917.8524590163935,63.92622950819672,0.0,0.0,0.0,0.0,주거 유출·귀가형,61045.4631147541,0.015035555669239527,0.0010471905076389922
화곡,06-07시간대,1,1791.6762295081967,356.38524590163934,0.0,0.0,0.0,0.0,주거 유출·귀가형,61045.4631147541,0.029349867100527668,0.00583803001431411
화곡,07-08시간대,2,5088.233606557377,632.483606557377,5088.233606557377,632.483606557377,0.0,0.0,주거 유출·귀가형,61045.4631147541,0.08335154402862742,0.010360861795223433
화곡,08-09시간대,3,6304.643442622951,1442.922131147541,6304.643442622951,1442.922131147541,0.0,0.0,주거 유출·귀가형,61045.4631147541,0.10327783787586958,0.02363684469778067
화곡,09-10시간대,4,2785.155737704918,1006.7295081967213,2785.155737704918,1006.7295081967213,0.0,0.0,주거 유출·귀가형,61045.4631147541,0.0456242871393955,0.016491471385912126
화곡,10-11시간대,5,1566.795081967213,678.7049180327868,0.0,0.0,0.0,0.0,주거 유출·귀가형,61045.4631147541,0.025666036459121133,0.01111802390223411
화곡,11-12시간대,6,1325.8319672131147,727.4426229508197,0.0,0.0,0.0,0.0,주거 유출·귀가형,61045.4631147541,0.021718763353810545,0.011916407638408165
화곡,12-13시간대,7,1375.299180327869,830.6598360655738,0.0,0.0,0.0,0.0,주거 유출·귀가형,61045.4631147541,0.02252909733426975,0.01360723293234893
화곡,13-14시간대,8,1237.8483606557377,936.6188524590164,0.0,0.0,0.0,0.0,주거 유출·귀가형,61045.4631147541,0.020277483329577062,0.01534297234666477
화곡,14-15시간대,9,1067.3688524590164,1096.7459016393443,0.0,0.0,0.0,0.0,주거 유출·귀가형,61045.4631147541,0.017484818658064102,0.017966050967254787
화곡,15-16시간대,10,1083.389344262295,1434.4590163934427,0.0,0.0,0.0,0.0,주거 유출·귀가형,61045.4631147541,0.017747254078910417,0.023498208436832185
화곡,16-17시간대,11,1251.2254098360656,1923.6147540983607,0.0,0.0,0.0,0.0,주거 유출·귀가형,61045.4631147541,0.020496615898940678,0.03151118291104325
화곡,17-18시간대,12,1456.561475409836,2659.7418032786886,0.0,0.0,1456.561475409836,2659.7418032786886,주거 유출·귀가형,61045.4631147541,0.02386027398419063,0.04356985216540776
화곡,18-19시간대,13,1629.0655737704917,5243.479508196721,0.0,0.0,1629.0655737704917,5243.479508196721,주거 유출·귀가형,61045.4631147541,0.02668610394040507,0.08589466343043309
화곡,19-20시간대,14,910.844262295082,3564.7336065573772,0.0,0.0,910.844262295082,3564.7336065573772,주거 유출·귀가형,61045.4631147541,0.014920752760657486,0.058394734426968666
화곡,20-21시간대,15,629.7459016393443,2074.7581967213114,0.0,0.0,0.0,0.0,주거 유출·귀가형,61045.4631147541,0.010316014811052205,0.033987098972795934
화곡,21-22시간대,16,522.6926229508197,1868.1803278688524,0.0,0.0,0.0,0.0,주거 유출·귀가형,61045.4631147541,0.008562350030308639,0.03060309861777969
화곡,22-23시간대,17,391.37704918032784,1612.155737704918,0.0,0.0,0.0,0.0,주거 유출·귀가형,61045.4631147541,0.006411238922778125,0.026409099963323492
화곡,23-24시간대,18,171.9672131147541,995.0368852459017,0.0,0.0,0.0,0.0,주거 유출·귀가형,61045.4631147541,0.0028170351135102007,0.01629993179633051
화곡,24시이후,19,40.02459016393443,349.0860655737705,0.0,0.0,0.0,0.0,주거 유출·귀가형,61045.4631147541,0.0006556521667907679,0.005718460435258779
화랑대(서울여대입구),06시이전,0,268.3606557377049,48.59836065573771,0.0,0.0,0.0,0.0,주거 유출·귀가형,24152.70491803279,0.011110997987531518,0.00201212911020386
화랑대(서울여대입구),06-07시간대,1,966.5245901639345,165.49180327868854,0.0,0.0,0.0,0.0,주거 유출·귀가형,24152.70491803279,0.04001724003352983,0.006851895215890695
화랑대(서울여대입구),07-08시간대,2,2522.7622950819673,356.8975409836066,2522.7622950819673,356.8975409836066,0.0,0.0,주거 유출·귀가형,24152.70491803279,0.10445050786831057,0.014776711022422225
화랑대(서울여대입구),08-09시간대,3,2258.2868852459014,749.2090163934427,2258.2868852459014,749.2090163934427,0.0,0.0,주거 유출·귀가형,24152.70491803279,0.09350037161095895,0.031019673321726855
화랑대(서울여대입구),09-10시간대,4,1039.5532786885246,457.9918032786885,1039.5532786885246,457.9918032786885,0.0,0.0,주거 유출·귀가형,24152.70491803279,0.04304086363065604,0.018962340029118008
화랑대(서울여대입구),10-11시간대,5,594.3934426229508,320.75409836065575,0.0,0.0,0.0,0.0,주거 유출·귀가형,24152.70491803279,0.024609808493092106,0.013280255749788741
화랑대(서울여대입구),11-12시간대,6,525.7745901639345,361.62295081967216,0.0,0.0,0.0,0.0,주거 유출·귀가형,24152.70491803279,0.021768766353427477,0.014972358253326682
화랑대(서울여대입구),12-13시간대,7,533.7090163934427,317.4344262295082,0.0,0.0,0.0,0.0,주거 유출·귀가형,24152.70491803279,0.0220972772285628,0.013142810600584394
화랑대(서울여대입구),13-14시간대,8,563.5819672131148,361.02868852459017,0.0,0.0,0.0,0.0,주거 유출·귀가형,24152.70491803279,0.023334113886032518,0.014947753874765409
화랑대(서울여대입구),14-15시간대,9,500.7745901639344,347.8688524590164,0.0,0.0,0.0,0.0,주거 유출·귀가형,24152.70491803279,0.02073368560016018,0.014402894153660284
화랑대(서울여대입구),15-16시간대,10,586.6024590163935,473.6311475409836,0.0,0.0,0.0,0.0,주거 유출·귀가형,24152.70491803279,0.024287236605885366,0.01960985939870292
화랑대(서울여대입구),16-17시간대,11,739.6434426229508,598.4180327868852,0.0,0.0,0.0,0.0,주거 유출·귀가형,24152.70491803279,0.030623627669575073,0.0247764395258312
화랑대(서울여대입구),17-18시간대,12,738.594262295082,947.1516393442623,0.0,0.0,738.594262295082,947.1516393442623,주거 유출·귀가형,24152.70491803279,0.030580188215011725,0.03921513729243237
화랑대(서울여대입구),18-19시간대,13,610.5532786885246,1572.299180327869,0.0,0.0,610.5532786885246,1572.299180327869,주거 유출·귀가형,24152.70491803279,0.02527887790458931,0.06509826479741264
화랑대(서울여대입구),19-20시간대,14,295.5409836065574,1296.311475409836,0.0,0.0,295.5409836065574,1296.311475409836,주거 유출·귀가형,24152.70491803279,0.01223635135731327,0.053671482337449894
화랑대(서울여대입구),20-21시간대,15,206.1762295081967,726.9590163934427,0.0,0.0,0.0,0.0,주거 유출·귀가형,24152.70491803279,0.00853636187780617,0.030098451451318963
화랑대(서울여대입구),21-22시간대,16,172.50819672131146,633.2377049180328,0.0,0.0,0.0,0.0,주거 유출·귀가형,24152.70491803279,0.007142396568283089,0.026218086424152336
화랑대(서울여대입구),22-23시간대,17,128.09426229508196,577.4180327868852,0.0,0.0,0.0,0.0,주거 유출·귀가형,24152.70491803279,0.005303516220224459,0.023906971693086674
화랑대(서울여대입구),23-24시간대,18,48.618852459016395,366.9467213114754,0.0,0.0,0.0,0.0,주거 유출·귀가형,24152.70491803279,0.0020129775370508005,0.015192779548161797
화랑대(서울여대입구),24시이후,19,8.868852459016393,164.5122950819672,0.0,0.0,0.0,0.0,주거 유출·귀가형,24152.70491803279,0.00036719913935580643,0.006811340412606943
회현(남대문시장),06시이전,0,58.040983606557376,31.96311475409836,0.0,0.0,0.0,0.0,업무 유입형,63522.389344262294,0.0009137090749531129,0.0005031787230305979
회현(남대문시장),06-07시간대,1,132.55327868852459,984.25,0.0,0.0,0.0,0.0,업무 유입형,63522.389344262294,0.002086717455953151,0.015494536810726926
회현(남대문시장),07-08시간대,2,206.86885245901638,2547.4262295081967,206.86885245901638,2547.4262295081967,0.0,0.0,업무 유입형,63522.389344262294,0.003256628955467683,0.04010280872311512
회현(남대문시장),08-09시간대,3,355.9590163934426,6882.061475409836,355.9590163934426,6882.061475409836,0.0,0.0,업무 유입형,63522.389344262294,0.005603678011296262,0.10834072122369659
회현(남대문시장),09-10시간대,4,508.99590163934425,4058.311475409836,508.99590163934425,4058.311475409836,0.0,0.0,업무 유입형,63522.389344262294,0.008012858251927825,0.06388789082563699
회현(남대문시장),10-11시간대,5,721.6475409836065,3094.811475409836,0.0,0.0,0.0,0.0,업무 유입형,63522.389344262294,0.011360522619396556,0.04872001049326677
회현(남대문시장),11-12시간대,6,1141.7704918032787,2798.532786885246,0.0,0.0,0.0,0.0,업무 유입형,63522.389344262294,0.017974300141882334,0.044055848902636176
회현(남대문시장),12-13시간대,7,1479.827868852459,2235.2049180327867,0.0,0.0,0.0,0.0,업무 유입형,63522.389344262294,0.023296161937997464,0.0351876706954299
회현(남대문시장),13-14시간대,8,1881.110655737705,1965.717213114754,0.0,0.0,0.0,0.0,업무 유입형,63522.389344262294,0.029613348539881672,0.030945265652106785
회현(남대문시장),14-15시간대,9,2335.9221311475408,1799.9303278688524,0.0,0.0,0.0,0.0,업무 유입형,63522.389344262294,0.036773209497645176,0.028335368780195803
회현(남대문시장),15-16시간대,10,2773.2131147540986,1490.3934426229507,0.0,0.0,0.0,0.0,업무 유입형,63522.389344262294,0.043657254448105726,0.023462490281114898
회현(남대문시장),16-17시간대,11,3406.8032786885246,1164.0860655737704,0.0,0.0,0.0,0.0,업무 유입형,63522.389344262294,0.05363153549255223,0.01832560263539453
회현(남대문시장),17-18시간대,12,4499.204918032787,986.5081967213115,0.0,0.0,4499.204918032787,986.5081967213115,업무 유입형,63522.389344262294,0.07082864741830087,0.015530086429445976
회현(남대문시장),18-19시간대,13,5442.643442622951,893.7540983606557,0.0,0.0,5442.643442622951,893.7540983606557,업무 유입형,63522.389344262294,0.08568071035751368,0.014069906809029448
회현(남대문시장),19-20시간대,14,2436.1147540983607,519.8770491803278,0.0,0.0,2436.1147540983607,519.8770491803278,업무 유입형,63522.389344262294,0.03835048994923244,0.008184154509094928
회현(남대문시장),20-21시간대,15,2018.7090163934427,291.89344262295083,0.0,0.0,0.0,0.0,업무 유입형,63522.389344262294,0.03177948810226522,0.0045951269408495
회현(남대문시장),21-22시간대,16,929.3155737704918,267.8360655737705,0.0,0.0,0.0,0.0,업무 유입형,63522.389344262294,0.014629732655899112,0.004216404142517712
회현(남대문시장),22-23시간대,17,532.7827868852459,222.36065573770492,0.0,0.0,0.0,0.0,업무 유입형,63522.389344262294,0.00838732283821704,0.003500508372451355
회현(남대문시장),23-24시간대,18,195.15983606557376,137.97131147540983,0.0,0.0,0.0,0.0,업무 유입형,63522.389344262294,0.003072299988715738,0.0021720107335331555
회현(남대문시장),24시이후,19,34.83606557377049,58.02049180327869,0.0,0.0,0.0,0.0,업무 유입형,63522.389344262294,0.0005484060963918556,0.000913386483131706
효창공원앞,06시이전,0,89.93852459016394,25.12704918032787,0.0,0.0,0.0,0.0,혼합형,16574.897540983606,0.005426188871923893,0.0015159701058904255
효창공원앞,06-07시간대,1,242.25409836065575,161.05327868852459,0.0,0.0,0.0,0.0,혼합형,16574.897540983606,0.01461572222462617,0.009716698295739038
효창공원앞,07-08시간대,2,803.561475409836,322.03688524590166,803.561475409836,322.03688524590166,0.0,0.0,혼합형,16574.897540983606,0.048480630026395334,0.01942919311866775
효창공원앞,08-09시간대,3,1233.6680327868853,1145.8565573770493,1233.6680327868853,1145.8565573770493,0.0,0.0,혼합형,16574.897540983606,0.07442990400009891,0.06913204468044336
효창공원앞,09-10시간대,4,632.077868852459,570.1680327868852,632.077868852459,570.1680327868852,0.0,0.0,혼합형,16574.897540983606,0.038134647124639154,0.03439949063800063
효창공원앞,10-11시간대,5,367.6967213114754,381.7418032786885,0.0,0.0,0.0,0.0,혼합형,16574.897540983606,0.022183951388073265,0.023031322054014626
효창공원앞,11-12시간대,6,322.0532786885246,329.2909836065574,0.0,0.0,0.0,0.0,혼합형,16574.897540983606,0.019430182171093706,0.019866848817155117
효창공원앞,12-13시간대,7,358.0,319.02868852459017,0.0,0.0,0.0,0.0,혼합형,16574.897540983606,0.021598926878117833,0.01924770199850406
효창공원앞,13-14시간대,8,393.4918032786885,335.86475409836066,0.0,0.0,0.0,0.0,혼합형,16574.897540983606,0.023740225380321566,0.020263458839965137
효창공원앞,14-15시간대,9,337.7909836065574,326.10655737704917,0.0,0.0,0.0,0.0,혼합형,16574.897540983606,0.020379672500015458,0.019674725383412354
효창공원앞,15-16시간대,10,396.827868852459,344.7336065573771,0.0,0.0,0.0,0.0,혼합형,16574.897540983606,0.02394149754900446,0.02079853620240958
효창공원앞,16-17시간대,11,528.5901639344262,431.9139344262295,0.0,0.0,0.0,0.0,혼합형,16574.897540983606,0.03189100642265919,0.026058317003665676
효창공원앞,17-18시간대,12,689.0737704918033,548.1229508196722,0.0,0.0,689.0737704918033,548.1229508196722,혼합형,16574.897540983606,0.04157333514659612,0.03306946238819072
효창공원앞,18-19시간대,13,1032.594262295082,884.2868852459017,0.0,0.0,1032.594262295082,884.2868852459017,혼합형,16574.897540983606,0.06229868146948465,0.053350971434929624
효창공원앞,19-20시간대,14,412.2745901639344,583.6844262295082,0.0,0.0,412.2745901639344,583.6844262295082,혼합형,16574.897540983606,0.024873432197365413,0.03521496436320478
효창공원앞,20-21시간대,15,262.2336065573771,364.8606557377049,0.0,0.0,0.0,0.0,혼합형,16574.897540983606,0.015821129868765108,0.022012845318382157
효창공원앞,21-22시간대,16,226.52459016393442,312.8360655737705,0.0,0.0,0.0,0.0,혼합형,16574.897540983606,0.013666726421917403,0.01887408744459761
효창공원앞,22-23시간대,17,176.6844262295082,293.71311475409834,0.0,0.0,0.0,0.0,혼합형,16574.897540983606,0.010659759783892046,0.01772035778971509
효창공원앞,23-24시간대,18,85.6639344262295,186.2172131147541,0.0,0.0,0.0,0.0,혼합형,16574.897540983606,0.005168293451854782,0.011234893769587874
효창공원앞,24시이후,19,23.938524590163933,93.31557377049181,0.0,0.0,0.0,0.0,혼합형,16574.897540983606,0.0014442638050083142,0.005629933671671685
